2026-09-12T20:08:22.737741Z  INFO differential_fuzzer: Starting differential_fuzzer with config: SimConfig { seed: 54321, num_tables: 2, columns_per_table: 5, num_statements: 1000, verbose: false, keep_files: true, generator: SqlGen, coverage: true, tree_mode: Simplified, mvcc: false, window_function_probability: 0.0, recursive_cte_focus: false, weight_profile: CorrelatedSubqueries, max_subquery_depth: Some(4) }
2026-09-12T20:08:22.758048Z  INFO differential_fuzzer::runner: Attached ':memory:' AS aux on both connections
2026-09-12T20:08:22.758200Z  INFO differential_fuzzer::runner: Starting simulation with seed=54321, tables=2, statements=1000, generator=SqlGen
2026-09-12T20:08:22.758634Z  INFO differential_fuzzer::generate: Statement weight profile CorrelatedSubqueries: StmtWeights { select: 80, insert: 8, update: 8, delete: 4, create_table: 2, drop_table: 1, alter_table: 1, create_index: 1, drop_index: 1, pragma_foreign_key_list: 1, create_trigger: 1, drop_trigger: 1, begin: 0, commit: 0, rollback: 0, create_view: 0, drop_view: 0, vacuum: 0, reindex: 0, analyze: 0, savepoint: 0, release: 0 }
2026-09-12T20:08:22.799687Z TRACE logical_optimizer: applied logical rule rule="PullDependentFilter"
2026-09-12T20:08:22.799875Z DEBUG logical_optimizer: applied=1 dependent_filters_pulled=1 visited=5 exhausted=false
2026-09-12T20:08:22.800388Z TRACE logical_optimizer: applied logical rule rule="PullDependentFilter"
2026-09-12T20:08:22.800503Z DEBUG logical_optimizer: applied=1 dependent_filters_pulled=1 visited=5 exhausted=false
2026-09-12T20:08:22.800973Z TRACE logical_optimizer: applied logical rule rule="PullDependentFilter"
2026-09-12T20:08:22.801085Z DEBUG logical_optimizer: applied=1 dependent_filters_pulled=1 visited=5 exhausted=false
2026-09-12T20:08:22.801660Z TRACE logical_optimizer: applied logical rule rule="PullDependentFilter"
2026-09-12T20:08:22.801765Z DEBUG logical_optimizer: applied=1 dependent_filters_pulled=1 visited=5 exhausted=false
2026-09-12T20:08:22.817126Z TRACE logical_optimizer: applied logical rule rule="PullDependentFilter"
2026-09-12T20:08:22.817330Z DEBUG logical_optimizer: applied=1 dependent_filters_pulled=1 visited=5 exhausted=false
2026-09-12T20:08:22.817686Z TRACE logical_optimizer: applied logical rule rule="PullDependentFilter"
2026-09-12T20:08:22.817806Z DEBUG logical_optimizer: applied=1 dependent_filters_pulled=1 visited=5 exhausted=false
2026-09-12T20:08:22.818216Z TRACE logical_optimizer: applied logical rule rule="PullDependentFilter"
2026-09-12T20:08:22.818332Z DEBUG logical_optimizer: applied=1 dependent_filters_pulled=1 visited=5 exhausted=false
2026-09-12T20:08:22.818828Z TRACE logical_optimizer: applied logical rule rule="PullDependentFilter"
2026-09-12T20:08:22.818934Z DEBUG logical_optimizer: applied=1 dependent_filters_pulled=1 visited=5 exhausted=false
2026-09-12T20:08:22.821859Z TRACE logical_optimizer: applied logical rule rule="PullDependentFilter"
2026-09-12T20:08:22.821966Z DEBUG logical_optimizer: applied=1 dependent_filters_pulled=1 visited=5 exhausted=false
2026-09-12T20:08:22.822313Z TRACE logical_optimizer: applied logical rule rule="PullDependentFilter"
2026-09-12T20:08:22.822429Z DEBUG logical_optimizer: applied=1 dependent_filters_pulled=1 visited=5 exhausted=false
2026-09-12T20:08:22.822812Z TRACE logical_optimizer: applied logical rule rule="PullDependentFilter"
2026-09-12T20:08:22.822920Z DEBUG logical_optimizer: applied=1 dependent_filters_pulled=1 visited=5 exhausted=false
2026-09-12T20:08:22.823426Z TRACE logical_optimizer: applied logical rule rule="PullDependentFilter"
2026-09-12T20:08:22.823526Z DEBUG logical_optimizer: applied=1 dependent_filters_pulled=1 visited=5 exhausted=false
2026-09-12T20:08:22.836702Z TRACE logical_optimizer: applied logical rule rule="PullDependentFilter"
2026-09-12T20:08:22.836911Z DEBUG logical_optimizer: applied=1 dependent_filters_pulled=1 visited=5 exhausted=false
2026-09-12T20:08:22.837432Z TRACE logical_optimizer: applied logical rule rule="PullDependentFilter"
2026-09-12T20:08:22.837552Z DEBUG logical_optimizer: applied=1 dependent_filters_pulled=1 visited=5 exhausted=false
2026-09-12T20:08:22.838060Z TRACE logical_optimizer: applied logical rule rule="PullDependentFilter"
2026-09-12T20:08:22.838163Z DEBUG logical_optimizer: applied=1 dependent_filters_pulled=1 visited=5 exhausted=false
2026-09-12T20:08:22.838753Z TRACE logical_optimizer: applied logical rule rule="PullDependentFilter"
2026-09-12T20:08:22.838861Z DEBUG logical_optimizer: applied=1 dependent_filters_pulled=1 visited=5 exhausted=false
2026-09-12T20:08:22.841788Z TRACE logical_optimizer: applied logical rule rule="PullDependentFilter"
2026-09-12T20:08:22.841908Z DEBUG logical_optimizer: applied=1 dependent_filters_pulled=1 visited=5 exhausted=false
2026-09-12T20:08:22.842349Z TRACE logical_optimizer: applied logical rule rule="PullDependentFilter"
2026-09-12T20:08:22.842459Z DEBUG logical_optimizer: applied=1 dependent_filters_pulled=1 visited=5 exhausted=false
2026-09-12T20:08:22.843009Z TRACE logical_optimizer: applied logical rule rule="PullDependentFilter"
2026-09-12T20:08:22.843117Z DEBUG logical_optimizer: applied=1 dependent_filters_pulled=1 visited=5 exhausted=false
2026-09-12T20:08:22.843654Z TRACE logical_optimizer: applied logical rule rule="PullDependentFilter"
2026-09-12T20:08:22.843754Z DEBUG logical_optimizer: applied=1 dependent_filters_pulled=1 visited=5 exhausted=false
2026-09-12T20:08:22.850266Z TRACE logical_optimizer: applied logical rule rule="PullDependentFilter"
2026-09-12T20:08:22.850403Z DEBUG logical_optimizer: applied=1 dependent_filters_pulled=1 visited=5 exhausted=false
2026-09-12T20:08:22.850859Z TRACE logical_optimizer: applied logical rule rule="PullDependentFilter"
2026-09-12T20:08:22.850963Z DEBUG logical_optimizer: applied=1 dependent_filters_pulled=1 visited=5 exhausted=false
2026-09-12T20:08:22.851422Z TRACE logical_optimizer: applied logical rule rule="PullDependentFilter"
2026-09-12T20:08:22.851519Z DEBUG logical_optimizer: applied=1 dependent_filters_pulled=1 visited=5 exhausted=false
2026-09-12T20:08:22.852054Z TRACE logical_optimizer: applied logical rule rule="PullDependentFilter"
2026-09-12T20:08:22.852155Z DEBUG logical_optimizer: applied=1 dependent_filters_pulled=1 visited=5 exhausted=false
2026-09-12T20:08:22.861256Z TRACE logical_optimizer: applied logical rule rule="PullDependentFilter"
2026-09-12T20:08:22.861347Z DEBUG logical_optimizer: applied=1 dependent_filters_pulled=1 visited=5 exhausted=false
2026-09-12T20:08:22.861782Z TRACE logical_optimizer: applied logical rule rule="PullDependentFilter"
2026-09-12T20:08:22.861854Z DEBUG logical_optimizer: applied=1 dependent_filters_pulled=1 visited=5 exhausted=false
2026-09-12T20:08:22.862274Z TRACE logical_optimizer: applied logical rule rule="PullDependentFilter"
2026-09-12T20:08:22.862350Z DEBUG logical_optimizer: applied=1 dependent_filters_pulled=1 visited=5 exhausted=false
2026-09-12T20:08:22.862902Z TRACE logical_optimizer: applied logical rule rule="PullDependentFilter"
2026-09-12T20:08:22.862994Z DEBUG logical_optimizer: applied=1 dependent_filters_pulled=1 visited=5 exhausted=false
2026-09-12T20:08:22.864608Z TRACE logical_optimizer: applied logical rule rule="PullDependentFilter"
2026-09-12T20:08:22.864718Z DEBUG logical_optimizer: applied=1 dependent_filters_pulled=1 visited=5 exhausted=false
2026-09-12T20:08:22.865155Z TRACE logical_optimizer: applied logical rule rule="PullDependentFilter"
2026-09-12T20:08:22.865258Z DEBUG logical_optimizer: applied=1 dependent_filters_pulled=1 visited=5 exhausted=false
2026-09-12T20:08:22.865927Z TRACE logical_optimizer: applied logical rule rule="PullDependentFilter"
2026-09-12T20:08:22.866026Z DEBUG logical_optimizer: applied=1 dependent_filters_pulled=1 visited=5 exhausted=false
2026-09-12T20:08:22.866646Z TRACE logical_optimizer: applied logical rule rule="PullDependentFilter"
2026-09-12T20:08:22.866754Z DEBUG logical_optimizer: applied=1 dependent_filters_pulled=1 visited=5 exhausted=false
2026-09-12T20:08:22.892955Z TRACE logical_optimizer: applied logical rule rule="PullDependentFilter"
2026-09-12T20:08:22.893074Z DEBUG logical_optimizer: applied=1 dependent_filters_pulled=1 visited=6 exhausted=false
2026-09-12T20:08:22.894167Z TRACE logical_optimizer: applied logical rule rule="PullDependentFilter"
2026-09-12T20:08:22.894267Z DEBUG logical_optimizer: applied=1 dependent_filters_pulled=1 visited=6 exhausted=false
2026-09-12T20:08:22.895454Z TRACE logical_optimizer: applied logical rule rule="PullDependentFilter"
2026-09-12T20:08:22.895562Z DEBUG logical_optimizer: applied=1 dependent_filters_pulled=1 visited=6 exhausted=false
2026-09-12T20:08:22.896953Z TRACE logical_optimizer: applied logical rule rule="PullDependentFilter"
2026-09-12T20:08:22.897044Z DEBUG logical_optimizer: applied=1 dependent_filters_pulled=1 visited=6 exhausted=false
2026-09-12T20:08:22.913722Z TRACE logical_optimizer: applied logical rule rule="PullDependentFilter"
2026-09-12T20:08:22.913839Z DEBUG logical_optimizer: applied=1 dependent_filters_pulled=1 visited=6 exhausted=false
2026-09-12T20:08:22.914481Z TRACE logical_optimizer: applied logical rule rule="PullDependentFilter"
2026-09-12T20:08:22.914587Z DEBUG logical_optimizer: applied=1 dependent_filters_pulled=1 visited=6 exhausted=false
2026-09-12T20:08:22.915580Z TRACE logical_optimizer: applied logical rule rule="PullDependentFilter"
2026-09-12T20:08:22.915678Z DEBUG logical_optimizer: applied=1 dependent_filters_pulled=1 visited=5 exhausted=false
2026-09-12T20:08:22.916448Z TRACE logical_optimizer: applied logical rule rule="PullDependentFilter"
2026-09-12T20:08:22.916538Z DEBUG logical_optimizer: applied=1 dependent_filters_pulled=1 visited=5 exhausted=false
2026-09-12T20:08:22.917320Z TRACE logical_optimizer: applied logical rule rule="PullDependentFilter"
2026-09-12T20:08:22.917415Z DEBUG logical_optimizer: applied=1 dependent_filters_pulled=1 visited=5 exhausted=false
2026-09-12T20:08:22.918391Z TRACE logical_optimizer: applied logical rule rule="PullDependentFilter"
2026-09-12T20:08:22.918475Z DEBUG logical_optimizer: applied=1 dependent_filters_pulled=1 visited=5 exhausted=false
2026-09-12T20:08:22.921793Z TRACE logical_optimizer: applied logical rule rule="PullDependentFilter"
2026-09-12T20:08:22.921891Z DEBUG logical_optimizer: applied=1 dependent_filters_pulled=1 visited=6 exhausted=false
2026-09-12T20:08:22.922554Z TRACE logical_optimizer: applied logical rule rule="PullDependentFilter"
2026-09-12T20:08:22.922650Z DEBUG logical_optimizer: applied=1 dependent_filters_pulled=1 visited=6 exhausted=false
2026-09-12T20:08:22.923269Z TRACE logical_optimizer: applied logical rule rule="PullDependentFilter"
2026-09-12T20:08:22.923342Z DEBUG logical_optimizer: applied=1 dependent_filters_pulled=1 visited=6 exhausted=false
2026-09-12T20:08:22.924056Z TRACE logical_optimizer: applied logical rule rule="PullDependentFilter"
2026-09-12T20:08:22.924133Z DEBUG logical_optimizer: applied=1 dependent_filters_pulled=1 visited=6 exhausted=false
2026-09-12T20:08:22.952030Z TRACE logical_optimizer: applied logical rule rule="PullDependentFilter"
2026-09-12T20:08:22.952203Z DEBUG logical_optimizer: applied=1 dependent_filters_pulled=1 visited=5 exhausted=false
2026-09-12T20:08:22.952966Z TRACE logical_optimizer: applied logical rule rule="PullDependentFilter"
2026-09-12T20:08:22.953115Z DEBUG logical_optimizer: applied=1 dependent_filters_pulled=1 visited=5 exhausted=false
2026-09-12T20:08:22.953777Z TRACE logical_optimizer: applied logical rule rule="PullDependentFilter"
2026-09-12T20:08:22.953889Z DEBUG logical_optimizer: applied=1 dependent_filters_pulled=1 visited=5 exhausted=false
2026-09-12T20:08:22.954894Z TRACE logical_optimizer: applied logical rule rule="PullDependentFilter"
2026-09-12T20:08:22.955010Z DEBUG logical_optimizer: applied=1 dependent_filters_pulled=1 visited=5 exhausted=false
2026-09-12T20:08:22.956152Z TRACE logical_optimizer: applied logical rule rule="PullDependentFilter"
2026-09-12T20:08:22.956268Z DEBUG logical_optimizer: applied=1 dependent_filters_pulled=1 visited=5 exhausted=false
2026-09-12T20:08:22.956808Z TRACE logical_optimizer: applied logical rule rule="PullDependentFilter"
2026-09-12T20:08:22.956922Z DEBUG logical_optimizer: applied=1 dependent_filters_pulled=1 visited=5 exhausted=false
2026-09-12T20:08:22.957439Z TRACE logical_optimizer: applied logical rule rule="PullDependentFilter"
2026-09-12T20:08:22.957544Z DEBUG logical_optimizer: applied=1 dependent_filters_pulled=1 visited=5 exhausted=false
2026-09-12T20:08:22.958190Z TRACE logical_optimizer: applied logical rule rule="PullDependentFilter"
2026-09-12T20:08:22.958296Z DEBUG logical_optimizer: applied=1 dependent_filters_pulled=1 visited=5 exhausted=false
2026-09-12T20:08:22.971286Z TRACE logical_optimizer: applied logical rule rule="PullDependentFilter"
2026-09-12T20:08:22.971451Z DEBUG logical_optimizer: applied=1 dependent_filters_pulled=1 visited=5 exhausted=false
2026-09-12T20:08:22.972152Z TRACE logical_optimizer: applied logical rule rule="PullDependentFilter"
2026-09-12T20:08:22.972252Z DEBUG logical_optimizer: applied=1 dependent_filters_pulled=1 visited=5 exhausted=false
2026-09-12T20:08:22.973346Z TRACE logical_optimizer: applied logical rule rule="PullDependentFilter"
2026-09-12T20:08:22.973456Z DEBUG logical_optimizer: applied=1 dependent_filters_pulled=1 visited=5 exhausted=false
2026-09-12T20:08:22.973905Z TRACE logical_optimizer: applied logical rule rule="PullDependentFilter"
2026-09-12T20:08:22.974013Z DEBUG logical_optimizer: applied=1 dependent_filters_pulled=1 visited=5 exhausted=false
2026-09-12T20:08:22.974433Z TRACE logical_optimizer: applied logical rule rule="PullDependentFilter"
2026-09-12T20:08:22.974537Z DEBUG logical_optimizer: applied=1 dependent_filters_pulled=1 visited=5 exhausted=false
2026-09-12T20:08:22.975209Z TRACE logical_optimizer: applied logical rule rule="PullDependentFilter"
2026-09-12T20:08:22.975320Z DEBUG logical_optimizer: applied=1 dependent_filters_pulled=1 visited=5 exhausted=false
2026-09-12T20:08:22.981983Z TRACE logical_optimizer: applied logical rule rule="PullDependentFilter"
2026-09-12T20:08:22.982136Z DEBUG logical_optimizer: applied=1 dependent_filters_pulled=1 visited=5 exhausted=false
2026-09-12T20:08:22.982604Z TRACE logical_optimizer: applied logical rule rule="PullDependentFilter"
2026-09-12T20:08:22.982708Z DEBUG logical_optimizer: applied=1 dependent_filters_pulled=1 visited=5 exhausted=false
2026-09-12T20:08:22.983368Z TRACE logical_optimizer: applied logical rule rule="PullDependentFilter"
2026-09-12T20:08:22.983473Z DEBUG logical_optimizer: applied=1 dependent_filters_pulled=1 visited=5 exhausted=false
2026-09-12T20:08:22.984080Z TRACE logical_optimizer: applied logical rule rule="PullDependentFilter"
2026-09-12T20:08:22.984177Z DEBUG logical_optimizer: applied=1 dependent_filters_pulled=1 visited=5 exhausted=false
2026-09-12T20:08:22.985926Z TRACE logical_optimizer: applied logical rule rule="PullDependentFilter"
2026-09-12T20:08:22.986042Z DEBUG logical_optimizer: applied=1 dependent_filters_pulled=1 visited=5 exhausted=false
2026-09-12T20:08:22.986539Z TRACE logical_optimizer: applied logical rule rule="PullDependentFilter"
2026-09-12T20:08:22.986650Z DEBUG logical_optimizer: applied=1 dependent_filters_pulled=1 visited=5 exhausted=false
2026-09-12T20:08:22.987348Z TRACE logical_optimizer: applied logical rule rule="PullDependentFilter"
2026-09-12T20:08:22.987463Z DEBUG logical_optimizer: applied=1 dependent_filters_pulled=1 visited=5 exhausted=false
2026-09-12T20:08:22.988096Z TRACE logical_optimizer: applied logical rule rule="PullDependentFilter"
2026-09-12T20:08:22.988202Z DEBUG logical_optimizer: applied=1 dependent_filters_pulled=1 visited=5 exhausted=false
2026-09-12T20:08:23.006100Z TRACE logical_optimizer: applied logical rule rule="PullDependentFilter"
2026-09-12T20:08:23.006318Z DEBUG logical_optimizer: applied=1 dependent_filters_pulled=1 visited=5 exhausted=false
2026-09-12T20:08:23.006784Z TRACE logical_optimizer: applied logical rule rule="PullDependentFilter"
2026-09-12T20:08:23.006905Z DEBUG logical_optimizer: applied=1 dependent_filters_pulled=1 visited=5 exhausted=false
2026-09-12T20:08:23.007490Z TRACE logical_optimizer: applied logical rule rule="PullDependentFilter"
2026-09-12T20:08:23.007646Z DEBUG logical_optimizer: applied=1 dependent_filters_pulled=1 visited=5 exhausted=false
2026-09-12T20:08:23.008213Z TRACE logical_optimizer: applied logical rule rule="PullDependentFilter"
2026-09-12T20:08:23.008319Z DEBUG logical_optimizer: applied=1 dependent_filters_pulled=1 visited=5 exhausted=false
2026-09-12T20:08:23.093672Z TRACE logical_optimizer: applied logical rule rule="PullDependentFilter"
2026-09-12T20:08:23.093839Z DEBUG logical_optimizer: applied=1 dependent_filters_pulled=1 visited=6 exhausted=false
2026-09-12T20:08:23.097387Z TRACE logical_optimizer: applied logical rule rule="PullDependentFilter"
2026-09-12T20:08:23.097503Z DEBUG logical_optimizer: applied=1 dependent_filters_pulled=1 visited=6 exhausted=false
2026-09-12T20:08:23.099262Z TRACE logical_optimizer: applied logical rule rule="PullDependentFilter"
2026-09-12T20:08:23.099374Z DEBUG logical_optimizer: applied=1 dependent_filters_pulled=1 visited=5 exhausted=false
2026-09-12T20:08:23.099837Z TRACE logical_optimizer: applied logical rule rule="PullDependentFilter"
2026-09-12T20:08:23.099946Z DEBUG logical_optimizer: applied=1 dependent_filters_pulled=1 visited=5 exhausted=false
2026-09-12T20:08:23.100458Z TRACE logical_optimizer: applied logical rule rule="PullDependentFilter"
2026-09-12T20:08:23.100554Z DEBUG logical_optimizer: applied=1 dependent_filters_pulled=1 visited=5 exhausted=false
2026-09-12T20:08:23.101146Z TRACE logical_optimizer: applied logical rule rule="PullDependentFilter"
2026-09-12T20:08:23.101249Z DEBUG logical_optimizer: applied=1 dependent_filters_pulled=1 visited=5 exhausted=false
2026-09-12T20:08:23.112767Z TRACE logical_optimizer: applied logical rule rule="PullDependentFilter"
2026-09-12T20:08:23.112943Z DEBUG logical_optimizer: applied=1 dependent_filters_pulled=1 visited=5 exhausted=false
2026-09-12T20:08:23.113356Z TRACE logical_optimizer: applied logical rule rule="PullDependentFilter"
2026-09-12T20:08:23.113464Z DEBUG logical_optimizer: applied=1 dependent_filters_pulled=1 visited=5 exhausted=false
2026-09-12T20:08:23.113826Z TRACE logical_optimizer: applied logical rule rule="PullDependentFilter"
2026-09-12T20:08:23.113927Z DEBUG logical_optimizer: applied=1 dependent_filters_pulled=1 visited=5 exhausted=false
2026-09-12T20:08:23.114498Z TRACE logical_optimizer: applied logical rule rule="PullDependentFilter"
2026-09-12T20:08:23.114594Z DEBUG logical_optimizer: applied=1 dependent_filters_pulled=1 visited=5 exhausted=false
2026-09-12T20:08:23.125028Z TRACE logical_optimizer: applied logical rule rule="PullDependentFilter"
2026-09-12T20:08:23.125178Z DEBUG logical_optimizer: applied=1 dependent_filters_pulled=1 visited=6 exhausted=false
2026-09-12T20:08:23.125658Z TRACE logical_optimizer: applied logical rule rule="PullDependentFilter"
2026-09-12T20:08:23.125761Z DEBUG logical_optimizer: applied=1 dependent_filters_pulled=1 visited=6 exhausted=false
2026-09-12T20:08:23.131149Z TRACE logical_optimizer: applied logical rule rule="PullDependentFilter"
2026-09-12T20:08:23.131268Z DEBUG logical_optimizer: applied=1 dependent_filters_pulled=1 visited=5 exhausted=false
2026-09-12T20:08:23.131673Z TRACE logical_optimizer: applied logical rule rule="PullDependentFilter"
2026-09-12T20:08:23.131775Z DEBUG logical_optimizer: applied=1 dependent_filters_pulled=1 visited=5 exhausted=false
2026-09-12T20:08:23.132156Z TRACE logical_optimizer: applied logical rule rule="PullDependentFilter"
2026-09-12T20:08:23.132251Z DEBUG logical_optimizer: applied=1 dependent_filters_pulled=1 visited=5 exhausted=false
2026-09-12T20:08:23.132771Z TRACE logical_optimizer: applied logical rule rule="PullDependentFilter"
2026-09-12T20:08:23.132875Z DEBUG logical_optimizer: applied=1 dependent_filters_pulled=1 visited=5 exhausted=false
2026-09-12T20:08:23.133521Z TRACE logical_optimizer: applied logical rule rule="PullDependentFilter"
2026-09-12T20:08:23.133619Z DEBUG logical_optimizer: applied=1 dependent_filters_pulled=1 visited=5 exhausted=false
2026-09-12T20:08:23.134004Z TRACE logical_optimizer: applied logical rule rule="PullDependentFilter"
2026-09-12T20:08:23.134152Z DEBUG logical_optimizer: applied=1 dependent_filters_pulled=1 visited=5 exhausted=false
2026-09-12T20:08:23.134573Z TRACE logical_optimizer: applied logical rule rule="PullDependentFilter"
2026-09-12T20:08:23.134669Z DEBUG logical_optimizer: applied=1 dependent_filters_pulled=1 visited=5 exhausted=false
2026-09-12T20:08:23.135172Z TRACE logical_optimizer: applied logical rule rule="PullDependentFilter"
2026-09-12T20:08:23.135267Z DEBUG logical_optimizer: applied=1 dependent_filters_pulled=1 visited=5 exhausted=false
2026-09-12T20:08:23.136290Z TRACE logical_optimizer: applied logical rule rule="PullDependentFilter"
2026-09-12T20:08:23.136392Z DEBUG logical_optimizer: applied=1 dependent_filters_pulled=1 visited=6 exhausted=false
2026-09-12T20:08:23.136961Z TRACE logical_optimizer: applied logical rule rule="PullDependentFilter"
2026-09-12T20:08:23.137071Z DEBUG logical_optimizer: applied=1 dependent_filters_pulled=1 visited=6 exhausted=false
2026-09-12T20:08:23.145765Z TRACE logical_optimizer: applied logical rule rule="PullDependentFilter"
2026-09-12T20:08:23.145896Z DEBUG logical_optimizer: applied=1 dependent_filters_pulled=1 visited=5 exhausted=false
2026-09-12T20:08:23.146361Z TRACE logical_optimizer: applied logical rule rule="PullDependentFilter"
2026-09-12T20:08:23.146469Z DEBUG logical_optimizer: applied=1 dependent_filters_pulled=1 visited=5 exhausted=false
2026-09-12T20:08:23.146803Z TRACE logical_optimizer: applied logical rule rule="PullDependentFilter"
2026-09-12T20:08:23.146908Z DEBUG logical_optimizer: applied=1 dependent_filters_pulled=1 visited=5 exhausted=false
2026-09-12T20:08:23.147394Z TRACE logical_optimizer: applied logical rule rule="PullDependentFilter"
2026-09-12T20:08:23.147498Z DEBUG logical_optimizer: applied=1 dependent_filters_pulled=1 visited=5 exhausted=false
2026-09-12T20:08:23.173136Z TRACE logical_optimizer: applied logical rule rule="PullDependentFilter"
2026-09-12T20:08:23.173315Z DEBUG logical_optimizer: applied=1 dependent_filters_pulled=1 visited=5 exhausted=false
2026-09-12T20:08:23.173775Z TRACE logical_optimizer: applied logical rule rule="PullDependentFilter"
2026-09-12T20:08:23.173884Z DEBUG logical_optimizer: applied=1 dependent_filters_pulled=1 visited=5 exhausted=false
2026-09-12T20:08:23.174265Z TRACE logical_optimizer: applied logical rule rule="PullDependentFilter"
2026-09-12T20:08:23.174371Z DEBUG logical_optimizer: applied=1 dependent_filters_pulled=1 visited=5 exhausted=false
2026-09-12T20:08:23.174974Z TRACE logical_optimizer: applied logical rule rule="PullDependentFilter"
2026-09-12T20:08:23.175087Z DEBUG logical_optimizer: applied=1 dependent_filters_pulled=1 visited=5 exhausted=false
2026-09-12T20:08:23.183719Z TRACE logical_optimizer: applied logical rule rule="PullDependentFilter"
2026-09-12T20:08:23.183877Z DEBUG logical_optimizer: applied=1 dependent_filters_pulled=1 visited=5 exhausted=false
2026-09-12T20:08:23.184417Z TRACE logical_optimizer: applied logical rule rule="PullDependentFilter"
2026-09-12T20:08:23.184548Z DEBUG logical_optimizer: applied=1 dependent_filters_pulled=1 visited=5 exhausted=false
2026-09-12T20:08:23.185170Z TRACE logical_optimizer: applied logical rule rule="PullDependentFilter"
2026-09-12T20:08:23.185308Z DEBUG logical_optimizer: applied=1 dependent_filters_pulled=1 visited=5 exhausted=false
2026-09-12T20:08:23.185982Z TRACE logical_optimizer: applied logical rule rule="PullDependentFilter"
2026-09-12T20:08:23.186099Z DEBUG logical_optimizer: applied=1 dependent_filters_pulled=1 visited=5 exhausted=false
2026-09-12T20:08:23.192849Z TRACE logical_optimizer: applied logical rule rule="PullDependentFilter"
2026-09-12T20:08:23.192980Z DEBUG logical_optimizer: applied=1 dependent_filters_pulled=1 visited=5 exhausted=false
2026-09-12T20:08:23.193437Z TRACE logical_optimizer: applied logical rule rule="PullDependentFilter"
2026-09-12T20:08:23.193547Z DEBUG logical_optimizer: applied=1 dependent_filters_pulled=1 visited=5 exhausted=false
2026-09-12T20:08:23.194040Z TRACE logical_optimizer: applied logical rule rule="PullDependentFilter"
2026-09-12T20:08:23.194198Z DEBUG logical_optimizer: applied=1 dependent_filters_pulled=1 visited=5 exhausted=false
2026-09-12T20:08:23.194726Z TRACE logical_optimizer: applied logical rule rule="PullDependentFilter"
2026-09-12T20:08:23.194832Z DEBUG logical_optimizer: applied=1 dependent_filters_pulled=1 visited=5 exhausted=false
2026-09-12T20:08:23.205326Z TRACE logical_optimizer: applied logical rule rule="PullDependentFilter"
2026-09-12T20:08:23.205478Z DEBUG logical_optimizer: applied=1 dependent_filters_pulled=1 visited=5 exhausted=false
2026-09-12T20:08:23.205935Z TRACE logical_optimizer: applied logical rule rule="PullDependentFilter"
2026-09-12T20:08:23.206052Z DEBUG logical_optimizer: applied=1 dependent_filters_pulled=1 visited=5 exhausted=false
2026-09-12T20:08:23.206676Z TRACE logical_optimizer: applied logical rule rule="PullDependentFilter"
2026-09-12T20:08:23.206780Z DEBUG logical_optimizer: applied=1 dependent_filters_pulled=1 visited=5 exhausted=false
2026-09-12T20:08:23.207349Z TRACE logical_optimizer: applied logical rule rule="PullDependentFilter"
2026-09-12T20:08:23.207449Z DEBUG logical_optimizer: applied=1 dependent_filters_pulled=1 visited=5 exhausted=false
2026-09-12T20:08:23.212593Z TRACE logical_optimizer: applied logical rule rule="PullDependentFilter"
2026-09-12T20:08:23.212721Z DEBUG logical_optimizer: applied=1 dependent_filters_pulled=1 visited=6 exhausted=false
2026-09-12T20:08:23.214079Z TRACE logical_optimizer: applied logical rule rule="PullDependentFilter"
2026-09-12T20:08:23.214198Z DEBUG logical_optimizer: applied=1 dependent_filters_pulled=1 visited=6 exhausted=false
2026-09-12T20:08:23.216654Z TRACE logical_optimizer: applied logical rule rule="PullDependentFilter"
2026-09-12T20:08:23.216775Z DEBUG logical_optimizer: applied=1 dependent_filters_pulled=1 visited=6 exhausted=false
2026-09-12T20:08:23.217411Z TRACE logical_optimizer: applied logical rule rule="PullDependentFilter"
2026-09-12T20:08:23.217517Z DEBUG logical_optimizer: applied=1 dependent_filters_pulled=1 visited=6 exhausted=false
2026-09-12T20:08:23.217998Z TRACE logical_optimizer: applied logical rule rule="PullDependentFilter"
2026-09-12T20:08:23.218120Z DEBUG logical_optimizer: applied=1 dependent_filters_pulled=1 visited=6 exhausted=false
2026-09-12T20:08:23.218914Z TRACE logical_optimizer: applied logical rule rule="PullDependentFilter"
2026-09-12T20:08:23.219018Z DEBUG logical_optimizer: applied=1 dependent_filters_pulled=1 visited=6 exhausted=false
2026-09-12T20:08:23.222103Z TRACE logical_optimizer: applied logical rule rule="PullDependentFilter"
2026-09-12T20:08:23.222240Z DEBUG logical_optimizer: applied=1 dependent_filters_pulled=1 visited=5 exhausted=false
2026-09-12T20:08:23.222809Z TRACE logical_optimizer: applied logical rule rule="PullDependentFilter"
2026-09-12T20:08:23.222916Z DEBUG logical_optimizer: applied=1 dependent_filters_pulled=1 visited=5 exhausted=false
2026-09-12T20:08:23.223394Z TRACE logical_optimizer: applied logical rule rule="PullDependentFilter"
2026-09-12T20:08:23.223497Z DEBUG logical_optimizer: applied=1 dependent_filters_pulled=1 visited=5 exhausted=false
2026-09-12T20:08:23.224202Z TRACE logical_optimizer: applied logical rule rule="PullDependentFilter"
2026-09-12T20:08:23.224304Z DEBUG logical_optimizer: applied=1 dependent_filters_pulled=1 visited=5 exhausted=false
2026-09-12T20:08:23.231594Z TRACE logical_optimizer: applied logical rule rule="PullDependentFilter"
2026-09-12T20:08:23.231746Z DEBUG logical_optimizer: applied=1 dependent_filters_pulled=1 visited=5 exhausted=false
2026-09-12T20:08:23.232233Z TRACE logical_optimizer: applied logical rule rule="PullDependentFilter"
2026-09-12T20:08:23.232340Z DEBUG logical_optimizer: applied=1 dependent_filters_pulled=1 visited=5 exhausted=false
2026-09-12T20:08:23.232748Z TRACE logical_optimizer: applied logical rule rule="PullDependentFilter"
2026-09-12T20:08:23.232850Z DEBUG logical_optimizer: applied=1 dependent_filters_pulled=1 visited=5 exhausted=false
2026-09-12T20:08:23.233461Z TRACE logical_optimizer: applied logical rule rule="PullDependentFilter"
2026-09-12T20:08:23.233618Z DEBUG logical_optimizer: applied=1 dependent_filters_pulled=1 visited=5 exhausted=false
2026-09-12T20:08:23.262148Z TRACE logical_optimizer: applied logical rule rule="PullDependentFilter"
2026-09-12T20:08:23.262346Z DEBUG logical_optimizer: applied=1 dependent_filters_pulled=1 visited=5 exhausted=false
2026-09-12T20:08:23.262786Z TRACE logical_optimizer: applied logical rule rule="PullDependentFilter"
2026-09-12T20:08:23.262892Z DEBUG logical_optimizer: applied=1 dependent_filters_pulled=1 visited=5 exhausted=false
2026-09-12T20:08:23.263291Z TRACE logical_optimizer: applied logical rule rule="PullDependentFilter"
2026-09-12T20:08:23.263400Z DEBUG logical_optimizer: applied=1 dependent_filters_pulled=1 visited=5 exhausted=false
2026-09-12T20:08:23.263978Z TRACE logical_optimizer: applied logical rule rule="PullDependentFilter"
2026-09-12T20:08:23.264084Z DEBUG logical_optimizer: applied=1 dependent_filters_pulled=1 visited=5 exhausted=false
2026-09-12T20:08:23.265901Z TRACE logical_optimizer: applied logical rule rule="PullDependentFilter"
2026-09-12T20:08:23.266013Z DEBUG logical_optimizer: applied=1 dependent_filters_pulled=1 visited=6 exhausted=false
2026-09-12T20:08:23.266947Z TRACE logical_optimizer: applied logical rule rule="PullDependentFilter"
2026-09-12T20:08:23.267062Z DEBUG logical_optimizer: applied=1 dependent_filters_pulled=1 visited=6 exhausted=false
2026-09-12T20:08:23.268440Z TRACE logical_optimizer: applied logical rule rule="PullDependentFilter"
2026-09-12T20:08:23.268544Z DEBUG logical_optimizer: applied=1 dependent_filters_pulled=1 visited=6 exhausted=false
2026-09-12T20:08:23.268988Z TRACE logical_optimizer: applied logical rule rule="PullDependentFilter"
2026-09-12T20:08:23.269112Z DEBUG logical_optimizer: applied=1 dependent_filters_pulled=1 visited=6 exhausted=false
2026-09-12T20:08:23.276807Z TRACE logical_optimizer: applied logical rule rule="PullDependentFilter"
2026-09-12T20:08:23.276923Z DEBUG logical_optimizer: applied=1 dependent_filters_pulled=1 visited=5 exhausted=false
2026-09-12T20:08:23.277322Z TRACE logical_optimizer: applied logical rule rule="PullDependentFilter"
2026-09-12T20:08:23.277428Z DEBUG logical_optimizer: applied=1 dependent_filters_pulled=1 visited=5 exhausted=false
2026-09-12T20:08:23.277757Z TRACE logical_optimizer: applied logical rule rule="PullDependentFilter"
2026-09-12T20:08:23.277860Z DEBUG logical_optimizer: applied=1 dependent_filters_pulled=1 visited=5 exhausted=false
2026-09-12T20:08:23.278381Z TRACE logical_optimizer: applied logical rule rule="PullDependentFilter"
2026-09-12T20:08:23.278489Z DEBUG logical_optimizer: applied=1 dependent_filters_pulled=1 visited=5 exhausted=false
2026-09-12T20:08:23.287436Z TRACE logical_optimizer: applied logical rule rule="PullDependentFilter"
2026-09-12T20:08:23.287566Z DEBUG logical_optimizer: applied=1 dependent_filters_pulled=1 visited=5 exhausted=false
2026-09-12T20:08:23.287981Z TRACE logical_optimizer: applied logical rule rule="PullDependentFilter"
2026-09-12T20:08:23.288098Z DEBUG logical_optimizer: applied=1 dependent_filters_pulled=1 visited=5 exhausted=false
2026-09-12T20:08:23.288467Z TRACE logical_optimizer: applied logical rule rule="PullDependentFilter"
2026-09-12T20:08:23.288570Z DEBUG logical_optimizer: applied=1 dependent_filters_pulled=1 visited=5 exhausted=false
2026-09-12T20:08:23.289165Z TRACE logical_optimizer: applied logical rule rule="PullDependentFilter"
2026-09-12T20:08:23.289261Z DEBUG logical_optimizer: applied=1 dependent_filters_pulled=1 visited=5 exhausted=false
2026-09-12T20:08:23.292358Z TRACE logical_optimizer: applied logical rule rule="PullDependentFilter"
2026-09-12T20:08:23.292470Z DEBUG logical_optimizer: applied=1 dependent_filters_pulled=1 visited=5 exhausted=false
2026-09-12T20:08:23.292866Z TRACE logical_optimizer: applied logical rule rule="PullDependentFilter"
2026-09-12T20:08:23.292969Z DEBUG logical_optimizer: applied=1 dependent_filters_pulled=1 visited=5 exhausted=false
2026-09-12T20:08:23.293445Z TRACE logical_optimizer: applied logical rule rule="PullDependentFilter"
2026-09-12T20:08:23.293551Z DEBUG logical_optimizer: applied=1 dependent_filters_pulled=1 visited=5 exhausted=false
2026-09-12T20:08:23.294193Z TRACE logical_optimizer: applied logical rule rule="PullDependentFilter"
2026-09-12T20:08:23.294295Z DEBUG logical_optimizer: applied=1 dependent_filters_pulled=1 visited=5 exhausted=false
2026-09-12T20:08:23.295923Z TRACE logical_optimizer: applied logical rule rule="PullDependentFilter"
2026-09-12T20:08:23.296051Z DEBUG logical_optimizer: applied=1 dependent_filters_pulled=1 visited=6 exhausted=false
2026-09-12T20:08:23.296469Z TRACE logical_optimizer: applied logical rule rule="PullDependentFilter"
2026-09-12T20:08:23.296577Z DEBUG logical_optimizer: applied=1 dependent_filters_pulled=1 visited=6 exhausted=false
2026-09-12T20:08:23.341571Z TRACE logical_optimizer: applied logical rule rule="PullDependentFilter"
2026-09-12T20:08:23.341768Z DEBUG logical_optimizer: applied=1 dependent_filters_pulled=1 visited=6 exhausted=false
2026-09-12T20:08:23.342247Z TRACE logical_optimizer: applied logical rule rule="PullDependentFilter"
2026-09-12T20:08:23.342379Z DEBUG logical_optimizer: applied=1 dependent_filters_pulled=1 visited=6 exhausted=false
2026-09-12T20:08:23.355011Z TRACE logical_optimizer: applied logical rule rule="PullDependentFilter"
2026-09-12T20:08:23.355129Z DEBUG logical_optimizer: applied=1 dependent_filters_pulled=1 visited=5 exhausted=false
2026-09-12T20:08:23.355548Z TRACE logical_optimizer: applied logical rule rule="PullDependentFilter"
2026-09-12T20:08:23.355639Z DEBUG logical_optimizer: applied=1 dependent_filters_pulled=1 visited=5 exhausted=false
2026-09-12T20:08:23.356010Z TRACE logical_optimizer: applied logical rule rule="PullDependentFilter"
2026-09-12T20:08:23.356107Z DEBUG logical_optimizer: applied=1 dependent_filters_pulled=1 visited=5 exhausted=false
2026-09-12T20:08:23.356721Z TRACE logical_optimizer: applied logical rule rule="PullDependentFilter"
2026-09-12T20:08:23.356823Z DEBUG logical_optimizer: applied=1 dependent_filters_pulled=1 visited=5 exhausted=false
2026-09-12T20:08:23.360775Z TRACE logical_optimizer: applied logical rule rule="PullDependentFilter"
2026-09-12T20:08:23.360906Z DEBUG logical_optimizer: applied=1 dependent_filters_pulled=1 visited=5 exhausted=false
2026-09-12T20:08:23.361333Z TRACE logical_optimizer: applied logical rule rule="PullDependentFilter"
2026-09-12T20:08:23.361435Z DEBUG logical_optimizer: applied=1 dependent_filters_pulled=1 visited=5 exhausted=false
2026-09-12T20:08:23.361881Z TRACE logical_optimizer: applied logical rule rule="PullDependentFilter"
2026-09-12T20:08:23.361996Z DEBUG logical_optimizer: applied=1 dependent_filters_pulled=1 visited=5 exhausted=false
2026-09-12T20:08:23.362624Z TRACE logical_optimizer: applied logical rule rule="PullDependentFilter"
2026-09-12T20:08:23.362736Z DEBUG logical_optimizer: applied=1 dependent_filters_pulled=1 visited=5 exhausted=false
2026-09-12T20:08:23.363527Z TRACE logical_optimizer: applied logical rule rule="PullDependentFilter"
2026-09-12T20:08:23.363650Z DEBUG logical_optimizer: applied=1 dependent_filters_pulled=1 visited=5 exhausted=false
2026-09-12T20:08:23.364127Z TRACE logical_optimizer: applied logical rule rule="PullDependentFilter"
2026-09-12T20:08:23.364226Z DEBUG logical_optimizer: applied=1 dependent_filters_pulled=1 visited=5 exhausted=false
2026-09-12T20:08:23.364576Z TRACE logical_optimizer: applied logical rule rule="PullDependentFilter"
2026-09-12T20:08:23.364677Z DEBUG logical_optimizer: applied=1 dependent_filters_pulled=1 visited=5 exhausted=false
2026-09-12T20:08:23.365214Z TRACE logical_optimizer: applied logical rule rule="PullDependentFilter"
2026-09-12T20:08:23.365314Z DEBUG logical_optimizer: applied=1 dependent_filters_pulled=1 visited=5 exhausted=false
2026-09-12T20:08:23.387368Z TRACE logical_optimizer: applied logical rule rule="PullDependentFilter"
2026-09-12T20:08:23.387548Z DEBUG logical_optimizer: applied=1 dependent_filters_pulled=1 visited=5 exhausted=false
2026-09-12T20:08:23.388176Z TRACE logical_optimizer: applied logical rule rule="PullDependentFilter"
2026-09-12T20:08:23.388278Z DEBUG logical_optimizer: applied=1 dependent_filters_pulled=1 visited=5 exhausted=false
2026-09-12T20:08:23.388731Z TRACE logical_optimizer: applied logical rule rule="PullDependentFilter"
2026-09-12T20:08:23.388832Z DEBUG logical_optimizer: applied=1 dependent_filters_pulled=1 visited=5 exhausted=false
2026-09-12T20:08:23.389540Z TRACE logical_optimizer: applied logical rule rule="PullDependentFilter"
2026-09-12T20:08:23.389648Z DEBUG logical_optimizer: applied=1 dependent_filters_pulled=1 visited=5 exhausted=false
2026-09-12T20:08:23.404436Z TRACE logical_optimizer: applied logical rule rule="PullDependentFilter"
2026-09-12T20:08:23.404597Z DEBUG logical_optimizer: applied=1 dependent_filters_pulled=1 visited=5 exhausted=false
2026-09-12T20:08:23.405025Z TRACE logical_optimizer: applied logical rule rule="PullDependentFilter"
2026-09-12T20:08:23.405132Z DEBUG logical_optimizer: applied=1 dependent_filters_pulled=1 visited=5 exhausted=false
2026-09-12T20:08:23.405490Z TRACE logical_optimizer: applied logical rule rule="PullDependentFilter"
2026-09-12T20:08:23.405600Z DEBUG logical_optimizer: applied=1 dependent_filters_pulled=1 visited=5 exhausted=false
2026-09-12T20:08:23.406144Z TRACE logical_optimizer: applied logical rule rule="PullDependentFilter"
2026-09-12T20:08:23.406248Z DEBUG logical_optimizer: applied=1 dependent_filters_pulled=1 visited=5 exhausted=false
2026-09-12T20:08:23.407583Z TRACE logical_optimizer: applied logical rule rule="PullDependentFilter"
2026-09-12T20:08:23.407696Z DEBUG logical_optimizer: applied=1 dependent_filters_pulled=1 visited=5 exhausted=false
2026-09-12T20:08:23.408068Z TRACE logical_optimizer: applied logical rule rule="PullDependentFilter"
2026-09-12T20:08:23.408170Z DEBUG logical_optimizer: applied=1 dependent_filters_pulled=1 visited=5 exhausted=false
2026-09-12T20:08:23.408491Z TRACE logical_optimizer: applied logical rule rule="PullDependentFilter"
2026-09-12T20:08:23.408592Z DEBUG logical_optimizer: applied=1 dependent_filters_pulled=1 visited=5 exhausted=false
2026-09-12T20:08:23.409121Z TRACE logical_optimizer: applied logical rule rule="PullDependentFilter"
2026-09-12T20:08:23.409218Z DEBUG logical_optimizer: applied=1 dependent_filters_pulled=1 visited=5 exhausted=false
2026-09-12T20:08:23.419369Z TRACE logical_optimizer: applied logical rule rule="PullDependentFilter"
2026-09-12T20:08:23.419527Z DEBUG logical_optimizer: applied=1 dependent_filters_pulled=1 visited=5 exhausted=false
2026-09-12T20:08:23.419935Z TRACE logical_optimizer: applied logical rule rule="PullDependentFilter"
2026-09-12T20:08:23.420050Z DEBUG logical_optimizer: applied=1 dependent_filters_pulled=1 visited=5 exhausted=false
2026-09-12T20:08:23.420403Z TRACE logical_optimizer: applied logical rule rule="PullDependentFilter"
2026-09-12T20:08:23.420507Z DEBUG logical_optimizer: applied=1 dependent_filters_pulled=1 visited=5 exhausted=false
2026-09-12T20:08:23.421019Z TRACE logical_optimizer: applied logical rule rule="PullDependentFilter"
2026-09-12T20:08:23.421118Z DEBUG logical_optimizer: applied=1 dependent_filters_pulled=1 visited=5 exhausted=false
2026-09-12T20:08:23.421766Z TRACE logical_optimizer: applied logical rule rule="PullDependentFilter"
2026-09-12T20:08:23.421878Z DEBUG logical_optimizer: applied=1 dependent_filters_pulled=1 visited=5 exhausted=false
2026-09-12T20:08:23.422408Z TRACE logical_optimizer: applied logical rule rule="PullDependentFilter"
2026-09-12T20:08:23.422545Z DEBUG logical_optimizer: applied=1 dependent_filters_pulled=1 visited=5 exhausted=false
2026-09-12T20:08:23.423248Z TRACE logical_optimizer: applied logical rule rule="PullDependentFilter"
2026-09-12T20:08:23.423363Z DEBUG logical_optimizer: applied=1 dependent_filters_pulled=1 visited=5 exhausted=false
2026-09-12T20:08:23.427709Z TRACE logical_optimizer: applied logical rule rule="PullDependentFilter"
2026-09-12T20:08:23.427844Z DEBUG logical_optimizer: applied=1 dependent_filters_pulled=1 visited=6 exhausted=false
2026-09-12T20:08:23.428332Z TRACE logical_optimizer: applied logical rule rule="PullDependentFilter"
2026-09-12T20:08:23.428444Z DEBUG logical_optimizer: applied=1 dependent_filters_pulled=1 visited=6 exhausted=false
2026-09-12T20:08:23.439275Z TRACE logical_optimizer: applied logical rule rule="PullDependentFilter"
2026-09-12T20:08:23.439433Z DEBUG logical_optimizer: applied=1 dependent_filters_pulled=1 visited=5 exhausted=false
2026-09-12T20:08:23.440661Z TRACE logical_optimizer: applied logical rule rule="PullDependentFilter"
2026-09-12T20:08:23.440765Z DEBUG logical_optimizer: applied=1 dependent_filters_pulled=1 visited=5 exhausted=false
2026-09-12T20:08:23.448753Z TRACE logical_optimizer: applied logical rule rule="PullDependentFilter"
2026-09-12T20:08:23.448919Z DEBUG logical_optimizer: applied=1 dependent_filters_pulled=1 visited=5 exhausted=false
2026-09-12T20:08:23.449332Z TRACE logical_optimizer: applied logical rule rule="PullDependentFilter"
2026-09-12T20:08:23.449441Z DEBUG logical_optimizer: applied=1 dependent_filters_pulled=1 visited=5 exhausted=false
2026-09-12T20:08:23.449935Z TRACE logical_optimizer: applied logical rule rule="PullDependentFilter"
2026-09-12T20:08:23.450042Z DEBUG logical_optimizer: applied=1 dependent_filters_pulled=1 visited=5 exhausted=false
2026-09-12T20:08:23.450643Z TRACE logical_optimizer: applied logical rule rule="PullDependentFilter"
2026-09-12T20:08:23.450742Z DEBUG logical_optimizer: applied=1 dependent_filters_pulled=1 visited=5 exhausted=false
2026-09-12T20:08:23.454753Z TRACE logical_optimizer: applied logical rule rule="PullDependentFilter"
2026-09-12T20:08:23.454870Z DEBUG logical_optimizer: applied=1 dependent_filters_pulled=1 visited=5 exhausted=false
2026-09-12T20:08:23.455389Z TRACE logical_optimizer: applied logical rule rule="PullDependentFilter"
2026-09-12T20:08:23.455495Z DEBUG logical_optimizer: applied=1 dependent_filters_pulled=1 visited=5 exhausted=false
2026-09-12T20:08:23.456278Z TRACE logical_optimizer: applied logical rule rule="PullDependentFilter"
2026-09-12T20:08:23.456409Z DEBUG logical_optimizer: applied=1 dependent_filters_pulled=1 visited=5 exhausted=false
2026-09-12T20:08:23.459205Z TRACE logical_optimizer: applied logical rule rule="PullDependentFilter"
2026-09-12T20:08:23.459314Z DEBUG logical_optimizer: applied=1 dependent_filters_pulled=1 visited=5 exhausted=false
2026-09-12T20:08:23.460197Z TRACE logical_optimizer: applied logical rule rule="PullDependentFilter"
2026-09-12T20:08:23.460307Z DEBUG logical_optimizer: applied=1 dependent_filters_pulled=1 visited=5 exhausted=false
2026-09-12T20:08:23.467836Z TRACE logical_optimizer: applied logical rule rule="PullDependentFilter"
2026-09-12T20:08:23.468004Z DEBUG logical_optimizer: applied=1 dependent_filters_pulled=1 visited=6 exhausted=false
2026-09-12T20:08:23.468642Z TRACE logical_optimizer: applied logical rule rule="PullDependentFilter"
2026-09-12T20:08:23.468755Z DEBUG logical_optimizer: applied=1 dependent_filters_pulled=1 visited=6 exhausted=false
2026-09-12T20:08:23.473250Z TRACE logical_optimizer: applied logical rule rule="PullDependentFilter"
2026-09-12T20:08:23.473374Z DEBUG logical_optimizer: applied=1 dependent_filters_pulled=1 visited=5 exhausted=false
2026-09-12T20:08:23.473824Z TRACE logical_optimizer: applied logical rule rule="PullDependentFilter"
2026-09-12T20:08:23.473932Z DEBUG logical_optimizer: applied=1 dependent_filters_pulled=1 visited=5 exhausted=false
2026-09-12T20:08:23.474312Z TRACE logical_optimizer: applied logical rule rule="PullDependentFilter"
2026-09-12T20:08:23.474413Z DEBUG logical_optimizer: applied=1 dependent_filters_pulled=1 visited=5 exhausted=false
2026-09-12T20:08:23.475010Z TRACE logical_optimizer: applied logical rule rule="PullDependentFilter"
2026-09-12T20:08:23.475126Z DEBUG logical_optimizer: applied=1 dependent_filters_pulled=1 visited=5 exhausted=false
2026-09-12T20:08:23.477147Z TRACE logical_optimizer: applied logical rule rule="PullDependentFilter"
2026-09-12T20:08:23.477262Z DEBUG logical_optimizer: applied=1 dependent_filters_pulled=1 visited=5 exhausted=false
2026-09-12T20:08:23.477725Z TRACE logical_optimizer: applied logical rule rule="PullDependentFilter"
2026-09-12T20:08:23.477824Z DEBUG logical_optimizer: applied=1 dependent_filters_pulled=1 visited=5 exhausted=false
2026-09-12T20:08:23.478188Z TRACE logical_optimizer: applied logical rule rule="PullDependentFilter"
2026-09-12T20:08:23.478290Z DEBUG logical_optimizer: applied=1 dependent_filters_pulled=1 visited=5 exhausted=false
2026-09-12T20:08:23.478857Z TRACE logical_optimizer: applied logical rule rule="PullDependentFilter"
2026-09-12T20:08:23.478963Z DEBUG logical_optimizer: applied=1 dependent_filters_pulled=1 visited=5 exhausted=false
2026-09-12T20:08:23.480947Z TRACE logical_optimizer: applied logical rule rule="PullDependentFilter"
2026-09-12T20:08:23.481084Z DEBUG logical_optimizer: applied=1 dependent_filters_pulled=1 visited=5 exhausted=false
2026-09-12T20:08:23.481421Z TRACE logical_optimizer: applied logical rule rule="PullDependentFilter"
2026-09-12T20:08:23.481529Z DEBUG logical_optimizer: applied=1 dependent_filters_pulled=1 visited=5 exhausted=false
2026-09-12T20:08:23.481835Z TRACE logical_optimizer: applied logical rule rule="PullDependentFilter"
2026-09-12T20:08:23.481945Z DEBUG logical_optimizer: applied=1 dependent_filters_pulled=1 visited=5 exhausted=false
2026-09-12T20:08:23.482562Z TRACE logical_optimizer: applied logical rule rule="PullDependentFilter"
2026-09-12T20:08:23.482672Z DEBUG logical_optimizer: applied=1 dependent_filters_pulled=1 visited=5 exhausted=false
2026-09-12T20:08:23.502013Z TRACE logical_optimizer: applied logical rule rule="PullDependentFilter"
2026-09-12T20:08:23.502195Z DEBUG logical_optimizer: applied=1 dependent_filters_pulled=1 visited=5 exhausted=false
2026-09-12T20:08:23.502719Z TRACE logical_optimizer: applied logical rule rule="PullDependentFilter"
2026-09-12T20:08:23.502840Z DEBUG logical_optimizer: applied=1 dependent_filters_pulled=1 visited=5 exhausted=false
2026-09-12T20:08:23.503279Z TRACE logical_optimizer: applied logical rule rule="PullDependentFilter"
2026-09-12T20:08:23.503468Z DEBUG logical_optimizer: applied=1 dependent_filters_pulled=1 visited=5 exhausted=false
2026-09-12T20:08:23.504109Z TRACE logical_optimizer: applied logical rule rule="PullDependentFilter"
2026-09-12T20:08:23.504222Z DEBUG logical_optimizer: applied=1 dependent_filters_pulled=1 visited=5 exhausted=false
2026-09-12T20:08:23.524123Z TRACE logical_optimizer: applied logical rule rule="PullDependentFilter"
2026-09-12T20:08:23.524346Z DEBUG logical_optimizer: applied=1 dependent_filters_pulled=1 visited=5 exhausted=false
2026-09-12T20:08:23.525448Z TRACE logical_optimizer: applied logical rule rule="PullDependentFilter"
2026-09-12T20:08:23.525608Z DEBUG logical_optimizer: applied=1 dependent_filters_pulled=1 visited=5 exhausted=false
2026-09-12T20:08:23.527737Z TRACE logical_optimizer: applied logical rule rule="PullDependentFilter"
2026-09-12T20:08:23.527876Z DEBUG logical_optimizer: applied=1 dependent_filters_pulled=1 visited=5 exhausted=false
2026-09-12T20:08:23.528377Z TRACE logical_optimizer: applied logical rule rule="PullDependentFilter"
2026-09-12T20:08:23.528499Z DEBUG logical_optimizer: applied=1 dependent_filters_pulled=1 visited=5 exhausted=false
2026-09-12T20:08:23.528967Z TRACE logical_optimizer: applied logical rule rule="PullDependentFilter"
2026-09-12T20:08:23.529074Z DEBUG logical_optimizer: applied=1 dependent_filters_pulled=1 visited=5 exhausted=false
2026-09-12T20:08:23.529689Z TRACE logical_optimizer: applied logical rule rule="PullDependentFilter"
2026-09-12T20:08:23.529797Z DEBUG logical_optimizer: applied=1 dependent_filters_pulled=1 visited=5 exhausted=false
2026-09-12T20:08:23.532579Z TRACE logical_optimizer: applied logical rule rule="PullDependentFilter"
2026-09-12T20:08:23.532701Z DEBUG logical_optimizer: applied=1 dependent_filters_pulled=1 visited=5 exhausted=false
2026-09-12T20:08:23.533188Z TRACE logical_optimizer: applied logical rule rule="PullDependentFilter"
2026-09-12T20:08:23.533351Z DEBUG logical_optimizer: applied=1 dependent_filters_pulled=1 visited=5 exhausted=false
2026-09-12T20:08:23.533924Z TRACE logical_optimizer: applied logical rule rule="PullDependentFilter"
2026-09-12T20:08:23.534031Z DEBUG logical_optimizer: applied=1 dependent_filters_pulled=1 visited=5 exhausted=false
2026-09-12T20:08:23.534668Z TRACE logical_optimizer: applied logical rule rule="PullDependentFilter"
2026-09-12T20:08:23.534779Z DEBUG logical_optimizer: applied=1 dependent_filters_pulled=1 visited=5 exhausted=false
2026-09-12T20:08:23.535886Z TRACE logical_optimizer: applied logical rule rule="PullDependentFilter"
2026-09-12T20:08:23.535991Z DEBUG logical_optimizer: applied=1 dependent_filters_pulled=1 visited=5 exhausted=false
2026-09-12T20:08:23.536414Z TRACE logical_optimizer: applied logical rule rule="PullDependentFilter"
2026-09-12T20:08:23.536518Z DEBUG logical_optimizer: applied=1 dependent_filters_pulled=1 visited=5 exhausted=false
2026-09-12T20:08:23.537044Z TRACE logical_optimizer: applied logical rule rule="PullDependentFilter"
2026-09-12T20:08:23.537147Z DEBUG logical_optimizer: applied=1 dependent_filters_pulled=1 visited=5 exhausted=false
2026-09-12T20:08:23.537665Z TRACE logical_optimizer: applied logical rule rule="PullDependentFilter"
2026-09-12T20:08:23.537768Z DEBUG logical_optimizer: applied=1 dependent_filters_pulled=1 visited=5 exhausted=false
2026-09-12T20:08:23.549285Z TRACE logical_optimizer: applied logical rule rule="PullDependentFilter"
2026-09-12T20:08:23.549474Z DEBUG logical_optimizer: applied=1 dependent_filters_pulled=1 visited=5 exhausted=false
2026-09-12T20:08:23.549881Z TRACE logical_optimizer: applied logical rule rule="PullDependentFilter"
2026-09-12T20:08:23.549986Z DEBUG logical_optimizer: applied=1 dependent_filters_pulled=1 visited=5 exhausted=false
2026-09-12T20:08:23.550616Z TRACE logical_optimizer: applied logical rule rule="PullDependentFilter"
2026-09-12T20:08:23.550723Z DEBUG logical_optimizer: applied=1 dependent_filters_pulled=1 visited=5 exhausted=false
2026-09-12T20:08:23.551325Z TRACE logical_optimizer: applied logical rule rule="PullDependentFilter"
2026-09-12T20:08:23.551439Z DEBUG logical_optimizer: applied=1 dependent_filters_pulled=1 visited=5 exhausted=false
2026-09-12T20:08:23.568282Z TRACE logical_optimizer: applied logical rule rule="PullDependentFilter"
2026-09-12T20:08:23.568602Z DEBUG logical_optimizer: applied=1 dependent_filters_pulled=1 visited=5 exhausted=false
2026-09-12T20:08:23.569375Z TRACE logical_optimizer: applied logical rule rule="PullDependentFilter"
2026-09-12T20:08:23.569528Z DEBUG logical_optimizer: applied=1 dependent_filters_pulled=1 visited=5 exhausted=false
2026-09-12T20:08:23.570165Z TRACE logical_optimizer: applied logical rule rule="PullDependentFilter"
2026-09-12T20:08:23.570289Z DEBUG logical_optimizer: applied=1 dependent_filters_pulled=1 visited=5 exhausted=false
2026-09-12T20:08:23.571082Z TRACE logical_optimizer: applied logical rule rule="PullDependentFilter"
2026-09-12T20:08:23.571209Z DEBUG logical_optimizer: applied=1 dependent_filters_pulled=1 visited=5 exhausted=false
2026-09-12T20:08:23.572315Z TRACE logical_optimizer: applied logical rule rule="PullDependentFilter"
2026-09-12T20:08:23.572465Z DEBUG logical_optimizer: applied=1 dependent_filters_pulled=1 visited=5 exhausted=false
2026-09-12T20:08:23.573066Z TRACE logical_optimizer: applied logical rule rule="PullDependentFilter"
2026-09-12T20:08:23.573246Z DEBUG logical_optimizer: applied=1 dependent_filters_pulled=1 visited=5 exhausted=false
2026-09-12T20:08:23.573734Z TRACE logical_optimizer: applied logical rule rule="PullDependentFilter"
2026-09-12T20:08:23.573861Z DEBUG logical_optimizer: applied=1 dependent_filters_pulled=1 visited=5 exhausted=false
2026-09-12T20:08:23.574524Z TRACE logical_optimizer: applied logical rule rule="PullDependentFilter"
2026-09-12T20:08:23.574633Z DEBUG logical_optimizer: applied=1 dependent_filters_pulled=1 visited=5 exhausted=false
2026-09-12T20:08:23.584046Z TRACE logical_optimizer: applied logical rule rule="PullDependentFilter"
2026-09-12T20:08:23.584295Z DEBUG logical_optimizer: applied=1 dependent_filters_pulled=1 visited=5 exhausted=false
2026-09-12T20:08:23.585244Z TRACE logical_optimizer: applied logical rule rule="PullDependentFilter"
2026-09-12T20:08:23.585390Z DEBUG logical_optimizer: applied=1 dependent_filters_pulled=1 visited=5 exhausted=false
2026-09-12T20:08:23.586911Z TRACE logical_optimizer: applied logical rule rule="PullDependentFilter"
2026-09-12T20:08:23.587025Z DEBUG logical_optimizer: applied=1 dependent_filters_pulled=1 visited=5 exhausted=false
2026-09-12T20:08:23.587482Z TRACE logical_optimizer: applied logical rule rule="PullDependentFilter"
2026-09-12T20:08:23.587600Z DEBUG logical_optimizer: applied=1 dependent_filters_pulled=1 visited=5 exhausted=false
2026-09-12T20:08:23.587965Z TRACE logical_optimizer: applied logical rule rule="PullDependentFilter"
2026-09-12T20:08:23.588075Z DEBUG logical_optimizer: applied=1 dependent_filters_pulled=1 visited=5 exhausted=false
2026-09-12T20:08:23.588652Z TRACE logical_optimizer: applied logical rule rule="PullDependentFilter"
2026-09-12T20:08:23.588758Z DEBUG logical_optimizer: applied=1 dependent_filters_pulled=1 visited=5 exhausted=false
2026-09-12T20:08:23.595092Z TRACE logical_optimizer: applied logical rule rule="PullDependentFilter"
2026-09-12T20:08:23.595291Z DEBUG logical_optimizer: applied=1 dependent_filters_pulled=1 visited=6 exhausted=false
2026-09-12T20:08:23.596184Z TRACE logical_optimizer: applied logical rule rule="PullDependentFilter"
2026-09-12T20:08:23.596374Z DEBUG logical_optimizer: applied=1 dependent_filters_pulled=1 visited=6 exhausted=false
2026-09-12T20:08:23.597427Z TRACE logical_optimizer: applied logical rule rule="PullDependentFilter"
2026-09-12T20:08:23.597561Z DEBUG logical_optimizer: applied=1 dependent_filters_pulled=1 visited=5 exhausted=false
2026-09-12T20:08:23.598703Z TRACE logical_optimizer: applied logical rule rule="PullDependentFilter"
2026-09-12T20:08:23.598839Z DEBUG logical_optimizer: applied=1 dependent_filters_pulled=1 visited=5 exhausted=false
2026-09-12T20:08:23.599806Z TRACE logical_optimizer: applied logical rule rule="PullDependentFilter"
2026-09-12T20:08:23.599987Z DEBUG logical_optimizer: applied=1 dependent_filters_pulled=1 visited=5 exhausted=false
2026-09-12T20:08:23.601511Z TRACE logical_optimizer: applied logical rule rule="PullDependentFilter"
2026-09-12T20:08:23.601662Z DEBUG logical_optimizer: applied=1 dependent_filters_pulled=1 visited=5 exhausted=false
2026-09-12T20:08:23.611707Z TRACE logical_optimizer: applied logical rule rule="PullDependentFilter"
2026-09-12T20:08:23.611907Z DEBUG logical_optimizer: applied=1 dependent_filters_pulled=1 visited=5 exhausted=false
2026-09-12T20:08:23.612341Z TRACE logical_optimizer: applied logical rule rule="PullDependentFilter"
2026-09-12T20:08:23.612530Z DEBUG logical_optimizer: applied=1 dependent_filters_pulled=1 visited=5 exhausted=false
2026-09-12T20:08:23.613153Z TRACE logical_optimizer: applied logical rule rule="PullDependentFilter"
2026-09-12T20:08:23.613437Z DEBUG logical_optimizer: applied=1 dependent_filters_pulled=1 visited=5 exhausted=false
2026-09-12T20:08:23.614140Z TRACE logical_optimizer: applied logical rule rule="PullDependentFilter"
2026-09-12T20:08:23.614264Z DEBUG logical_optimizer: applied=1 dependent_filters_pulled=1 visited=5 exhausted=false
2026-09-12T20:08:23.620570Z TRACE logical_optimizer: applied logical rule rule="PullDependentFilter"
2026-09-12T20:08:23.620725Z DEBUG logical_optimizer: applied=1 dependent_filters_pulled=1 visited=5 exhausted=false
2026-09-12T20:08:23.621266Z TRACE logical_optimizer: applied logical rule rule="PullDependentFilter"
2026-09-12T20:08:23.621395Z DEBUG logical_optimizer: applied=1 dependent_filters_pulled=1 visited=5 exhausted=false
2026-09-12T20:08:23.621841Z TRACE logical_optimizer: applied logical rule rule="PullDependentFilter"
2026-09-12T20:08:23.621966Z DEBUG logical_optimizer: applied=1 dependent_filters_pulled=1 visited=5 exhausted=false
2026-09-12T20:08:23.622656Z TRACE logical_optimizer: applied logical rule rule="PullDependentFilter"
2026-09-12T20:08:23.622840Z DEBUG logical_optimizer: applied=1 dependent_filters_pulled=1 visited=5 exhausted=false
2026-09-12T20:08:23.624021Z TRACE logical_optimizer: applied logical rule rule="PullDependentFilter"
2026-09-12T20:08:23.624157Z DEBUG logical_optimizer: applied=1 dependent_filters_pulled=1 visited=5 exhausted=false
2026-09-12T20:08:23.624776Z TRACE logical_optimizer: applied logical rule rule="PullDependentFilter"
2026-09-12T20:08:23.624935Z DEBUG logical_optimizer: applied=1 dependent_filters_pulled=1 visited=5 exhausted=false
2026-09-12T20:08:23.625972Z TRACE logical_optimizer: applied logical rule rule="PullDependentFilter"
2026-09-12T20:08:23.626114Z DEBUG logical_optimizer: applied=1 dependent_filters_pulled=1 visited=5 exhausted=false
2026-09-12T20:08:23.626818Z TRACE logical_optimizer: applied logical rule rule="PullDependentFilter"
2026-09-12T20:08:23.626934Z DEBUG logical_optimizer: applied=1 dependent_filters_pulled=1 visited=5 exhausted=false
2026-09-12T20:08:23.628506Z TRACE logical_optimizer: applied logical rule rule="PullDependentFilter"
2026-09-12T20:08:23.628650Z DEBUG logical_optimizer: applied=1 dependent_filters_pulled=1 visited=5 exhausted=false
2026-09-12T20:08:23.629247Z TRACE logical_optimizer: applied logical rule rule="PullDependentFilter"
2026-09-12T20:08:23.629367Z DEBUG logical_optimizer: applied=1 dependent_filters_pulled=1 visited=5 exhausted=false
2026-09-12T20:08:23.629812Z TRACE logical_optimizer: applied logical rule rule="PullDependentFilter"
2026-09-12T20:08:23.629916Z DEBUG logical_optimizer: applied=1 dependent_filters_pulled=1 visited=5 exhausted=false
2026-09-12T20:08:23.630536Z TRACE logical_optimizer: applied logical rule rule="PullDependentFilter"
2026-09-12T20:08:23.630639Z DEBUG logical_optimizer: applied=1 dependent_filters_pulled=1 visited=5 exhausted=false
2026-09-12T20:08:23.651607Z TRACE logical_optimizer: applied logical rule rule="PullDependentFilter"
2026-09-12T20:08:23.651835Z DEBUG logical_optimizer: applied=1 dependent_filters_pulled=1 visited=6 exhausted=false
2026-09-12T20:08:23.652372Z TRACE logical_optimizer: applied logical rule rule="PullDependentFilter"
2026-09-12T20:08:23.652491Z DEBUG logical_optimizer: applied=1 dependent_filters_pulled=1 visited=6 exhausted=false
2026-09-12T20:08:23.655032Z TRACE logical_optimizer: applied logical rule rule="PullDependentFilter"
2026-09-12T20:08:23.655201Z DEBUG logical_optimizer: applied=1 dependent_filters_pulled=1 visited=5 exhausted=false
2026-09-12T20:08:23.655627Z TRACE logical_optimizer: applied logical rule rule="PullDependentFilter"
2026-09-12T20:08:23.655736Z DEBUG logical_optimizer: applied=1 dependent_filters_pulled=1 visited=5 exhausted=false
2026-09-12T20:08:23.656495Z TRACE logical_optimizer: applied logical rule rule="PullDependentFilter"
2026-09-12T20:08:23.656611Z DEBUG logical_optimizer: applied=1 dependent_filters_pulled=1 visited=5 exhausted=false
2026-09-12T20:08:23.657276Z TRACE logical_optimizer: applied logical rule rule="PullDependentFilter"
2026-09-12T20:08:23.657393Z DEBUG logical_optimizer: applied=1 dependent_filters_pulled=1 visited=5 exhausted=false
2026-09-12T20:08:23.660539Z TRACE logical_optimizer: applied logical rule rule="PullDependentFilter"
2026-09-12T20:08:23.660702Z DEBUG logical_optimizer: applied=1 dependent_filters_pulled=1 visited=4 exhausted=false
2026-09-12T20:08:23.661413Z TRACE logical_optimizer: applied logical rule rule="PullDependentFilter"
2026-09-12T20:08:23.661526Z DEBUG logical_optimizer: applied=1 dependent_filters_pulled=1 visited=4 exhausted=false
2026-09-12T20:08:23.662008Z TRACE logical_optimizer: applied logical rule rule="PullDependentFilter"
2026-09-12T20:08:23.662116Z DEBUG logical_optimizer: applied=1 dependent_filters_pulled=1 visited=4 exhausted=false
2026-09-12T20:08:23.662799Z TRACE logical_optimizer: applied logical rule rule="PullDependentFilter"
2026-09-12T20:08:23.662911Z DEBUG logical_optimizer: applied=1 dependent_filters_pulled=1 visited=4 exhausted=false
2026-09-12T20:08:23.666559Z TRACE logical_optimizer: applied logical rule rule="PullDependentFilter"
2026-09-12T20:08:23.666802Z DEBUG logical_optimizer: applied=1 dependent_filters_pulled=1 visited=6 exhausted=false
2026-09-12T20:08:23.667413Z TRACE logical_optimizer: applied logical rule rule="PullDependentFilter"
2026-09-12T20:08:23.667526Z DEBUG logical_optimizer: applied=1 dependent_filters_pulled=1 visited=6 exhausted=false
2026-09-12T20:08:23.668188Z TRACE logical_optimizer: applied logical rule rule="PullDependentFilter"
2026-09-12T20:08:23.668304Z DEBUG logical_optimizer: applied=1 dependent_filters_pulled=1 visited=6 exhausted=false
2026-09-12T20:08:23.669404Z TRACE logical_optimizer: applied logical rule rule="PullDependentFilter"
2026-09-12T20:08:23.669528Z DEBUG logical_optimizer: applied=1 dependent_filters_pulled=1 visited=6 exhausted=false
2026-09-12T20:08:23.673630Z TRACE logical_optimizer: applied logical rule rule="PullDependentFilter"
2026-09-12T20:08:23.673857Z DEBUG logical_optimizer: applied=1 dependent_filters_pulled=1 visited=5 exhausted=false
2026-09-12T20:08:23.674326Z TRACE logical_optimizer: applied logical rule rule="PullDependentFilter"
2026-09-12T20:08:23.674619Z DEBUG logical_optimizer: applied=1 dependent_filters_pulled=1 visited=5 exhausted=false
2026-09-12T20:08:23.675262Z TRACE logical_optimizer: applied logical rule rule="PullDependentFilter"
2026-09-12T20:08:23.675399Z DEBUG logical_optimizer: applied=1 dependent_filters_pulled=1 visited=5 exhausted=false
2026-09-12T20:08:23.676159Z TRACE logical_optimizer: applied logical rule rule="PullDependentFilter"
2026-09-12T20:08:23.676297Z DEBUG logical_optimizer: applied=1 dependent_filters_pulled=1 visited=5 exhausted=false
2026-09-12T20:08:23.685009Z TRACE logical_optimizer: applied logical rule rule="PullDependentFilter"
2026-09-12T20:08:23.685310Z DEBUG logical_optimizer: applied=1 dependent_filters_pulled=1 visited=5 exhausted=false
2026-09-12T20:08:23.686168Z TRACE logical_optimizer: applied logical rule rule="PullDependentFilter"
2026-09-12T20:08:23.686302Z DEBUG logical_optimizer: applied=1 dependent_filters_pulled=1 visited=5 exhausted=false
2026-09-12T20:08:23.686948Z TRACE logical_optimizer: applied logical rule rule="PullDependentFilter"
2026-09-12T20:08:23.687171Z DEBUG logical_optimizer: applied=1 dependent_filters_pulled=1 visited=5 exhausted=false
2026-09-12T20:08:23.688575Z TRACE logical_optimizer: applied logical rule rule="PullDependentFilter"
2026-09-12T20:08:23.688760Z DEBUG logical_optimizer: applied=1 dependent_filters_pulled=1 visited=5 exhausted=false
2026-09-12T20:08:23.700481Z TRACE logical_optimizer: applied logical rule rule="PullDependentFilter"
2026-09-12T20:08:23.700685Z DEBUG logical_optimizer: applied=1 dependent_filters_pulled=1 visited=5 exhausted=false
2026-09-12T20:08:23.701176Z TRACE logical_optimizer: applied logical rule rule="PullDependentFilter"
2026-09-12T20:08:23.701350Z DEBUG logical_optimizer: applied=1 dependent_filters_pulled=1 visited=5 exhausted=false
2026-09-12T20:08:23.701786Z TRACE logical_optimizer: applied logical rule rule="PullDependentFilter"
2026-09-12T20:08:23.701896Z DEBUG logical_optimizer: applied=1 dependent_filters_pulled=1 visited=5 exhausted=false
2026-09-12T20:08:23.702495Z TRACE logical_optimizer: applied logical rule rule="PullDependentFilter"
2026-09-12T20:08:23.702609Z DEBUG logical_optimizer: applied=1 dependent_filters_pulled=1 visited=5 exhausted=false
2026-09-12T20:08:23.703474Z TRACE logical_optimizer: applied logical rule rule="PullDependentFilter"
2026-09-12T20:08:23.703609Z DEBUG logical_optimizer: applied=1 dependent_filters_pulled=1 visited=5 exhausted=false
2026-09-12T20:08:23.704067Z TRACE logical_optimizer: applied logical rule rule="PullDependentFilter"
2026-09-12T20:08:23.704171Z DEBUG logical_optimizer: applied=1 dependent_filters_pulled=1 visited=5 exhausted=false
2026-09-12T20:08:23.704603Z TRACE logical_optimizer: applied logical rule rule="PullDependentFilter"
2026-09-12T20:08:23.704734Z DEBUG logical_optimizer: applied=1 dependent_filters_pulled=1 visited=5 exhausted=false
2026-09-12T20:08:23.705389Z TRACE logical_optimizer: applied logical rule rule="PullDependentFilter"
2026-09-12T20:08:23.705512Z DEBUG logical_optimizer: applied=1 dependent_filters_pulled=1 visited=5 exhausted=false
2026-09-12T20:08:23.714351Z TRACE logical_optimizer: applied logical rule rule="PullDependentFilter"
2026-09-12T20:08:23.714539Z DEBUG logical_optimizer: applied=1 dependent_filters_pulled=1 visited=5 exhausted=false
2026-09-12T20:08:23.715113Z TRACE logical_optimizer: applied logical rule rule="PullDependentFilter"
2026-09-12T20:08:23.715241Z DEBUG logical_optimizer: applied=1 dependent_filters_pulled=1 visited=5 exhausted=false
2026-09-12T20:08:23.715807Z TRACE logical_optimizer: applied logical rule rule="PullDependentFilter"
2026-09-12T20:08:23.715925Z DEBUG logical_optimizer: applied=1 dependent_filters_pulled=1 visited=5 exhausted=false
2026-09-12T20:08:23.716599Z TRACE logical_optimizer: applied logical rule rule="PullDependentFilter"
2026-09-12T20:08:23.716710Z DEBUG logical_optimizer: applied=1 dependent_filters_pulled=1 visited=5 exhausted=false
2026-09-12T20:08:23.723605Z TRACE logical_optimizer: applied logical rule rule="PullDependentFilter"
2026-09-12T20:08:23.723821Z DEBUG logical_optimizer: applied=1 dependent_filters_pulled=1 visited=5 exhausted=false
2026-09-12T20:08:23.724523Z TRACE logical_optimizer: applied logical rule rule="PullDependentFilter"
2026-09-12T20:08:23.724638Z DEBUG logical_optimizer: applied=1 dependent_filters_pulled=1 visited=5 exhausted=false
2026-09-12T20:08:23.725147Z TRACE logical_optimizer: applied logical rule rule="PullDependentFilter"
2026-09-12T20:08:23.725254Z DEBUG logical_optimizer: applied=1 dependent_filters_pulled=1 visited=5 exhausted=false
2026-09-12T20:08:23.725845Z TRACE logical_optimizer: applied logical rule rule="PullDependentFilter"
2026-09-12T20:08:23.725947Z DEBUG logical_optimizer: applied=1 dependent_filters_pulled=1 visited=5 exhausted=false
2026-09-12T20:08:23.748844Z TRACE logical_optimizer: applied logical rule rule="PullDependentFilter"
2026-09-12T20:08:23.749040Z DEBUG logical_optimizer: applied=1 dependent_filters_pulled=1 visited=4 exhausted=false
2026-09-12T20:08:23.749534Z TRACE logical_optimizer: applied logical rule rule="PullDependentFilter"
2026-09-12T20:08:23.749652Z DEBUG logical_optimizer: applied=1 dependent_filters_pulled=1 visited=4 exhausted=false
2026-09-12T20:08:23.755018Z TRACE logical_optimizer: applied logical rule rule="PullDependentFilter"
2026-09-12T20:08:23.755165Z DEBUG logical_optimizer: applied=1 dependent_filters_pulled=1 visited=5 exhausted=false
2026-09-12T20:08:23.755716Z TRACE logical_optimizer: applied logical rule rule="PullDependentFilter"
2026-09-12T20:08:23.755832Z DEBUG logical_optimizer: applied=1 dependent_filters_pulled=1 visited=5 exhausted=false
2026-09-12T20:08:23.756497Z TRACE logical_optimizer: applied logical rule rule="PullDependentFilter"
2026-09-12T20:08:23.756606Z DEBUG logical_optimizer: applied=1 dependent_filters_pulled=1 visited=5 exhausted=false
2026-09-12T20:08:23.757308Z TRACE logical_optimizer: applied logical rule rule="PullDependentFilter"
2026-09-12T20:08:23.757412Z DEBUG logical_optimizer: applied=1 dependent_filters_pulled=1 visited=5 exhausted=false
2026-09-12T20:08:23.767565Z TRACE logical_optimizer: applied logical rule rule="PullDependentFilter"
2026-09-12T20:08:23.767723Z DEBUG logical_optimizer: applied=1 dependent_filters_pulled=1 visited=5 exhausted=false
2026-09-12T20:08:23.768236Z TRACE logical_optimizer: applied logical rule rule="PullDependentFilter"
2026-09-12T20:08:23.768329Z DEBUG logical_optimizer: applied=1 dependent_filters_pulled=1 visited=5 exhausted=false
2026-09-12T20:08:23.769267Z TRACE logical_optimizer: applied logical rule rule="PullDependentFilter"
2026-09-12T20:08:23.769361Z DEBUG logical_optimizer: applied=1 dependent_filters_pulled=1 visited=5 exhausted=false
2026-09-12T20:08:23.769980Z TRACE logical_optimizer: applied logical rule rule="PullDependentFilter"
2026-09-12T20:08:23.770097Z DEBUG logical_optimizer: applied=1 dependent_filters_pulled=1 visited=5 exhausted=false
2026-09-12T20:08:23.774119Z TRACE logical_optimizer: applied logical rule rule="PullDependentFilter"
2026-09-12T20:08:23.774238Z DEBUG logical_optimizer: applied=1 dependent_filters_pulled=1 visited=5 exhausted=false
2026-09-12T20:08:23.774657Z TRACE logical_optimizer: applied logical rule rule="PullDependentFilter"
2026-09-12T20:08:23.774752Z DEBUG logical_optimizer: applied=1 dependent_filters_pulled=1 visited=5 exhausted=false
2026-09-12T20:08:23.775194Z TRACE logical_optimizer: applied logical rule rule="PullDependentFilter"
2026-09-12T20:08:23.775312Z DEBUG logical_optimizer: applied=1 dependent_filters_pulled=1 visited=5 exhausted=false
2026-09-12T20:08:23.775919Z TRACE logical_optimizer: applied logical rule rule="PullDependentFilter"
2026-09-12T20:08:23.776031Z DEBUG logical_optimizer: applied=1 dependent_filters_pulled=1 visited=5 exhausted=false
2026-09-12T20:08:23.781251Z TRACE logical_optimizer: applied logical rule rule="PullDependentFilter"
2026-09-12T20:08:23.781378Z DEBUG logical_optimizer: applied=1 dependent_filters_pulled=1 visited=5 exhausted=false
2026-09-12T20:08:23.781801Z TRACE logical_optimizer: applied logical rule rule="PullDependentFilter"
2026-09-12T20:08:23.781913Z DEBUG logical_optimizer: applied=1 dependent_filters_pulled=1 visited=5 exhausted=false
2026-09-12T20:08:23.782303Z TRACE logical_optimizer: applied logical rule rule="PullDependentFilter"
2026-09-12T20:08:23.782412Z DEBUG logical_optimizer: applied=1 dependent_filters_pulled=1 visited=5 exhausted=false
2026-09-12T20:08:23.782977Z TRACE logical_optimizer: applied logical rule rule="PullDependentFilter"
2026-09-12T20:08:23.783076Z DEBUG logical_optimizer: applied=1 dependent_filters_pulled=1 visited=5 exhausted=false
2026-09-12T20:08:23.788731Z TRACE logical_optimizer: applied logical rule rule="PullDependentFilter"
2026-09-12T20:08:23.788880Z DEBUG logical_optimizer: applied=1 dependent_filters_pulled=1 visited=9 exhausted=false
2026-09-12T20:08:23.789061Z TRACE logical_optimizer: applied logical rule rule="PullDependentFilter"
2026-09-12T20:08:23.789183Z DEBUG logical_optimizer: applied=1 dependent_filters_pulled=1 visited=6 exhausted=false
2026-09-12T20:08:23.790942Z TRACE logical_optimizer: applied logical rule rule="PullDependentFilter"
2026-09-12T20:08:23.791080Z DEBUG logical_optimizer: applied=1 dependent_filters_pulled=1 visited=9 exhausted=false
2026-09-12T20:08:23.791236Z TRACE logical_optimizer: applied logical rule rule="PullDependentFilter"
2026-09-12T20:08:23.791351Z DEBUG logical_optimizer: applied=1 dependent_filters_pulled=1 visited=6 exhausted=false
2026-09-12T20:08:23.792777Z TRACE logical_optimizer: applied logical rule rule="PullDependentFilter"
2026-09-12T20:08:23.792887Z DEBUG logical_optimizer: applied=1 dependent_filters_pulled=1 visited=9 exhausted=false
2026-09-12T20:08:23.795172Z TRACE logical_optimizer: applied logical rule rule="PullDependentFilter"
2026-09-12T20:08:23.795288Z DEBUG logical_optimizer: applied=1 dependent_filters_pulled=1 visited=9 exhausted=false
2026-09-12T20:08:23.799994Z TRACE logical_optimizer: applied logical rule rule="PullDependentFilter"
2026-09-12T20:08:23.800124Z DEBUG logical_optimizer: applied=1 dependent_filters_pulled=1 visited=5 exhausted=false
2026-09-12T20:08:23.800582Z TRACE logical_optimizer: applied logical rule rule="PullDependentFilter"
2026-09-12T20:08:23.800707Z DEBUG logical_optimizer: applied=1 dependent_filters_pulled=1 visited=5 exhausted=false
2026-09-12T20:08:23.801530Z TRACE logical_optimizer: applied logical rule rule="PullDependentFilter"
2026-09-12T20:08:23.801648Z DEBUG logical_optimizer: applied=1 dependent_filters_pulled=1 visited=5 exhausted=false
2026-09-12T20:08:23.802200Z TRACE logical_optimizer: applied logical rule rule="PullDependentFilter"
2026-09-12T20:08:23.802306Z DEBUG logical_optimizer: applied=1 dependent_filters_pulled=1 visited=5 exhausted=false
2026-09-12T20:08:23.805639Z TRACE logical_optimizer: applied logical rule rule="PullDependentFilter"
2026-09-12T20:08:23.805796Z DEBUG logical_optimizer: applied=1 dependent_filters_pulled=1 visited=5 exhausted=false
2026-09-12T20:08:23.806363Z TRACE logical_optimizer: applied logical rule rule="PullDependentFilter"
2026-09-12T20:08:23.806476Z DEBUG logical_optimizer: applied=1 dependent_filters_pulled=1 visited=5 exhausted=false
2026-09-12T20:08:23.807111Z TRACE logical_optimizer: applied logical rule rule="PullDependentFilter"
2026-09-12T20:08:23.807240Z DEBUG logical_optimizer: applied=1 dependent_filters_pulled=1 visited=5 exhausted=false
2026-09-12T20:08:23.807841Z TRACE logical_optimizer: applied logical rule rule="PullDependentFilter"
2026-09-12T20:08:23.807957Z DEBUG logical_optimizer: applied=1 dependent_filters_pulled=1 visited=5 exhausted=false
2026-09-12T20:08:23.835089Z TRACE logical_optimizer: applied logical rule rule="PullDependentFilter"
2026-09-12T20:08:23.835283Z DEBUG logical_optimizer: applied=1 dependent_filters_pulled=1 visited=7 exhausted=false
2026-09-12T20:08:23.835703Z TRACE logical_optimizer: applied logical rule rule="PullDependentFilter"
2026-09-12T20:08:23.835817Z DEBUG logical_optimizer: applied=1 dependent_filters_pulled=1 visited=7 exhausted=false
2026-09-12T20:08:23.855303Z TRACE logical_optimizer: applied logical rule rule="PullDependentFilter"
2026-09-12T20:08:23.855481Z DEBUG logical_optimizer: applied=1 dependent_filters_pulled=1 visited=5 exhausted=false
2026-09-12T20:08:23.856103Z TRACE logical_optimizer: applied logical rule rule="PullDependentFilter"
2026-09-12T20:08:23.856219Z DEBUG logical_optimizer: applied=1 dependent_filters_pulled=1 visited=5 exhausted=false
2026-09-12T20:08:23.856782Z TRACE logical_optimizer: applied logical rule rule="PullDependentFilter"
2026-09-12T20:08:23.856885Z DEBUG logical_optimizer: applied=1 dependent_filters_pulled=1 visited=5 exhausted=false
2026-09-12T20:08:23.857526Z TRACE logical_optimizer: applied logical rule rule="PullDependentFilter"
2026-09-12T20:08:23.857628Z DEBUG logical_optimizer: applied=1 dependent_filters_pulled=1 visited=5 exhausted=false
2026-09-12T20:08:23.863302Z TRACE logical_optimizer: applied logical rule rule="PullDependentFilter"
2026-09-12T20:08:23.863459Z DEBUG logical_optimizer: applied=1 dependent_filters_pulled=1 visited=5 exhausted=false
2026-09-12T20:08:23.864954Z TRACE logical_optimizer: applied logical rule rule="PullDependentFilter"
2026-09-12T20:08:23.865086Z DEBUG logical_optimizer: applied=1 dependent_filters_pulled=1 visited=5 exhausted=false
2026-09-12T20:08:23.868995Z TRACE logical_optimizer: applied logical rule rule="PullDependentFilter"
2026-09-12T20:08:23.869115Z DEBUG logical_optimizer: applied=1 dependent_filters_pulled=1 visited=4 exhausted=false
2026-09-12T20:08:23.869543Z TRACE logical_optimizer: applied logical rule rule="PullDependentFilter"
2026-09-12T20:08:23.869656Z DEBUG logical_optimizer: applied=1 dependent_filters_pulled=1 visited=4 exhausted=false
2026-09-12T20:08:23.880207Z TRACE logical_optimizer: applied logical rule rule="PullDependentFilter"
2026-09-12T20:08:23.880398Z DEBUG logical_optimizer: applied=1 dependent_filters_pulled=1 visited=5 exhausted=false
2026-09-12T20:08:23.880906Z TRACE logical_optimizer: applied logical rule rule="PullDependentFilter"
2026-09-12T20:08:23.881023Z DEBUG logical_optimizer: applied=1 dependent_filters_pulled=1 visited=5 exhausted=false
2026-09-12T20:08:23.881628Z TRACE logical_optimizer: applied logical rule rule="PullDependentFilter"
2026-09-12T20:08:23.881742Z DEBUG logical_optimizer: applied=1 dependent_filters_pulled=1 visited=5 exhausted=false
2026-09-12T20:08:23.887307Z TRACE logical_optimizer: applied logical rule rule="PullDependentFilter"
2026-09-12T20:08:23.887442Z DEBUG logical_optimizer: applied=1 dependent_filters_pulled=1 visited=4 exhausted=false
2026-09-12T20:08:23.888013Z TRACE logical_optimizer: applied logical rule rule="PullDependentFilter"
2026-09-12T20:08:23.888126Z DEBUG logical_optimizer: applied=1 dependent_filters_pulled=1 visited=4 exhausted=false
2026-09-12T20:08:23.888933Z TRACE logical_optimizer: applied logical rule rule="PullDependentFilter"
2026-09-12T20:08:23.889050Z DEBUG logical_optimizer: applied=1 dependent_filters_pulled=1 visited=4 exhausted=false
2026-09-12T20:08:23.889667Z TRACE logical_optimizer: applied logical rule rule="PullDependentFilter"
2026-09-12T20:08:23.889790Z DEBUG logical_optimizer: applied=1 dependent_filters_pulled=1 visited=4 exhausted=false
2026-09-12T20:08:23.893466Z TRACE logical_optimizer: applied logical rule rule="PullDependentFilter"
2026-09-12T20:08:23.893584Z DEBUG logical_optimizer: applied=1 dependent_filters_pulled=1 visited=5 exhausted=false
2026-09-12T20:08:23.894797Z TRACE logical_optimizer: applied logical rule rule="PullDependentFilter"
2026-09-12T20:08:23.894923Z DEBUG logical_optimizer: applied=1 dependent_filters_pulled=1 visited=5 exhausted=false
2026-09-12T20:08:23.898784Z TRACE logical_optimizer: applied logical rule rule="PullDependentFilter"
2026-09-12T20:08:23.898941Z DEBUG logical_optimizer: applied=1 dependent_filters_pulled=1 visited=5 exhausted=false
2026-09-12T20:08:23.899430Z TRACE logical_optimizer: applied logical rule rule="PullDependentFilter"
2026-09-12T20:08:23.899543Z DEBUG logical_optimizer: applied=1 dependent_filters_pulled=1 visited=5 exhausted=false
2026-09-12T20:08:23.899945Z TRACE logical_optimizer: applied logical rule rule="PullDependentFilter"
2026-09-12T20:08:23.900056Z DEBUG logical_optimizer: applied=1 dependent_filters_pulled=1 visited=5 exhausted=false
2026-09-12T20:08:23.900588Z TRACE logical_optimizer: applied logical rule rule="PullDependentFilter"
2026-09-12T20:08:23.900687Z DEBUG logical_optimizer: applied=1 dependent_filters_pulled=1 visited=5 exhausted=false
2026-09-12T20:08:23.902828Z TRACE logical_optimizer: applied logical rule rule="PullDependentFilter"
2026-09-12T20:08:23.902940Z DEBUG logical_optimizer: applied=1 dependent_filters_pulled=1 visited=5 exhausted=false
2026-09-12T20:08:23.903520Z TRACE logical_optimizer: applied logical rule rule="PullDependentFilter"
2026-09-12T20:08:23.903632Z DEBUG logical_optimizer: applied=1 dependent_filters_pulled=1 visited=5 exhausted=false
2026-09-12T20:08:23.904183Z TRACE logical_optimizer: applied logical rule rule="PullDependentFilter"
2026-09-12T20:08:23.904288Z DEBUG logical_optimizer: applied=1 dependent_filters_pulled=1 visited=5 exhausted=false
2026-09-12T20:08:23.904866Z TRACE logical_optimizer: applied logical rule rule="PullDependentFilter"
2026-09-12T20:08:23.904975Z DEBUG logical_optimizer: applied=1 dependent_filters_pulled=1 visited=5 exhausted=false
2026-09-12T20:08:23.910473Z TRACE logical_optimizer: applied logical rule rule="PullDependentFilter"
2026-09-12T20:08:23.910610Z DEBUG logical_optimizer: applied=1 dependent_filters_pulled=1 visited=5 exhausted=false
2026-09-12T20:08:23.911014Z TRACE logical_optimizer: applied logical rule rule="PullDependentFilter"
2026-09-12T20:08:23.911126Z DEBUG logical_optimizer: applied=1 dependent_filters_pulled=1 visited=5 exhausted=false
2026-09-12T20:08:23.911487Z TRACE logical_optimizer: applied logical rule rule="PullDependentFilter"
2026-09-12T20:08:23.911588Z DEBUG logical_optimizer: applied=1 dependent_filters_pulled=1 visited=5 exhausted=false
2026-09-12T20:08:23.912115Z TRACE logical_optimizer: applied logical rule rule="PullDependentFilter"
2026-09-12T20:08:23.912217Z DEBUG logical_optimizer: applied=1 dependent_filters_pulled=1 visited=5 exhausted=false
2026-09-12T20:08:23.927796Z TRACE logical_optimizer: applied logical rule rule="PullDependentFilter"
2026-09-12T20:08:23.927966Z DEBUG logical_optimizer: applied=1 dependent_filters_pulled=1 visited=5 exhausted=false
2026-09-12T20:08:23.928445Z TRACE logical_optimizer: applied logical rule rule="PullDependentFilter"
2026-09-12T20:08:23.928561Z DEBUG logical_optimizer: applied=1 dependent_filters_pulled=1 visited=5 exhausted=false
2026-09-12T20:08:23.928927Z TRACE logical_optimizer: applied logical rule rule="PullDependentFilter"
2026-09-12T20:08:23.929051Z DEBUG logical_optimizer: applied=1 dependent_filters_pulled=1 visited=5 exhausted=false
2026-09-12T20:08:23.929623Z TRACE logical_optimizer: applied logical rule rule="PullDependentFilter"
2026-09-12T20:08:23.929773Z DEBUG logical_optimizer: applied=1 dependent_filters_pulled=1 visited=5 exhausted=false
2026-09-12T20:08:23.936147Z TRACE logical_optimizer: applied logical rule rule="PullDependentFilter"
2026-09-12T20:08:23.936253Z DEBUG logical_optimizer: applied=1 dependent_filters_pulled=1 visited=5 exhausted=false
2026-09-12T20:08:23.936621Z TRACE logical_optimizer: applied logical rule rule="PullDependentFilter"
2026-09-12T20:08:23.936720Z DEBUG logical_optimizer: applied=1 dependent_filters_pulled=1 visited=5 exhausted=false
2026-09-12T20:08:23.937092Z TRACE logical_optimizer: applied logical rule rule="PullDependentFilter"
2026-09-12T20:08:23.937182Z DEBUG logical_optimizer: applied=1 dependent_filters_pulled=1 visited=5 exhausted=false
2026-09-12T20:08:23.937683Z TRACE logical_optimizer: applied logical rule rule="PullDependentFilter"
2026-09-12T20:08:23.937777Z DEBUG logical_optimizer: applied=1 dependent_filters_pulled=1 visited=5 exhausted=false
2026-09-12T20:08:23.949166Z TRACE logical_optimizer: applied logical rule rule="PullDependentFilter"
2026-09-12T20:08:23.949327Z DEBUG logical_optimizer: applied=1 dependent_filters_pulled=1 visited=4 exhausted=false
2026-09-12T20:08:23.949667Z TRACE logical_optimizer: applied logical rule rule="PullDependentFilter"
2026-09-12T20:08:23.949799Z DEBUG logical_optimizer: applied=1 dependent_filters_pulled=1 visited=4 exhausted=false
2026-09-12T20:08:23.950097Z TRACE logical_optimizer: applied logical rule rule="PullDependentFilter"
2026-09-12T20:08:23.950193Z DEBUG logical_optimizer: applied=1 dependent_filters_pulled=1 visited=4 exhausted=false
2026-09-12T20:08:23.950763Z TRACE logical_optimizer: applied logical rule rule="PullDependentFilter"
2026-09-12T20:08:23.950860Z DEBUG logical_optimizer: applied=1 dependent_filters_pulled=1 visited=4 exhausted=false
2026-09-12T20:08:23.964876Z TRACE logical_optimizer: applied logical rule rule="PullDependentFilter"
2026-09-12T20:08:23.965048Z DEBUG logical_optimizer: applied=1 dependent_filters_pulled=1 visited=5 exhausted=false
2026-09-12T20:08:23.965532Z TRACE logical_optimizer: applied logical rule rule="PullDependentFilter"
2026-09-12T20:08:23.965650Z DEBUG logical_optimizer: applied=1 dependent_filters_pulled=1 visited=5 exhausted=false
2026-09-12T20:08:23.966283Z TRACE logical_optimizer: applied logical rule rule="PullDependentFilter"
2026-09-12T20:08:23.966387Z DEBUG logical_optimizer: applied=1 dependent_filters_pulled=1 visited=5 exhausted=false
2026-09-12T20:08:23.966964Z TRACE logical_optimizer: applied logical rule rule="PullDependentFilter"
2026-09-12T20:08:23.967076Z DEBUG logical_optimizer: applied=1 dependent_filters_pulled=1 visited=5 exhausted=false
2026-09-12T20:08:23.987560Z TRACE logical_optimizer: applied logical rule rule="PullDependentFilter"
2026-09-12T20:08:23.987736Z DEBUG logical_optimizer: applied=1 dependent_filters_pulled=1 visited=5 exhausted=false
2026-09-12T20:08:23.988220Z TRACE logical_optimizer: applied logical rule rule="PullDependentFilter"
2026-09-12T20:08:23.988336Z DEBUG logical_optimizer: applied=1 dependent_filters_pulled=1 visited=5 exhausted=false
2026-09-12T20:08:23.988911Z TRACE logical_optimizer: applied logical rule rule="PullDependentFilter"
2026-09-12T20:08:23.989024Z DEBUG logical_optimizer: applied=1 dependent_filters_pulled=1 visited=5 exhausted=false
2026-09-12T20:08:23.989641Z TRACE logical_optimizer: applied logical rule rule="PullDependentFilter"
2026-09-12T20:08:23.989799Z DEBUG logical_optimizer: applied=1 dependent_filters_pulled=1 visited=5 exhausted=false
2026-09-12T20:08:23.991783Z TRACE logical_optimizer: applied logical rule rule="PullDependentFilter"
2026-09-12T20:08:23.991898Z DEBUG logical_optimizer: applied=1 dependent_filters_pulled=1 visited=5 exhausted=false
2026-09-12T20:08:23.993320Z TRACE logical_optimizer: applied logical rule rule="PullDependentFilter"
2026-09-12T20:08:23.993434Z DEBUG logical_optimizer: applied=1 dependent_filters_pulled=1 visited=5 exhausted=false
2026-09-12T20:08:23.994946Z TRACE logical_optimizer: applied logical rule rule="PullDependentFilter"
2026-09-12T20:08:23.995089Z DEBUG logical_optimizer: applied=1 dependent_filters_pulled=1 visited=5 exhausted=false
2026-09-12T20:08:23.996423Z TRACE logical_optimizer: applied logical rule rule="PullDependentFilter"
2026-09-12T20:08:23.996531Z DEBUG logical_optimizer: applied=1 dependent_filters_pulled=1 visited=5 exhausted=false
2026-09-12T20:08:24.004396Z TRACE logical_optimizer: applied logical rule rule="PullDependentFilter"
2026-09-12T20:08:24.004504Z DEBUG logical_optimizer: applied=1 dependent_filters_pulled=1 visited=5 exhausted=false
2026-09-12T20:08:24.004876Z TRACE logical_optimizer: applied logical rule rule="PullDependentFilter"
2026-09-12T20:08:24.004963Z DEBUG logical_optimizer: applied=1 dependent_filters_pulled=1 visited=5 exhausted=false
2026-09-12T20:08:24.005360Z TRACE logical_optimizer: applied logical rule rule="PullDependentFilter"
2026-09-12T20:08:24.005468Z DEBUG logical_optimizer: applied=1 dependent_filters_pulled=1 visited=5 exhausted=false
2026-09-12T20:08:24.006004Z TRACE logical_optimizer: applied logical rule rule="PullDependentFilter"
2026-09-12T20:08:24.006112Z DEBUG logical_optimizer: applied=1 dependent_filters_pulled=1 visited=5 exhausted=false
2026-09-12T20:08:24.010239Z TRACE logical_optimizer: applied logical rule rule="PullDependentFilter"
2026-09-12T20:08:24.010347Z DEBUG logical_optimizer: applied=1 dependent_filters_pulled=1 visited=5 exhausted=false
2026-09-12T20:08:24.010804Z TRACE logical_optimizer: applied logical rule rule="PullDependentFilter"
2026-09-12T20:08:24.010912Z DEBUG logical_optimizer: applied=1 dependent_filters_pulled=1 visited=5 exhausted=false
2026-09-12T20:08:24.011363Z TRACE logical_optimizer: applied logical rule rule="PullDependentFilter"
2026-09-12T20:08:24.011472Z DEBUG logical_optimizer: applied=1 dependent_filters_pulled=1 visited=5 exhausted=false
2026-09-12T20:08:24.011981Z TRACE logical_optimizer: applied logical rule rule="PullDependentFilter"
2026-09-12T20:08:24.012086Z DEBUG logical_optimizer: applied=1 dependent_filters_pulled=1 visited=5 exhausted=false
2026-09-12T20:08:24.023445Z TRACE logical_optimizer: applied logical rule rule="PullDependentFilter"
2026-09-12T20:08:24.023615Z DEBUG logical_optimizer: applied=1 dependent_filters_pulled=1 visited=6 exhausted=false
2026-09-12T20:08:24.024071Z TRACE logical_optimizer: applied logical rule rule="PullDependentFilter"
2026-09-12T20:08:24.024179Z DEBUG logical_optimizer: applied=1 dependent_filters_pulled=1 visited=6 exhausted=false
2026-09-12T20:08:24.028245Z TRACE logical_optimizer: applied logical rule rule="PullDependentFilter"
2026-09-12T20:08:24.028363Z DEBUG logical_optimizer: applied=1 dependent_filters_pulled=1 visited=5 exhausted=false
2026-09-12T20:08:24.028731Z TRACE logical_optimizer: applied logical rule rule="PullDependentFilter"
2026-09-12T20:08:24.028837Z DEBUG logical_optimizer: applied=1 dependent_filters_pulled=1 visited=5 exhausted=false
2026-09-12T20:08:24.029326Z TRACE logical_optimizer: applied logical rule rule="PullDependentFilter"
2026-09-12T20:08:24.029435Z DEBUG logical_optimizer: applied=1 dependent_filters_pulled=1 visited=5 exhausted=false
2026-09-12T20:08:24.029945Z TRACE logical_optimizer: applied logical rule rule="PullDependentFilter"
2026-09-12T20:08:24.030052Z DEBUG logical_optimizer: applied=1 dependent_filters_pulled=1 visited=5 exhausted=false
2026-09-12T20:08:24.037744Z TRACE logical_optimizer: applied logical rule rule="PullDependentFilter"
2026-09-12T20:08:24.037850Z DEBUG logical_optimizer: applied=1 dependent_filters_pulled=1 visited=6 exhausted=false
2026-09-12T20:08:24.038232Z TRACE logical_optimizer: applied logical rule rule="PullDependentFilter"
2026-09-12T20:08:24.038320Z DEBUG logical_optimizer: applied=1 dependent_filters_pulled=1 visited=6 exhausted=false
2026-09-12T20:08:24.047620Z TRACE logical_optimizer: applied logical rule rule="PullDependentFilter"
2026-09-12T20:08:24.047769Z DEBUG logical_optimizer: applied=1 dependent_filters_pulled=1 visited=5 exhausted=false
2026-09-12T20:08:24.048153Z TRACE logical_optimizer: applied logical rule rule="PullDependentFilter"
2026-09-12T20:08:24.048296Z DEBUG logical_optimizer: applied=1 dependent_filters_pulled=1 visited=5 exhausted=false
2026-09-12T20:08:24.048697Z TRACE logical_optimizer: applied logical rule rule="PullDependentFilter"
2026-09-12T20:08:24.048794Z DEBUG logical_optimizer: applied=1 dependent_filters_pulled=1 visited=5 exhausted=false
2026-09-12T20:08:24.049286Z TRACE logical_optimizer: applied logical rule rule="PullDependentFilter"
2026-09-12T20:08:24.049384Z DEBUG logical_optimizer: applied=1 dependent_filters_pulled=1 visited=5 exhausted=false
2026-09-12T20:08:24.053433Z TRACE logical_optimizer: applied logical rule rule="PullDependentFilter"
2026-09-12T20:08:24.053563Z DEBUG logical_optimizer: applied=1 dependent_filters_pulled=1 visited=5 exhausted=false
2026-09-12T20:08:24.053971Z TRACE logical_optimizer: applied logical rule rule="PullDependentFilter"
2026-09-12T20:08:24.054072Z DEBUG logical_optimizer: applied=1 dependent_filters_pulled=1 visited=5 exhausted=false
2026-09-12T20:08:24.054516Z TRACE logical_optimizer: applied logical rule rule="PullDependentFilter"
2026-09-12T20:08:24.054613Z DEBUG logical_optimizer: applied=1 dependent_filters_pulled=1 visited=5 exhausted=false
2026-09-12T20:08:24.055149Z TRACE logical_optimizer: applied logical rule rule="PullDependentFilter"
2026-09-12T20:08:24.055249Z DEBUG logical_optimizer: applied=1 dependent_filters_pulled=1 visited=5 exhausted=false
2026-09-12T20:08:24.056045Z TRACE logical_optimizer: applied logical rule rule="PullDependentFilter"
2026-09-12T20:08:24.056148Z DEBUG logical_optimizer: applied=1 dependent_filters_pulled=1 visited=5 exhausted=false
2026-09-12T20:08:24.056535Z TRACE logical_optimizer: applied logical rule rule="PullDependentFilter"
2026-09-12T20:08:24.056628Z DEBUG logical_optimizer: applied=1 dependent_filters_pulled=1 visited=5 exhausted=false
2026-09-12T20:08:24.057560Z TRACE logical_optimizer: applied logical rule rule="PullDependentFilter"
2026-09-12T20:08:24.057658Z DEBUG logical_optimizer: applied=1 dependent_filters_pulled=1 visited=5 exhausted=false
2026-09-12T20:08:24.058203Z TRACE logical_optimizer: applied logical rule rule="PullDependentFilter"
2026-09-12T20:08:24.058298Z DEBUG logical_optimizer: applied=1 dependent_filters_pulled=1 visited=5 exhausted=false
2026-09-12T20:08:24.082015Z TRACE logical_optimizer: applied logical rule rule="PullDependentFilter"
2026-09-12T20:08:24.082180Z DEBUG logical_optimizer: applied=1 dependent_filters_pulled=1 visited=6 exhausted=false
2026-09-12T20:08:24.082672Z TRACE logical_optimizer: applied logical rule rule="PullDependentFilter"
2026-09-12T20:08:24.082779Z DEBUG logical_optimizer: applied=1 dependent_filters_pulled=1 visited=6 exhausted=false
2026-09-12T20:08:24.083343Z TRACE logical_optimizer: applied logical rule rule="PullDependentFilter"
2026-09-12T20:08:24.083456Z DEBUG logical_optimizer: applied=1 dependent_filters_pulled=1 visited=5 exhausted=false
2026-09-12T20:08:24.083791Z TRACE logical_optimizer: applied logical rule rule="PullDependentFilter"
2026-09-12T20:08:24.083899Z DEBUG logical_optimizer: applied=1 dependent_filters_pulled=1 visited=5 exhausted=false
2026-09-12T20:08:24.084253Z TRACE logical_optimizer: applied logical rule rule="PullDependentFilter"
2026-09-12T20:08:24.084349Z DEBUG logical_optimizer: applied=1 dependent_filters_pulled=1 visited=5 exhausted=false
2026-09-12T20:08:24.084821Z TRACE logical_optimizer: applied logical rule rule="PullDependentFilter"
2026-09-12T20:08:24.084923Z DEBUG logical_optimizer: applied=1 dependent_filters_pulled=1 visited=5 exhausted=false
2026-09-12T20:08:24.091518Z TRACE logical_optimizer: applied logical rule rule="PullDependentFilter"
2026-09-12T20:08:24.091669Z DEBUG logical_optimizer: applied=1 dependent_filters_pulled=1 visited=6 exhausted=false
2026-09-12T20:08:24.092753Z TRACE logical_optimizer: applied logical rule rule="PullDependentFilter"
2026-09-12T20:08:24.092863Z DEBUG logical_optimizer: applied=1 dependent_filters_pulled=1 visited=6 exhausted=false
2026-09-12T20:08:24.095723Z TRACE logical_optimizer: applied logical rule rule="PullDependentFilter"
2026-09-12T20:08:24.095901Z DEBUG logical_optimizer: applied=1 dependent_filters_pulled=1 visited=5 exhausted=false
2026-09-12T20:08:24.096351Z TRACE logical_optimizer: applied logical rule rule="PullDependentFilter"
2026-09-12T20:08:24.096455Z DEBUG logical_optimizer: applied=1 dependent_filters_pulled=1 visited=5 exhausted=false
2026-09-12T20:08:24.097045Z TRACE logical_optimizer: applied logical rule rule="PullDependentFilter"
2026-09-12T20:08:24.097149Z DEBUG logical_optimizer: applied=1 dependent_filters_pulled=1 visited=5 exhausted=false
2026-09-12T20:08:24.097693Z TRACE logical_optimizer: applied logical rule rule="PullDependentFilter"
2026-09-12T20:08:24.097795Z DEBUG logical_optimizer: applied=1 dependent_filters_pulled=1 visited=5 exhausted=false
2026-09-12T20:08:24.103817Z TRACE logical_optimizer: applied logical rule rule="PullDependentFilter"
2026-09-12T20:08:24.103942Z DEBUG logical_optimizer: applied=1 dependent_filters_pulled=1 visited=6 exhausted=false
2026-09-12T20:08:24.104496Z TRACE logical_optimizer: applied logical rule rule="PullDependentFilter"
2026-09-12T20:08:24.104595Z DEBUG logical_optimizer: applied=1 dependent_filters_pulled=1 visited=6 exhausted=false
2026-09-12T20:08:24.108008Z TRACE logical_optimizer: applied logical rule rule="PullDependentFilter"
2026-09-12T20:08:24.108158Z DEBUG logical_optimizer: applied=1 dependent_filters_pulled=1 visited=5 exhausted=false
2026-09-12T20:08:24.108668Z TRACE logical_optimizer: applied logical rule rule="PullDependentFilter"
2026-09-12T20:08:24.108777Z DEBUG logical_optimizer: applied=1 dependent_filters_pulled=1 visited=5 exhausted=false
2026-09-12T20:08:24.109354Z TRACE logical_optimizer: applied logical rule rule="PullDependentFilter"
2026-09-12T20:08:24.109465Z DEBUG logical_optimizer: applied=1 dependent_filters_pulled=1 visited=5 exhausted=false
2026-09-12T20:08:24.112105Z TRACE logical_optimizer: applied logical rule rule="PullDependentFilter"
2026-09-12T20:08:24.112216Z TRACE logical_optimizer: applied logical rule rule="PullDependentFilter"
2026-09-12T20:08:24.112336Z DEBUG logical_optimizer: applied=2 dependent_filters_pulled=2 visited=8 exhausted=false
2026-09-12T20:08:24.113060Z TRACE logical_optimizer: applied logical rule rule="PullDependentFilter"
2026-09-12T20:08:24.113152Z TRACE logical_optimizer: applied logical rule rule="PullDependentFilter"
2026-09-12T20:08:24.113251Z DEBUG logical_optimizer: applied=2 dependent_filters_pulled=2 visited=8 exhausted=false
2026-09-12T20:08:24.113945Z TRACE logical_optimizer: applied logical rule rule="PullDependentFilter"
2026-09-12T20:08:24.114055Z DEBUG logical_optimizer: applied=1 dependent_filters_pulled=1 visited=5 exhausted=false
2026-09-12T20:08:24.114385Z TRACE logical_optimizer: applied logical rule rule="PullDependentFilter"
2026-09-12T20:08:24.114486Z DEBUG logical_optimizer: applied=1 dependent_filters_pulled=1 visited=5 exhausted=false
2026-09-12T20:08:24.115945Z TRACE logical_optimizer: applied logical rule rule="PullDependentFilter"
2026-09-12T20:08:24.116054Z DEBUG logical_optimizer: applied=1 dependent_filters_pulled=1 visited=5 exhausted=false
2026-09-12T20:08:24.116595Z TRACE logical_optimizer: applied logical rule rule="PullDependentFilter"
2026-09-12T20:08:24.116695Z DEBUG logical_optimizer: applied=1 dependent_filters_pulled=1 visited=5 exhausted=false
2026-09-12T20:08:24.127158Z TRACE logical_optimizer: applied logical rule rule="PullDependentFilter"
2026-09-12T20:08:24.127289Z DEBUG logical_optimizer: applied=1 dependent_filters_pulled=1 visited=6 exhausted=false
2026-09-12T20:08:24.127670Z TRACE logical_optimizer: applied logical rule rule="PullDependentFilter"
2026-09-12T20:08:24.127769Z DEBUG logical_optimizer: applied=1 dependent_filters_pulled=1 visited=6 exhausted=false
2026-09-12T20:08:24.128160Z TRACE logical_optimizer: applied logical rule rule="PullDependentFilter"
2026-09-12T20:08:24.128266Z DEBUG logical_optimizer: applied=1 dependent_filters_pulled=1 visited=5 exhausted=false
2026-09-12T20:08:24.128775Z TRACE logical_optimizer: applied logical rule rule="PullDependentFilter"
2026-09-12T20:08:24.128873Z DEBUG logical_optimizer: applied=1 dependent_filters_pulled=1 visited=5 exhausted=false
2026-09-12T20:08:24.129481Z TRACE logical_optimizer: applied logical rule rule="PullDependentFilter"
2026-09-12T20:08:24.129576Z DEBUG logical_optimizer: applied=1 dependent_filters_pulled=1 visited=5 exhausted=false
2026-09-12T20:08:24.130209Z TRACE logical_optimizer: applied logical rule rule="PullDependentFilter"
2026-09-12T20:08:24.130310Z DEBUG logical_optimizer: applied=1 dependent_filters_pulled=1 visited=5 exhausted=false
2026-09-12T20:08:24.140066Z TRACE logical_optimizer: applied logical rule rule="PullDependentFilter"
2026-09-12T20:08:24.140181Z DEBUG logical_optimizer: applied=1 dependent_filters_pulled=1 visited=5 exhausted=false
2026-09-12T20:08:24.140516Z TRACE logical_optimizer: applied logical rule rule="PullDependentFilter"
2026-09-12T20:08:24.140585Z DEBUG logical_optimizer: applied=1 dependent_filters_pulled=1 visited=5 exhausted=false
2026-09-12T20:08:24.140902Z TRACE logical_optimizer: applied logical rule rule="PullDependentFilter"
2026-09-12T20:08:24.140994Z DEBUG logical_optimizer: applied=1 dependent_filters_pulled=1 visited=5 exhausted=false
2026-09-12T20:08:24.141418Z TRACE logical_optimizer: applied logical rule rule="PullDependentFilter"
2026-09-12T20:08:24.141499Z DEBUG logical_optimizer: applied=1 dependent_filters_pulled=1 visited=5 exhausted=false
2026-09-12T20:08:24.147128Z TRACE logical_optimizer: applied logical rule rule="PullDependentFilter"
2026-09-12T20:08:24.147265Z DEBUG logical_optimizer: applied=1 dependent_filters_pulled=1 visited=5 exhausted=false
2026-09-12T20:08:24.148201Z TRACE logical_optimizer: applied logical rule rule="PullDependentFilter"
2026-09-12T20:08:24.148308Z DEBUG logical_optimizer: applied=1 dependent_filters_pulled=1 visited=5 exhausted=false
2026-09-12T20:08:24.168556Z TRACE logical_optimizer: applied logical rule rule="PullDependentFilter"
2026-09-12T20:08:24.168728Z DEBUG logical_optimizer: applied=1 dependent_filters_pulled=1 visited=6 exhausted=false
2026-09-12T20:08:24.169092Z TRACE logical_optimizer: applied logical rule rule="PullDependentFilter"
2026-09-12T20:08:24.169195Z DEBUG logical_optimizer: applied=1 dependent_filters_pulled=1 visited=6 exhausted=false
2026-09-12T20:08:24.174293Z TRACE logical_optimizer: applied logical rule rule="PullDependentFilter"
2026-09-12T20:08:24.174415Z DEBUG logical_optimizer: applied=1 dependent_filters_pulled=1 visited=5 exhausted=false
2026-09-12T20:08:24.174922Z TRACE logical_optimizer: applied logical rule rule="PullDependentFilter"
2026-09-12T20:08:24.175049Z DEBUG logical_optimizer: applied=1 dependent_filters_pulled=1 visited=5 exhausted=false
2026-09-12T20:08:24.175655Z TRACE logical_optimizer: applied logical rule rule="PullDependentFilter"
2026-09-12T20:08:24.175760Z DEBUG logical_optimizer: applied=1 dependent_filters_pulled=1 visited=5 exhausted=false
2026-09-12T20:08:24.176339Z TRACE logical_optimizer: applied logical rule rule="PullDependentFilter"
2026-09-12T20:08:24.176443Z DEBUG logical_optimizer: applied=1 dependent_filters_pulled=1 visited=5 exhausted=false
2026-09-12T20:08:24.180655Z TRACE logical_optimizer: applied logical rule rule="PullDependentFilter"
2026-09-12T20:08:24.180772Z DEBUG logical_optimizer: applied=1 dependent_filters_pulled=1 visited=5 exhausted=false
2026-09-12T20:08:24.181152Z TRACE logical_optimizer: applied logical rule rule="PullDependentFilter"
2026-09-12T20:08:24.181260Z DEBUG logical_optimizer: applied=1 dependent_filters_pulled=1 visited=5 exhausted=false
2026-09-12T20:08:24.181722Z TRACE logical_optimizer: applied logical rule rule="PullDependentFilter"
2026-09-12T20:08:24.181823Z DEBUG logical_optimizer: applied=1 dependent_filters_pulled=1 visited=5 exhausted=false
2026-09-12T20:08:24.182327Z TRACE logical_optimizer: applied logical rule rule="PullDependentFilter"
2026-09-12T20:08:24.182432Z DEBUG logical_optimizer: applied=1 dependent_filters_pulled=1 visited=5 exhausted=false
2026-09-12T20:08:24.185370Z TRACE logical_optimizer: applied logical rule rule="PullDependentFilter"
2026-09-12T20:08:24.185474Z DEBUG logical_optimizer: applied=1 dependent_filters_pulled=1 visited=5 exhausted=false
2026-09-12T20:08:24.185937Z TRACE logical_optimizer: applied logical rule rule="PullDependentFilter"
2026-09-12T20:08:24.186045Z DEBUG logical_optimizer: applied=1 dependent_filters_pulled=1 visited=5 exhausted=false
2026-09-12T20:08:24.186506Z TRACE logical_optimizer: applied logical rule rule="PullDependentFilter"
2026-09-12T20:08:24.186607Z DEBUG logical_optimizer: applied=1 dependent_filters_pulled=1 visited=5 exhausted=false
2026-09-12T20:08:24.187231Z TRACE logical_optimizer: applied logical rule rule="PullDependentFilter"
2026-09-12T20:08:24.187334Z DEBUG logical_optimizer: applied=1 dependent_filters_pulled=1 visited=5 exhausted=false
2026-09-12T20:08:24.192923Z TRACE logical_optimizer: applied logical rule rule="PullDependentFilter"
2026-09-12T20:08:24.193033Z DEBUG logical_optimizer: applied=1 dependent_filters_pulled=1 visited=5 exhausted=false
2026-09-12T20:08:24.193517Z TRACE logical_optimizer: applied logical rule rule="PullDependentFilter"
2026-09-12T20:08:24.193622Z DEBUG logical_optimizer: applied=1 dependent_filters_pulled=1 visited=5 exhausted=false
2026-09-12T20:08:24.194157Z TRACE logical_optimizer: applied logical rule rule="PullDependentFilter"
2026-09-12T20:08:24.194258Z DEBUG logical_optimizer: applied=1 dependent_filters_pulled=1 visited=5 exhausted=false
2026-09-12T20:08:24.194879Z TRACE logical_optimizer: applied logical rule rule="PullDependentFilter"
2026-09-12T20:08:24.194981Z DEBUG logical_optimizer: applied=1 dependent_filters_pulled=1 visited=5 exhausted=false
2026-09-12T20:08:24.212555Z TRACE logical_optimizer: applied logical rule rule="PullDependentFilter"
2026-09-12T20:08:24.212754Z DEBUG logical_optimizer: applied=1 dependent_filters_pulled=1 visited=5 exhausted=false
2026-09-12T20:08:24.213197Z TRACE logical_optimizer: applied logical rule rule="PullDependentFilter"
2026-09-12T20:08:24.213301Z DEBUG logical_optimizer: applied=1 dependent_filters_pulled=1 visited=5 exhausted=false
2026-09-12T20:08:24.213786Z TRACE logical_optimizer: applied logical rule rule="PullDependentFilter"
2026-09-12T20:08:24.213883Z DEBUG logical_optimizer: applied=1 dependent_filters_pulled=1 visited=5 exhausted=false
2026-09-12T20:08:24.214403Z TRACE logical_optimizer: applied logical rule rule="PullDependentFilter"
2026-09-12T20:08:24.214501Z DEBUG logical_optimizer: applied=1 dependent_filters_pulled=1 visited=5 exhausted=false
2026-09-12T20:08:24.220657Z TRACE logical_optimizer: applied logical rule rule="PullDependentFilter"
2026-09-12T20:08:24.220775Z DEBUG logical_optimizer: applied=1 dependent_filters_pulled=1 visited=5 exhausted=false
2026-09-12T20:08:24.221161Z TRACE logical_optimizer: applied logical rule rule="PullDependentFilter"
2026-09-12T20:08:24.221261Z DEBUG logical_optimizer: applied=1 dependent_filters_pulled=1 visited=5 exhausted=false
2026-09-12T20:08:24.221674Z TRACE logical_optimizer: applied logical rule rule="PullDependentFilter"
2026-09-12T20:08:24.221773Z DEBUG logical_optimizer: applied=1 dependent_filters_pulled=1 visited=5 exhausted=false
2026-09-12T20:08:24.222304Z TRACE logical_optimizer: applied logical rule rule="PullDependentFilter"
2026-09-12T20:08:24.222400Z DEBUG logical_optimizer: applied=1 dependent_filters_pulled=1 visited=5 exhausted=false
2026-09-12T20:08:24.229429Z TRACE logical_optimizer: applied logical rule rule="PullDependentFilter"
2026-09-12T20:08:24.229555Z DEBUG logical_optimizer: applied=1 dependent_filters_pulled=1 visited=5 exhausted=false
2026-09-12T20:08:24.230458Z TRACE logical_optimizer: applied logical rule rule="PullDependentFilter"
2026-09-12T20:08:24.230561Z DEBUG logical_optimizer: applied=1 dependent_filters_pulled=1 visited=5 exhausted=false
2026-09-12T20:08:24.237457Z TRACE logical_optimizer: applied logical rule rule="PullDependentFilter"
2026-09-12T20:08:24.237582Z DEBUG logical_optimizer: applied=1 dependent_filters_pulled=1 visited=5 exhausted=false
2026-09-12T20:08:24.238094Z TRACE logical_optimizer: applied logical rule rule="PullDependentFilter"
2026-09-12T20:08:24.238194Z DEBUG logical_optimizer: applied=1 dependent_filters_pulled=1 visited=5 exhausted=false
2026-09-12T20:08:24.238873Z TRACE logical_optimizer: applied logical rule rule="PullDependentFilter"
2026-09-12T20:08:24.238947Z DEBUG logical_optimizer: applied=1 dependent_filters_pulled=1 visited=5 exhausted=false
2026-09-12T20:08:24.239533Z TRACE logical_optimizer: applied logical rule rule="PullDependentFilter"
2026-09-12T20:08:24.239641Z DEBUG logical_optimizer: applied=1 dependent_filters_pulled=1 visited=5 exhausted=false
2026-09-12T20:08:24.249608Z TRACE logical_optimizer: applied logical rule rule="PullDependentFilter"
2026-09-12T20:08:24.249747Z DEBUG logical_optimizer: applied=1 dependent_filters_pulled=1 visited=5 exhausted=false
2026-09-12T20:08:24.250270Z TRACE logical_optimizer: applied logical rule rule="PullDependentFilter"
2026-09-12T20:08:24.250395Z DEBUG logical_optimizer: applied=1 dependent_filters_pulled=1 visited=5 exhausted=false
2026-09-12T20:08:24.250858Z TRACE logical_optimizer: applied logical rule rule="PullDependentFilter"
2026-09-12T20:08:24.250964Z DEBUG logical_optimizer: applied=1 dependent_filters_pulled=1 visited=5 exhausted=false
2026-09-12T20:08:24.251588Z TRACE logical_optimizer: applied logical rule rule="PullDependentFilter"
2026-09-12T20:08:24.251690Z DEBUG logical_optimizer: applied=1 dependent_filters_pulled=1 visited=5 exhausted=false
2026-09-12T20:08:24.254510Z TRACE logical_optimizer: applied logical rule rule="PullDependentFilter"
2026-09-12T20:08:24.254622Z DEBUG logical_optimizer: applied=1 dependent_filters_pulled=1 visited=5 exhausted=false
2026-09-12T20:08:24.255077Z TRACE logical_optimizer: applied logical rule rule="PullDependentFilter"
2026-09-12T20:08:24.255186Z DEBUG logical_optimizer: applied=1 dependent_filters_pulled=1 visited=5 exhausted=false
2026-09-12T20:08:24.255647Z TRACE logical_optimizer: applied logical rule rule="PullDependentFilter"
2026-09-12T20:08:24.255762Z DEBUG logical_optimizer: applied=1 dependent_filters_pulled=1 visited=5 exhausted=false
2026-09-12T20:08:24.256491Z TRACE logical_optimizer: applied logical rule rule="PullDependentFilter"
2026-09-12T20:08:24.256595Z DEBUG logical_optimizer: applied=1 dependent_filters_pulled=1 visited=5 exhausted=false
2026-09-12T20:08:24.261780Z TRACE logical_optimizer: applied logical rule rule="PullDependentFilter"
2026-09-12T20:08:24.261895Z DEBUG logical_optimizer: applied=1 dependent_filters_pulled=1 visited=5 exhausted=false
2026-09-12T20:08:24.263031Z TRACE logical_optimizer: applied logical rule rule="PullDependentFilter"
2026-09-12T20:08:24.263148Z DEBUG logical_optimizer: applied=1 dependent_filters_pulled=1 visited=5 exhausted=false
2026-09-12T20:08:24.269362Z TRACE logical_optimizer: applied logical rule rule="PullDependentFilter"
2026-09-12T20:08:24.269491Z DEBUG logical_optimizer: applied=1 dependent_filters_pulled=1 visited=5 exhausted=false
2026-09-12T20:08:24.269887Z TRACE logical_optimizer: applied logical rule rule="PullDependentFilter"
2026-09-12T20:08:24.269992Z DEBUG logical_optimizer: applied=1 dependent_filters_pulled=1 visited=5 exhausted=false
2026-09-12T20:08:24.270456Z TRACE logical_optimizer: applied logical rule rule="PullDependentFilter"
2026-09-12T20:08:24.270558Z DEBUG logical_optimizer: applied=1 dependent_filters_pulled=1 visited=5 exhausted=false
2026-09-12T20:08:24.271107Z TRACE logical_optimizer: applied logical rule rule="PullDependentFilter"
2026-09-12T20:08:24.271204Z DEBUG logical_optimizer: applied=1 dependent_filters_pulled=1 visited=5 exhausted=false
2026-09-12T20:08:24.272021Z TRACE logical_optimizer: applied logical rule rule="PullDependentFilter"
2026-09-12T20:08:24.272134Z DEBUG logical_optimizer: applied=1 dependent_filters_pulled=1 visited=5 exhausted=false
2026-09-12T20:08:24.272648Z TRACE logical_optimizer: applied logical rule rule="PullDependentFilter"
2026-09-12T20:08:24.272743Z DEBUG logical_optimizer: applied=1 dependent_filters_pulled=1 visited=5 exhausted=false
2026-09-12T20:08:24.273314Z TRACE logical_optimizer: applied logical rule rule="PullDependentFilter"
2026-09-12T20:08:24.273414Z DEBUG logical_optimizer: applied=1 dependent_filters_pulled=1 visited=5 exhausted=false
2026-09-12T20:08:24.274004Z TRACE logical_optimizer: applied logical rule rule="PullDependentFilter"
2026-09-12T20:08:24.274104Z DEBUG logical_optimizer: applied=1 dependent_filters_pulled=1 visited=5 exhausted=false
2026-09-12T20:08:24.310670Z TRACE logical_optimizer: applied logical rule rule="PullDependentFilter"
2026-09-12T20:08:24.310852Z DEBUG logical_optimizer: applied=1 dependent_filters_pulled=1 visited=5 exhausted=false
2026-09-12T20:08:24.311258Z TRACE logical_optimizer: applied logical rule rule="PullDependentFilter"
2026-09-12T20:08:24.311371Z DEBUG logical_optimizer: applied=1 dependent_filters_pulled=1 visited=5 exhausted=false
2026-09-12T20:08:24.311856Z TRACE logical_optimizer: applied logical rule rule="PullDependentFilter"
2026-09-12T20:08:24.311970Z DEBUG logical_optimizer: applied=1 dependent_filters_pulled=1 visited=5 exhausted=false
2026-09-12T20:08:24.312718Z TRACE logical_optimizer: applied logical rule rule="PullDependentFilter"
2026-09-12T20:08:24.312848Z DEBUG logical_optimizer: applied=1 dependent_filters_pulled=1 visited=5 exhausted=false
2026-09-12T20:08:24.339674Z TRACE logical_optimizer: applied logical rule rule="PullDependentFilter"
2026-09-12T20:08:24.339866Z DEBUG logical_optimizer: applied=1 dependent_filters_pulled=1 visited=6 exhausted=false
2026-09-12T20:08:24.340820Z TRACE logical_optimizer: applied logical rule rule="PullDependentFilter"
2026-09-12T20:08:24.340942Z DEBUG logical_optimizer: applied=1 dependent_filters_pulled=1 visited=6 exhausted=false
2026-09-12T20:08:24.342891Z TRACE logical_optimizer: applied logical rule rule="PullDependentFilter"
2026-09-12T20:08:24.342998Z DEBUG logical_optimizer: applied=1 dependent_filters_pulled=1 visited=6 exhausted=false
2026-09-12T20:08:24.359747Z TRACE logical_optimizer: applied logical rule rule="PullDependentFilter"
2026-09-12T20:08:24.359920Z DEBUG logical_optimizer: applied=1 dependent_filters_pulled=1 visited=5 exhausted=false
2026-09-12T20:08:24.360364Z TRACE logical_optimizer: applied logical rule rule="PullDependentFilter"
2026-09-12T20:08:24.360472Z DEBUG logical_optimizer: applied=1 dependent_filters_pulled=1 visited=5 exhausted=false
2026-09-12T20:08:24.360952Z TRACE logical_optimizer: applied logical rule rule="PullDependentFilter"
2026-09-12T20:08:24.361057Z DEBUG logical_optimizer: applied=1 dependent_filters_pulled=1 visited=5 exhausted=false
2026-09-12T20:08:24.361624Z TRACE logical_optimizer: applied logical rule rule="PullDependentFilter"
2026-09-12T20:08:24.361726Z DEBUG logical_optimizer: applied=1 dependent_filters_pulled=1 visited=5 exhausted=false
2026-09-12T20:08:24.362575Z TRACE logical_optimizer: applied logical rule rule="PullDependentFilter"
2026-09-12T20:08:24.362680Z DEBUG logical_optimizer: applied=1 dependent_filters_pulled=1 visited=5 exhausted=false
2026-09-12T20:08:24.363115Z TRACE logical_optimizer: applied logical rule rule="PullDependentFilter"
2026-09-12T20:08:24.363214Z DEBUG logical_optimizer: applied=1 dependent_filters_pulled=1 visited=5 exhausted=false
2026-09-12T20:08:24.363669Z TRACE logical_optimizer: applied logical rule rule="PullDependentFilter"
2026-09-12T20:08:24.363768Z DEBUG logical_optimizer: applied=1 dependent_filters_pulled=1 visited=5 exhausted=false
2026-09-12T20:08:24.364303Z TRACE logical_optimizer: applied logical rule rule="PullDependentFilter"
2026-09-12T20:08:24.364410Z DEBUG logical_optimizer: applied=1 dependent_filters_pulled=1 visited=5 exhausted=false
2026-09-12T20:08:24.366847Z TRACE logical_optimizer: applied logical rule rule="PullDependentFilter"
2026-09-12T20:08:24.366952Z DEBUG logical_optimizer: applied=1 dependent_filters_pulled=1 visited=6 exhausted=false
2026-09-12T20:08:24.367949Z TRACE logical_optimizer: applied logical rule rule="PullDependentFilter"
2026-09-12T20:08:24.368072Z DEBUG logical_optimizer: applied=1 dependent_filters_pulled=1 visited=6 exhausted=false
2026-09-12T20:08:24.379556Z TRACE logical_optimizer: applied logical rule rule="PullDependentFilter"
2026-09-12T20:08:24.379680Z DEBUG logical_optimizer: applied=1 dependent_filters_pulled=1 visited=5 exhausted=false
2026-09-12T20:08:24.380645Z TRACE logical_optimizer: applied logical rule rule="PullDependentFilter"
2026-09-12T20:08:24.380743Z DEBUG logical_optimizer: applied=1 dependent_filters_pulled=1 visited=5 exhausted=false
2026-09-12T20:08:24.392006Z TRACE logical_optimizer: applied logical rule rule="PullDependentFilter"
2026-09-12T20:08:24.392120Z DEBUG logical_optimizer: applied=1 dependent_filters_pulled=1 visited=5 exhausted=false
2026-09-12T20:08:24.392487Z TRACE logical_optimizer: applied logical rule rule="PullDependentFilter"
2026-09-12T20:08:24.392554Z DEBUG logical_optimizer: applied=1 dependent_filters_pulled=1 visited=5 exhausted=false
2026-09-12T20:08:24.393081Z TRACE logical_optimizer: applied logical rule rule="PullDependentFilter"
2026-09-12T20:08:24.393253Z DEBUG logical_optimizer: applied=1 dependent_filters_pulled=1 visited=5 exhausted=false
2026-09-12T20:08:24.393946Z TRACE logical_optimizer: applied logical rule rule="PullDependentFilter"
2026-09-12T20:08:24.394072Z DEBUG logical_optimizer: applied=1 dependent_filters_pulled=1 visited=5 exhausted=false
2026-09-12T20:08:24.415123Z TRACE logical_optimizer: applied logical rule rule="PullDependentFilter"
2026-09-12T20:08:24.415307Z DEBUG logical_optimizer: applied=1 dependent_filters_pulled=1 visited=5 exhausted=false
2026-09-12T20:08:24.415726Z TRACE logical_optimizer: applied logical rule rule="PullDependentFilter"
2026-09-12T20:08:24.415831Z DEBUG logical_optimizer: applied=1 dependent_filters_pulled=1 visited=5 exhausted=false
2026-09-12T20:08:24.416595Z TRACE logical_optimizer: applied logical rule rule="PullDependentFilter"
2026-09-12T20:08:24.416701Z DEBUG logical_optimizer: applied=1 dependent_filters_pulled=1 visited=5 exhausted=false
2026-09-12T20:08:24.417217Z TRACE logical_optimizer: applied logical rule rule="PullDependentFilter"
2026-09-12T20:08:24.417317Z DEBUG logical_optimizer: applied=1 dependent_filters_pulled=1 visited=5 exhausted=false
2026-09-12T20:08:24.418985Z TRACE logical_optimizer: applied logical rule rule="PullDependentFilter"
2026-09-12T20:08:24.419112Z DEBUG logical_optimizer: applied=1 dependent_filters_pulled=1 visited=5 exhausted=false
2026-09-12T20:08:24.419438Z TRACE logical_optimizer: applied logical rule rule="PullDependentFilter"
2026-09-12T20:08:24.419538Z DEBUG logical_optimizer: applied=1 dependent_filters_pulled=1 visited=5 exhausted=false
2026-09-12T20:08:24.419979Z TRACE logical_optimizer: applied logical rule rule="PullDependentFilter"
2026-09-12T20:08:24.420094Z DEBUG logical_optimizer: applied=1 dependent_filters_pulled=1 visited=5 exhausted=false
2026-09-12T20:08:24.420642Z TRACE logical_optimizer: applied logical rule rule="PullDependentFilter"
2026-09-12T20:08:24.420751Z DEBUG logical_optimizer: applied=1 dependent_filters_pulled=1 visited=5 exhausted=false
2026-09-12T20:08:24.421336Z  INFO differential_fuzzer::runner: Running integrity check on both databases...
2026-09-12T20:08:24.421866Z  INFO differential_fuzzer::runner: Integrity check passed on both databases
2026-09-12T20:08:24.606248Z  INFO differential_fuzzer::runner: Wrote 1119 statements to simulator-output/test.sql
2026-09-12T20:08:24.618716Z  INFO differential_fuzzer::runner: Wrote coverage report to simulator-output/coverage.txt

+---------------------------------+--------+
| Simulation Results              | PASSED |
+==========================================+
| Seed                            | 54321  |
|---------------------------------+--------|
| Target Statements               | 1000   |
|---------------------------------+--------|
| Statements Executed             | 990    |
|---------------------------------+--------|
| Statements Skipped              | 10     |
|---------------------------------+--------|
| Warnings                        | 0      |
|---------------------------------+--------|
| Oracle Failures                 | 0      |
|---------------------------------+--------|
| Errors                          | 0      |
|---------------------------------+--------|
| Unnesting invariants            | 192    |
|---------------------------------+--------|
| Unnesting checks with same plan | 99     |
|---------------------------------+--------|
| Independent joined equivalents  | 98     |
+---------------------------------+--------+
2026-09-12T20:08:24.620875Z  INFO differential_fuzzer: Persisting database files to disk...
2026-09-12T20:08:24.621091Z  INFO differential_fuzzer::memory::io: Persisting simulator-output/test.db (4096 bytes)
2026-09-12T20:08:24.622138Z  INFO differential_fuzzer::memory::io: Persisting simulator-output/test.db-wal (185432 bytes)
2026-09-12T20:08:24.631519Z  INFO differential_fuzzer: Wrote schema to simulator-output/schema.json
