2026-09-12T20:20:32.708615Z  INFO differential_fuzzer: Starting differential_fuzzer with config: SimConfig { seed: 54321, num_tables: 2, columns_per_table: 5, num_statements: 1000, verbose: false, keep_files: true, generator: SqlGen, coverage: true, tree_mode: Simplified, mvcc: false, window_function_probability: 0.0, recursive_cte_focus: false, weight_profile: CorrelatedSubqueries, max_subquery_depth: Some(4) }
2026-09-12T20:20:32.725989Z  INFO differential_fuzzer::runner: Attached ':memory:' AS aux on both connections
2026-09-12T20:20:32.726161Z  INFO differential_fuzzer::runner: Starting simulation with seed=54321, tables=2, statements=1000, generator=SqlGen
2026-09-12T20:20:32.726622Z  INFO differential_fuzzer::generate: Statement weight profile CorrelatedSubqueries: StmtWeights { select: 80, insert: 8, update: 8, delete: 4, create_table: 2, drop_table: 1, alter_table: 1, create_index: 1, drop_index: 1, pragma_foreign_key_list: 1, create_trigger: 1, drop_trigger: 1, begin: 0, commit: 0, rollback: 0, create_view: 0, drop_view: 0, vacuum: 0, reindex: 0, analyze: 0, savepoint: 0, release: 0 }
2026-09-12T20:20:32.759797Z TRACE logical_optimizer: applied logical rule rule="PullDependentFilter"
2026-09-12T20:20:32.760032Z DEBUG logical_optimizer: applied=1 dependent_filters_pulled=1 visited=5 exhausted=false
2026-09-12T20:20:32.760545Z TRACE logical_optimizer: applied logical rule rule="PullDependentFilter"
2026-09-12T20:20:32.760679Z DEBUG logical_optimizer: applied=1 dependent_filters_pulled=1 visited=5 exhausted=false
2026-09-12T20:20:32.761189Z TRACE logical_optimizer: applied logical rule rule="PullDependentFilter"
2026-09-12T20:20:32.761307Z DEBUG logical_optimizer: applied=1 dependent_filters_pulled=1 visited=5 exhausted=false
2026-09-12T20:20:32.762293Z TRACE logical_optimizer: applied logical rule rule="PullDependentFilter"
2026-09-12T20:20:32.762453Z DEBUG logical_optimizer: applied=1 dependent_filters_pulled=1 visited=5 exhausted=false
2026-09-12T20:20:32.771461Z TRACE logical_optimizer: applied logical rule rule="PullDependentFilterOverJoin"
2026-09-12T20:20:32.771635Z TRACE logical_optimizer: applied logical rule rule="MergeSelectInnerJoin"
2026-09-12T20:20:32.771834Z DEBUG logical_optimizer: applied=2 dependent_filters_pulled=1 visited=10 exhausted=false
2026-09-12T20:20:32.772922Z TRACE logical_optimizer: applied logical rule rule="PullDependentFilterOverJoin"
2026-09-12T20:20:32.773080Z TRACE logical_optimizer: applied logical rule rule="MergeSelectInnerJoin"
2026-09-12T20:20:32.773256Z DEBUG logical_optimizer: applied=2 dependent_filters_pulled=1 visited=10 exhausted=false
2026-09-12T20:20:32.773984Z TRACE logical_optimizer: applied logical rule rule="PullDependentFilterOverJoin"
2026-09-12T20:20:32.774107Z TRACE logical_optimizer: applied logical rule rule="MergeSelectInnerJoin"
2026-09-12T20:20:32.774227Z DEBUG logical_optimizer: applied=2 dependent_filters_pulled=1 visited=10 exhausted=false
2026-09-12T20:20:32.775021Z TRACE logical_optimizer: applied logical rule rule="PullDependentFilterOverJoin"
2026-09-12T20:20:32.775133Z TRACE logical_optimizer: applied logical rule rule="MergeSelectInnerJoin"
2026-09-12T20:20:32.775323Z DEBUG logical_optimizer: applied=2 dependent_filters_pulled=1 visited=10 exhausted=false
2026-09-12T20:20:32.780508Z TRACE logical_optimizer: applied logical rule rule="PullDependentFilterOverJoin"
2026-09-12T20:20:32.780665Z TRACE logical_optimizer: applied logical rule rule="MergeSelectInnerJoin"
2026-09-12T20:20:32.780840Z DEBUG logical_optimizer: applied=2 dependent_filters_pulled=1 visited=10 exhausted=false
2026-09-12T20:20:32.781632Z TRACE logical_optimizer: applied logical rule rule="PullDependentFilterOverJoin"
2026-09-12T20:20:32.781726Z TRACE logical_optimizer: applied logical rule rule="MergeSelectInnerJoin"
2026-09-12T20:20:32.781841Z DEBUG logical_optimizer: applied=2 dependent_filters_pulled=1 visited=10 exhausted=false
2026-09-12T20:20:32.782907Z TRACE logical_optimizer: applied logical rule rule="PullDependentFilterOverJoin"
2026-09-12T20:20:32.783013Z TRACE logical_optimizer: applied logical rule rule="MergeSelectInnerJoin"
2026-09-12T20:20:32.783199Z DEBUG logical_optimizer: applied=2 dependent_filters_pulled=1 visited=10 exhausted=false
2026-09-12T20:20:32.784359Z TRACE logical_optimizer: applied logical rule rule="PullDependentFilterOverJoin"
2026-09-12T20:20:32.784476Z TRACE logical_optimizer: applied logical rule rule="MergeSelectInnerJoin"
2026-09-12T20:20:32.784608Z DEBUG logical_optimizer: applied=2 dependent_filters_pulled=1 visited=10 exhausted=false
2026-09-12T20:20:32.796714Z TRACE logical_optimizer: applied logical rule rule="PullDependentFilterOverJoin"
2026-09-12T20:20:32.796852Z TRACE logical_optimizer: applied logical rule rule="MergeSelectInnerJoin"
2026-09-12T20:20:32.797059Z DEBUG logical_optimizer: applied=2 dependent_filters_pulled=1 visited=10 exhausted=false
2026-09-12T20:20:32.798041Z TRACE logical_optimizer: applied logical rule rule="PullDependentFilterOverJoin"
2026-09-12T20:20:32.798191Z TRACE logical_optimizer: applied logical rule rule="MergeSelectInnerJoin"
2026-09-12T20:20:32.798378Z DEBUG logical_optimizer: applied=2 dependent_filters_pulled=1 visited=10 exhausted=false
2026-09-12T20:20:32.799759Z TRACE logical_optimizer: applied logical rule rule="PullDependentFilterOverJoin"
2026-09-12T20:20:32.799954Z TRACE logical_optimizer: applied logical rule rule="MergeSelectInnerJoin"
2026-09-12T20:20:32.800329Z DEBUG logical_optimizer: applied=2 dependent_filters_pulled=1 visited=10 exhausted=false
2026-09-12T20:20:32.801740Z TRACE logical_optimizer: applied logical rule rule="PullDependentFilterOverJoin"
2026-09-12T20:20:32.801863Z TRACE logical_optimizer: applied logical rule rule="MergeSelectInnerJoin"
2026-09-12T20:20:32.802020Z DEBUG logical_optimizer: applied=2 dependent_filters_pulled=1 visited=10 exhausted=false
2026-09-12T20:20:32.803737Z TRACE logical_optimizer: applied logical rule rule="PullDependentFilterOverJoin"
2026-09-12T20:20:32.803854Z TRACE logical_optimizer: applied logical rule rule="MergeSelectInnerJoin"
2026-09-12T20:20:32.804009Z DEBUG logical_optimizer: applied=2 dependent_filters_pulled=1 visited=10 exhausted=false
2026-09-12T20:20:32.804916Z TRACE logical_optimizer: applied logical rule rule="PullDependentFilterOverJoin"
2026-09-12T20:20:32.805021Z TRACE logical_optimizer: applied logical rule rule="MergeSelectInnerJoin"
2026-09-12T20:20:32.805156Z DEBUG logical_optimizer: applied=2 dependent_filters_pulled=1 visited=10 exhausted=false
2026-09-12T20:20:32.806037Z TRACE logical_optimizer: applied logical rule rule="PullDependentFilterOverJoin"
2026-09-12T20:20:32.806149Z TRACE logical_optimizer: applied logical rule rule="MergeSelectInnerJoin"
2026-09-12T20:20:32.806277Z DEBUG logical_optimizer: applied=2 dependent_filters_pulled=1 visited=10 exhausted=false
2026-09-12T20:20:32.807238Z TRACE logical_optimizer: applied logical rule rule="PullDependentFilterOverJoin"
2026-09-12T20:20:32.807338Z TRACE logical_optimizer: applied logical rule rule="MergeSelectInnerJoin"
2026-09-12T20:20:32.807465Z DEBUG logical_optimizer: applied=2 dependent_filters_pulled=1 visited=10 exhausted=false
2026-09-12T20:20:32.818152Z TRACE logical_optimizer: applied logical rule rule="PullDependentFilter"
2026-09-12T20:20:32.818351Z DEBUG logical_optimizer: applied=1 dependent_filters_pulled=1 visited=5 exhausted=false
2026-09-12T20:20:32.819180Z TRACE logical_optimizer: applied logical rule rule="PullDependentFilter"
2026-09-12T20:20:32.819327Z DEBUG logical_optimizer: applied=1 dependent_filters_pulled=1 visited=5 exhausted=false
2026-09-12T20:20:32.820013Z TRACE logical_optimizer: applied logical rule rule="PullDependentFilter"
2026-09-12T20:20:32.820140Z DEBUG logical_optimizer: applied=1 dependent_filters_pulled=1 visited=5 exhausted=false
2026-09-12T20:20:32.821148Z TRACE logical_optimizer: applied logical rule rule="PullDependentFilter"
2026-09-12T20:20:32.821289Z DEBUG logical_optimizer: applied=1 dependent_filters_pulled=1 visited=5 exhausted=false
2026-09-12T20:20:32.822146Z TRACE logical_optimizer: applied logical rule rule="PullDependentFilterOverJoin"
2026-09-12T20:20:32.822315Z TRACE logical_optimizer: applied logical rule rule="MergeSelectInnerJoin"
2026-09-12T20:20:32.822473Z DEBUG logical_optimizer: applied=2 dependent_filters_pulled=1 visited=10 exhausted=false
2026-09-12T20:20:32.823327Z TRACE logical_optimizer: applied logical rule rule="PullDependentFilterOverJoin"
2026-09-12T20:20:32.823423Z TRACE logical_optimizer: applied logical rule rule="MergeSelectInnerJoin"
2026-09-12T20:20:32.823592Z DEBUG logical_optimizer: applied=2 dependent_filters_pulled=1 visited=10 exhausted=false
2026-09-12T20:20:32.824427Z TRACE logical_optimizer: applied logical rule rule="PullDependentFilterOverJoin"
2026-09-12T20:20:32.824544Z TRACE logical_optimizer: applied logical rule rule="MergeSelectInnerJoin"
2026-09-12T20:20:32.824756Z DEBUG logical_optimizer: applied=2 dependent_filters_pulled=1 visited=10 exhausted=false
2026-09-12T20:20:32.825836Z TRACE logical_optimizer: applied logical rule rule="PullDependentFilterOverJoin"
2026-09-12T20:20:32.825943Z TRACE logical_optimizer: applied logical rule rule="MergeSelectInnerJoin"
2026-09-12T20:20:32.826075Z DEBUG logical_optimizer: applied=2 dependent_filters_pulled=1 visited=10 exhausted=false
2026-09-12T20:20:32.830395Z TRACE logical_optimizer: applied logical rule rule="PullDependentFilterOverJoin"
2026-09-12T20:20:32.830501Z TRACE logical_optimizer: applied logical rule rule="MergeSelectInnerJoin"
2026-09-12T20:20:32.830609Z DEBUG logical_optimizer: applied=2 dependent_filters_pulled=1 visited=10 exhausted=false
2026-09-12T20:20:32.831396Z TRACE logical_optimizer: applied logical rule rule="PullDependentFilterOverJoin"
2026-09-12T20:20:32.831530Z TRACE logical_optimizer: applied logical rule rule="MergeSelectInnerJoin"
2026-09-12T20:20:32.831667Z DEBUG logical_optimizer: applied=2 dependent_filters_pulled=1 visited=10 exhausted=false
2026-09-12T20:20:32.832896Z TRACE logical_optimizer: applied logical rule rule="PullDependentFilterOverJoin"
2026-09-12T20:20:32.833046Z TRACE logical_optimizer: applied logical rule rule="MergeSelectInnerJoin"
2026-09-12T20:20:32.833212Z DEBUG logical_optimizer: applied=2 dependent_filters_pulled=1 visited=10 exhausted=false
2026-09-12T20:20:32.834344Z TRACE logical_optimizer: applied logical rule rule="PullDependentFilterOverJoin"
2026-09-12T20:20:32.834452Z TRACE logical_optimizer: applied logical rule rule="MergeSelectInnerJoin"
2026-09-12T20:20:32.834581Z DEBUG logical_optimizer: applied=2 dependent_filters_pulled=1 visited=10 exhausted=false
2026-09-12T20:20:32.839476Z TRACE logical_optimizer: applied logical rule rule="PullDependentFilterOverJoin"
2026-09-12T20:20:32.839629Z TRACE logical_optimizer: applied logical rule rule="MergeSelectInnerJoin"
2026-09-12T20:20:32.839822Z DEBUG logical_optimizer: applied=2 dependent_filters_pulled=1 visited=10 exhausted=false
2026-09-12T20:20:32.840778Z TRACE logical_optimizer: applied logical rule rule="PullDependentFilterOverJoin"
2026-09-12T20:20:32.840899Z TRACE logical_optimizer: applied logical rule rule="MergeSelectInnerJoin"
2026-09-12T20:20:32.841021Z DEBUG logical_optimizer: applied=2 dependent_filters_pulled=1 visited=10 exhausted=false
2026-09-12T20:20:32.842190Z TRACE logical_optimizer: applied logical rule rule="PullDependentFilterOverJoin"
2026-09-12T20:20:32.842303Z TRACE logical_optimizer: applied logical rule rule="MergeSelectInnerJoin"
2026-09-12T20:20:32.842455Z DEBUG logical_optimizer: applied=2 dependent_filters_pulled=1 visited=10 exhausted=false
2026-09-12T20:20:32.844085Z TRACE logical_optimizer: applied logical rule rule="PullDependentFilterOverJoin"
2026-09-12T20:20:32.844206Z TRACE logical_optimizer: applied logical rule rule="MergeSelectInnerJoin"
2026-09-12T20:20:32.844360Z DEBUG logical_optimizer: applied=2 dependent_filters_pulled=1 visited=10 exhausted=false
2026-09-12T20:20:32.852163Z TRACE logical_optimizer: applied logical rule rule="PullDependentFilter"
2026-09-12T20:20:32.852345Z DEBUG logical_optimizer: applied=1 dependent_filters_pulled=1 visited=6 exhausted=false
2026-09-12T20:20:32.853080Z TRACE logical_optimizer: applied logical rule rule="PullDependentFilter"
2026-09-12T20:20:32.853247Z DEBUG logical_optimizer: applied=1 dependent_filters_pulled=1 visited=6 exhausted=false
2026-09-12T20:20:32.869255Z TRACE logical_optimizer: applied logical rule rule="PullDependentFilter"
2026-09-12T20:20:32.869478Z DEBUG logical_optimizer: applied=1 dependent_filters_pulled=1 visited=5 exhausted=false
2026-09-12T20:20:32.870437Z TRACE logical_optimizer: applied logical rule rule="PullDependentFilter"
2026-09-12T20:20:32.870572Z DEBUG logical_optimizer: applied=1 dependent_filters_pulled=1 visited=5 exhausted=false
2026-09-12T20:20:32.878335Z TRACE logical_optimizer: applied logical rule rule="PullDependentFilter"
2026-09-12T20:20:32.878517Z DEBUG logical_optimizer: applied=1 dependent_filters_pulled=1 visited=5 exhausted=false
2026-09-12T20:20:32.879230Z TRACE logical_optimizer: applied logical rule rule="PullDependentFilter"
2026-09-12T20:20:32.879428Z DEBUG logical_optimizer: applied=1 dependent_filters_pulled=1 visited=5 exhausted=false
2026-09-12T20:20:32.880067Z TRACE logical_optimizer: applied logical rule rule="PullDependentFilter"
2026-09-12T20:20:32.880218Z DEBUG logical_optimizer: applied=1 dependent_filters_pulled=1 visited=5 exhausted=false
2026-09-12T20:20:32.880907Z TRACE logical_optimizer: applied logical rule rule="PullDependentFilter"
2026-09-12T20:20:32.881042Z DEBUG logical_optimizer: applied=1 dependent_filters_pulled=1 visited=5 exhausted=false
2026-09-12T20:20:32.884458Z TRACE logical_optimizer: applied logical rule rule="PullDependentFilterOverJoin"
2026-09-12T20:20:32.884566Z TRACE logical_optimizer: applied logical rule rule="MergeSelectInnerJoin"
2026-09-12T20:20:32.884683Z DEBUG logical_optimizer: applied=2 dependent_filters_pulled=1 visited=10 exhausted=false
2026-09-12T20:20:32.885500Z TRACE logical_optimizer: applied logical rule rule="PullDependentFilterOverJoin"
2026-09-12T20:20:32.885606Z TRACE logical_optimizer: applied logical rule rule="MergeSelectInnerJoin"
2026-09-12T20:20:32.885732Z DEBUG logical_optimizer: applied=2 dependent_filters_pulled=1 visited=10 exhausted=false
2026-09-12T20:20:32.887127Z TRACE logical_optimizer: applied logical rule rule="PullDependentFilterOverJoin"
2026-09-12T20:20:32.887214Z TRACE logical_optimizer: applied logical rule rule="MergeSelectInnerJoin"
2026-09-12T20:20:32.887318Z DEBUG logical_optimizer: applied=2 dependent_filters_pulled=1 visited=10 exhausted=false
2026-09-12T20:20:32.888552Z TRACE logical_optimizer: applied logical rule rule="PullDependentFilterOverJoin"
2026-09-12T20:20:32.888625Z TRACE logical_optimizer: applied logical rule rule="MergeSelectInnerJoin"
2026-09-12T20:20:32.888713Z DEBUG logical_optimizer: applied=2 dependent_filters_pulled=1 visited=10 exhausted=false
2026-09-12T20:20:32.892424Z TRACE logical_optimizer: applied logical rule rule="PullDependentFilterOverJoin"
2026-09-12T20:20:32.892551Z TRACE logical_optimizer: applied logical rule rule="MergeSelectInnerJoin"
2026-09-12T20:20:32.892711Z DEBUG logical_optimizer: applied=2 dependent_filters_pulled=1 visited=10 exhausted=false
2026-09-12T20:20:32.893633Z TRACE logical_optimizer: applied logical rule rule="PullDependentFilterOverJoin"
2026-09-12T20:20:32.893733Z TRACE logical_optimizer: applied logical rule rule="MergeSelectInnerJoin"
2026-09-12T20:20:32.893859Z DEBUG logical_optimizer: applied=2 dependent_filters_pulled=1 visited=10 exhausted=false
2026-09-12T20:20:32.895020Z TRACE logical_optimizer: applied logical rule rule="PullDependentFilterOverJoin"
2026-09-12T20:20:32.895123Z TRACE logical_optimizer: applied logical rule rule="MergeSelectInnerJoin"
2026-09-12T20:20:32.895256Z DEBUG logical_optimizer: applied=2 dependent_filters_pulled=1 visited=10 exhausted=false
2026-09-12T20:20:32.896344Z TRACE logical_optimizer: applied logical rule rule="PullDependentFilterOverJoin"
2026-09-12T20:20:32.896463Z TRACE logical_optimizer: applied logical rule rule="MergeSelectInnerJoin"
2026-09-12T20:20:32.896623Z DEBUG logical_optimizer: applied=2 dependent_filters_pulled=1 visited=10 exhausted=false
2026-09-12T20:20:32.900029Z TRACE logical_optimizer: applied logical rule rule="PullDependentFilter"
2026-09-12T20:20:32.900174Z DEBUG logical_optimizer: applied=1 dependent_filters_pulled=1 visited=5 exhausted=false
2026-09-12T20:20:32.900763Z TRACE logical_optimizer: applied logical rule rule="PullDependentFilter"
2026-09-12T20:20:32.900896Z DEBUG logical_optimizer: applied=1 dependent_filters_pulled=1 visited=5 exhausted=false
2026-09-12T20:20:32.901717Z TRACE logical_optimizer: applied logical rule rule="PullDependentFilter"
2026-09-12T20:20:32.901846Z DEBUG logical_optimizer: applied=1 dependent_filters_pulled=1 visited=5 exhausted=false
2026-09-12T20:20:32.902638Z TRACE logical_optimizer: applied logical rule rule="PullDependentFilter"
2026-09-12T20:20:32.902760Z DEBUG logical_optimizer: applied=1 dependent_filters_pulled=1 visited=5 exhausted=false
2026-09-12T20:20:32.905404Z TRACE logical_optimizer: applied logical rule rule="PullDependentFilter"
2026-09-12T20:20:32.905561Z DEBUG logical_optimizer: applied=1 dependent_filters_pulled=1 visited=6 exhausted=false
2026-09-12T20:20:32.906656Z TRACE logical_optimizer: applied logical rule rule="PullDependentFilter"
2026-09-12T20:20:32.906775Z DEBUG logical_optimizer: applied=1 dependent_filters_pulled=1 visited=6 exhausted=false
2026-09-12T20:20:32.907973Z TRACE logical_optimizer: applied logical rule rule="PullDependentFilter"
2026-09-12T20:20:32.908121Z DEBUG logical_optimizer: applied=1 dependent_filters_pulled=1 visited=6 exhausted=false
2026-09-12T20:20:32.909532Z TRACE logical_optimizer: applied logical rule rule="PullDependentFilter"
2026-09-12T20:20:32.909706Z DEBUG logical_optimizer: applied=1 dependent_filters_pulled=1 visited=6 exhausted=false
2026-09-12T20:20:32.916318Z TRACE logical_optimizer: applied logical rule rule="PullDependentFilter"
2026-09-12T20:20:32.916486Z DEBUG logical_optimizer: applied=1 dependent_filters_pulled=1 visited=5 exhausted=false
2026-09-12T20:20:32.917000Z TRACE logical_optimizer: applied logical rule rule="PullDependentFilter"
2026-09-12T20:20:32.917170Z DEBUG logical_optimizer: applied=1 dependent_filters_pulled=1 visited=5 exhausted=false
2026-09-12T20:20:32.917698Z TRACE logical_optimizer: applied logical rule rule="PullDependentFilter"
2026-09-12T20:20:32.917818Z DEBUG logical_optimizer: applied=1 dependent_filters_pulled=1 visited=5 exhausted=false
2026-09-12T20:20:32.918504Z TRACE logical_optimizer: applied logical rule rule="PullDependentFilter"
2026-09-12T20:20:32.918658Z DEBUG logical_optimizer: applied=1 dependent_filters_pulled=1 visited=5 exhausted=false
2026-09-12T20:20:32.923743Z TRACE logical_optimizer: applied logical rule rule="PullDependentFilterOverJoin"
2026-09-12T20:20:32.923858Z TRACE logical_optimizer: applied logical rule rule="MergeSelectInnerJoin"
2026-09-12T20:20:32.924031Z DEBUG logical_optimizer: applied=2 dependent_filters_pulled=1 visited=10 exhausted=false
2026-09-12T20:20:32.924750Z TRACE logical_optimizer: applied logical rule rule="PullDependentFilterOverJoin"
2026-09-12T20:20:32.924845Z TRACE logical_optimizer: applied logical rule rule="MergeSelectInnerJoin"
2026-09-12T20:20:32.924963Z DEBUG logical_optimizer: applied=2 dependent_filters_pulled=1 visited=10 exhausted=false
2026-09-12T20:20:32.925668Z TRACE logical_optimizer: applied logical rule rule="PullDependentFilterOverJoin"
2026-09-12T20:20:32.925775Z TRACE logical_optimizer: applied logical rule rule="MergeSelectInnerJoin"
2026-09-12T20:20:32.925904Z DEBUG logical_optimizer: applied=2 dependent_filters_pulled=1 visited=10 exhausted=false
2026-09-12T20:20:32.926920Z TRACE logical_optimizer: applied logical rule rule="PullDependentFilterOverJoin"
2026-09-12T20:20:32.927020Z TRACE logical_optimizer: applied logical rule rule="MergeSelectInnerJoin"
2026-09-12T20:20:32.927173Z DEBUG logical_optimizer: applied=2 dependent_filters_pulled=1 visited=10 exhausted=false
2026-09-12T20:20:32.950989Z TRACE logical_optimizer: applied logical rule rule="PullDependentFilter"
2026-09-12T20:20:32.951260Z DEBUG logical_optimizer: applied=1 dependent_filters_pulled=1 visited=5 exhausted=false
2026-09-12T20:20:32.952665Z TRACE logical_optimizer: applied logical rule rule="PullDependentFilter"
2026-09-12T20:20:32.952839Z DEBUG logical_optimizer: applied=1 dependent_filters_pulled=1 visited=5 exhausted=false
2026-09-12T20:20:32.953807Z TRACE logical_optimizer: applied logical rule rule="PullDependentFilter"
2026-09-12T20:20:32.953971Z DEBUG logical_optimizer: applied=1 dependent_filters_pulled=1 visited=5 exhausted=false
2026-09-12T20:20:32.955238Z TRACE logical_optimizer: applied logical rule rule="PullDependentFilter"
2026-09-12T20:20:32.955387Z DEBUG logical_optimizer: applied=1 dependent_filters_pulled=1 visited=5 exhausted=false
2026-09-12T20:20:32.962468Z TRACE logical_optimizer: applied logical rule rule="PullDependentFilter"
2026-09-12T20:20:32.962647Z DEBUG logical_optimizer: applied=1 dependent_filters_pulled=1 visited=5 exhausted=false
2026-09-12T20:20:32.963534Z TRACE logical_optimizer: applied logical rule rule="PullDependentFilter"
2026-09-12T20:20:32.963675Z DEBUG logical_optimizer: applied=1 dependent_filters_pulled=1 visited=5 exhausted=false
2026-09-12T20:20:32.964463Z TRACE logical_optimizer: applied logical rule rule="PullDependentFilter"
2026-09-12T20:20:32.964622Z DEBUG logical_optimizer: applied=1 dependent_filters_pulled=1 visited=5 exhausted=false
2026-09-12T20:20:32.965413Z TRACE logical_optimizer: applied logical rule rule="PullDependentFilter"
2026-09-12T20:20:32.965573Z DEBUG logical_optimizer: applied=1 dependent_filters_pulled=1 visited=5 exhausted=false
2026-09-12T20:20:32.970202Z TRACE logical_optimizer: applied logical rule rule="PullDependentFilter"
2026-09-12T20:20:32.970408Z DEBUG logical_optimizer: applied=1 dependent_filters_pulled=1 visited=6 exhausted=false
2026-09-12T20:20:32.971243Z TRACE logical_optimizer: applied logical rule rule="PullDependentFilter"
2026-09-12T20:20:32.971460Z DEBUG logical_optimizer: applied=1 dependent_filters_pulled=1 visited=6 exhausted=false
2026-09-12T20:20:32.972936Z TRACE logical_optimizer: applied logical rule rule="PullDependentFilter"
2026-09-12T20:20:32.973190Z DEBUG logical_optimizer: applied=1 dependent_filters_pulled=1 visited=5 exhausted=false
2026-09-12T20:20:32.974309Z TRACE logical_optimizer: applied logical rule rule="PullDependentFilter"
2026-09-12T20:20:32.974459Z DEBUG logical_optimizer: applied=1 dependent_filters_pulled=1 visited=5 exhausted=false
2026-09-12T20:20:32.975583Z TRACE logical_optimizer: applied logical rule rule="PullDependentFilterOverJoin"
2026-09-12T20:20:32.975703Z TRACE logical_optimizer: applied logical rule rule="MergeSelectInnerJoin"
2026-09-12T20:20:32.975875Z DEBUG logical_optimizer: applied=2 dependent_filters_pulled=1 visited=10 exhausted=false
2026-09-12T20:20:32.977032Z TRACE logical_optimizer: applied logical rule rule="PullDependentFilterOverJoin"
2026-09-12T20:20:32.977131Z TRACE logical_optimizer: applied logical rule rule="MergeSelectInnerJoin"
2026-09-12T20:20:32.977282Z DEBUG logical_optimizer: applied=2 dependent_filters_pulled=1 visited=10 exhausted=false
2026-09-12T20:20:32.978474Z TRACE logical_optimizer: applied logical rule rule="PullDependentFilterOverJoin"
2026-09-12T20:20:32.978595Z TRACE logical_optimizer: applied logical rule rule="MergeSelectInnerJoin"
2026-09-12T20:20:32.978765Z DEBUG logical_optimizer: applied=2 dependent_filters_pulled=1 visited=10 exhausted=false
2026-09-12T20:20:32.980195Z TRACE logical_optimizer: applied logical rule rule="PullDependentFilterOverJoin"
2026-09-12T20:20:32.980321Z TRACE logical_optimizer: applied logical rule rule="MergeSelectInnerJoin"
2026-09-12T20:20:32.980487Z DEBUG logical_optimizer: applied=2 dependent_filters_pulled=1 visited=10 exhausted=false
2026-09-12T20:20:32.983645Z TRACE logical_optimizer: applied logical rule rule="PullDependentFilter"
2026-09-12T20:20:32.983799Z DEBUG logical_optimizer: applied=1 dependent_filters_pulled=1 visited=6 exhausted=false
2026-09-12T20:20:32.984572Z TRACE logical_optimizer: applied logical rule rule="PullDependentFilter"
2026-09-12T20:20:32.984709Z DEBUG logical_optimizer: applied=1 dependent_filters_pulled=1 visited=6 exhausted=false
2026-09-12T20:20:32.995514Z TRACE logical_optimizer: applied logical rule rule="PullDependentFilter"
2026-09-12T20:20:32.995683Z DEBUG logical_optimizer: applied=1 dependent_filters_pulled=1 visited=5 exhausted=false
2026-09-12T20:20:32.996512Z TRACE logical_optimizer: applied logical rule rule="PullDependentFilter"
2026-09-12T20:20:32.996645Z DEBUG logical_optimizer: applied=1 dependent_filters_pulled=1 visited=5 exhausted=false
2026-09-12T20:20:32.997538Z TRACE logical_optimizer: applied logical rule rule="PullDependentFilter"
2026-09-12T20:20:32.999039Z DEBUG logical_optimizer: applied=1 dependent_filters_pulled=1 visited=5 exhausted=false
2026-09-12T20:20:32.999858Z TRACE logical_optimizer: applied logical rule rule="PullDependentFilter"
2026-09-12T20:20:32.999991Z DEBUG logical_optimizer: applied=1 dependent_filters_pulled=1 visited=5 exhausted=false
2026-09-12T20:20:33.014057Z TRACE logical_optimizer: applied logical rule rule="MergeSelectInnerJoin"
2026-09-12T20:20:33.014216Z TRACE logical_optimizer: applied logical rule rule="PullDependentFilter"
2026-09-12T20:20:33.014353Z DEBUG logical_optimizer: applied=2 dependent_filters_pulled=1 visited=7 exhausted=false
2026-09-12T20:20:33.015281Z TRACE logical_optimizer: applied logical rule rule="MergeSelectInnerJoin"
2026-09-12T20:20:33.015415Z TRACE logical_optimizer: applied logical rule rule="PullDependentFilter"
2026-09-12T20:20:33.015571Z DEBUG logical_optimizer: applied=2 dependent_filters_pulled=1 visited=7 exhausted=false
2026-09-12T20:20:33.038899Z TRACE logical_optimizer: applied logical rule rule="PullDependentFilterOverJoin"
2026-09-12T20:20:33.039021Z TRACE logical_optimizer: applied logical rule rule="MergeSelectInnerJoin"
2026-09-12T20:20:33.039155Z DEBUG logical_optimizer: applied=2 dependent_filters_pulled=1 visited=10 exhausted=false
2026-09-12T20:20:33.040043Z TRACE logical_optimizer: applied logical rule rule="PullDependentFilterOverJoin"
2026-09-12T20:20:33.040159Z TRACE logical_optimizer: applied logical rule rule="MergeSelectInnerJoin"
2026-09-12T20:20:33.040267Z DEBUG logical_optimizer: applied=2 dependent_filters_pulled=1 visited=10 exhausted=false
2026-09-12T20:20:33.043233Z TRACE logical_optimizer: applied logical rule rule="PullDependentFilterOverJoin"
2026-09-12T20:20:33.043324Z TRACE logical_optimizer: applied logical rule rule="MergeSelectInnerJoin"
2026-09-12T20:20:33.043534Z DEBUG logical_optimizer: applied=2 dependent_filters_pulled=1 visited=10 exhausted=false
2026-09-12T20:20:33.044633Z TRACE logical_optimizer: applied logical rule rule="PullDependentFilterOverJoin"
2026-09-12T20:20:33.044720Z TRACE logical_optimizer: applied logical rule rule="MergeSelectInnerJoin"
2026-09-12T20:20:33.044850Z DEBUG logical_optimizer: applied=2 dependent_filters_pulled=1 visited=10 exhausted=false
2026-09-12T20:20:33.076666Z TRACE logical_optimizer: applied logical rule rule="PullDependentFilter"
2026-09-12T20:20:33.076828Z DEBUG logical_optimizer: applied=1 dependent_filters_pulled=1 visited=12 exhausted=false
2026-09-12T20:20:33.077262Z TRACE logical_optimizer: applied logical rule rule="PullDependentFilter"
2026-09-12T20:20:33.077534Z DEBUG logical_optimizer: applied=1 dependent_filters_pulled=1 visited=9 exhausted=false
2026-09-12T20:20:33.077716Z TRACE logical_optimizer: applied logical rule rule="PullDependentFilter"
2026-09-12T20:20:33.077808Z DEBUG logical_optimizer: applied=1 dependent_filters_pulled=1 visited=6 exhausted=false
2026-09-12T20:20:33.078837Z TRACE logical_optimizer: applied logical rule rule="PullDependentFilter"
2026-09-12T20:20:33.079002Z DEBUG logical_optimizer: applied=1 dependent_filters_pulled=1 visited=12 exhausted=false
2026-09-12T20:20:33.079221Z TRACE logical_optimizer: applied logical rule rule="PullDependentFilter"
2026-09-12T20:20:33.079337Z DEBUG logical_optimizer: applied=1 dependent_filters_pulled=1 visited=9 exhausted=false
2026-09-12T20:20:33.079497Z TRACE logical_optimizer: applied logical rule rule="PullDependentFilter"
2026-09-12T20:20:33.079613Z DEBUG logical_optimizer: applied=1 dependent_filters_pulled=1 visited=6 exhausted=false
2026-09-12T20:20:33.086287Z TRACE logical_optimizer: applied logical rule rule="PullDependentFilterOverJoin"
2026-09-12T20:20:33.086445Z TRACE logical_optimizer: applied logical rule rule="MergeSelectInnerJoin"
2026-09-12T20:20:33.086704Z DEBUG logical_optimizer: applied=2 dependent_filters_pulled=1 visited=10 exhausted=false
2026-09-12T20:20:33.087711Z TRACE logical_optimizer: applied logical rule rule="PullDependentFilterOverJoin"
2026-09-12T20:20:33.087847Z TRACE logical_optimizer: applied logical rule rule="MergeSelectInnerJoin"
2026-09-12T20:20:33.088161Z DEBUG logical_optimizer: applied=2 dependent_filters_pulled=1 visited=10 exhausted=false
2026-09-12T20:20:33.089139Z TRACE logical_optimizer: applied logical rule rule="PullDependentFilterOverJoin"
2026-09-12T20:20:33.089515Z TRACE logical_optimizer: applied logical rule rule="MergeSelectInnerJoin"
2026-09-12T20:20:33.089646Z DEBUG logical_optimizer: applied=2 dependent_filters_pulled=1 visited=10 exhausted=false
2026-09-12T20:20:33.091140Z TRACE logical_optimizer: applied logical rule rule="PullDependentFilterOverJoin"
2026-09-12T20:20:33.091652Z TRACE logical_optimizer: applied logical rule rule="MergeSelectInnerJoin"
2026-09-12T20:20:33.091913Z DEBUG logical_optimizer: applied=2 dependent_filters_pulled=1 visited=10 exhausted=false
2026-09-12T20:20:33.094114Z TRACE logical_optimizer: applied logical rule rule="PullDependentFilter"
2026-09-12T20:20:33.094388Z DEBUG logical_optimizer: applied=1 dependent_filters_pulled=1 visited=5 exhausted=false
2026-09-12T20:20:33.095663Z TRACE logical_optimizer: applied logical rule rule="PullDependentFilter"
2026-09-12T20:20:33.096479Z DEBUG logical_optimizer: applied=1 dependent_filters_pulled=1 visited=5 exhausted=false
2026-09-12T20:20:33.101675Z TRACE logical_optimizer: applied logical rule rule="PullDependentFilter"
2026-09-12T20:20:33.101959Z DEBUG logical_optimizer: applied=1 dependent_filters_pulled=1 visited=6 exhausted=false
2026-09-12T20:20:33.102793Z TRACE logical_optimizer: applied logical rule rule="PullDependentFilter"
2026-09-12T20:20:33.102903Z DEBUG logical_optimizer: applied=1 dependent_filters_pulled=1 visited=6 exhausted=false
2026-09-12T20:20:33.145265Z TRACE logical_optimizer: applied logical rule rule="PullDependentFilterOverJoin"
2026-09-12T20:20:33.145426Z TRACE logical_optimizer: applied logical rule rule="MergeSelectInnerJoin"
2026-09-12T20:20:33.145639Z DEBUG logical_optimizer: applied=2 dependent_filters_pulled=1 visited=10 exhausted=false
2026-09-12T20:20:33.146438Z TRACE logical_optimizer: applied logical rule rule="PullDependentFilterOverJoin"
2026-09-12T20:20:33.146514Z TRACE logical_optimizer: applied logical rule rule="MergeSelectInnerJoin"
2026-09-12T20:20:33.146644Z DEBUG logical_optimizer: applied=2 dependent_filters_pulled=1 visited=10 exhausted=false
2026-09-12T20:20:33.147458Z TRACE logical_optimizer: applied logical rule rule="PullDependentFilterOverJoin"
2026-09-12T20:20:33.147553Z TRACE logical_optimizer: applied logical rule rule="MergeSelectInnerJoin"
2026-09-12T20:20:33.147677Z DEBUG logical_optimizer: applied=2 dependent_filters_pulled=1 visited=10 exhausted=false
2026-09-12T20:20:33.148762Z TRACE logical_optimizer: applied logical rule rule="PullDependentFilterOverJoin"
2026-09-12T20:20:33.148907Z TRACE logical_optimizer: applied logical rule rule="MergeSelectInnerJoin"
2026-09-12T20:20:33.149033Z DEBUG logical_optimizer: applied=2 dependent_filters_pulled=1 visited=10 exhausted=false
2026-09-12T20:20:33.151969Z TRACE logical_optimizer: applied logical rule rule="PullDependentFilter"
2026-09-12T20:20:33.152108Z DEBUG logical_optimizer: applied=1 dependent_filters_pulled=1 visited=5 exhausted=false
2026-09-12T20:20:33.152677Z TRACE logical_optimizer: applied logical rule rule="PullDependentFilter"
2026-09-12T20:20:33.152791Z DEBUG logical_optimizer: applied=1 dependent_filters_pulled=1 visited=5 exhausted=false
2026-09-12T20:20:33.153332Z TRACE logical_optimizer: applied logical rule rule="PullDependentFilter"
2026-09-12T20:20:33.153495Z DEBUG logical_optimizer: applied=1 dependent_filters_pulled=1 visited=5 exhausted=false
2026-09-12T20:20:33.154306Z TRACE logical_optimizer: applied logical rule rule="PullDependentFilter"
2026-09-12T20:20:33.154378Z DEBUG logical_optimizer: applied=1 dependent_filters_pulled=1 visited=5 exhausted=false
2026-09-12T20:20:33.159009Z TRACE logical_optimizer: applied logical rule rule="PullDependentFilter"
2026-09-12T20:20:33.159136Z DEBUG logical_optimizer: applied=1 dependent_filters_pulled=1 visited=5 exhausted=false
2026-09-12T20:20:33.159698Z TRACE logical_optimizer: applied logical rule rule="PullDependentFilter"
2026-09-12T20:20:33.159792Z DEBUG logical_optimizer: applied=1 dependent_filters_pulled=1 visited=5 exhausted=false
2026-09-12T20:20:33.160356Z TRACE logical_optimizer: applied logical rule rule="PullDependentFilter"
2026-09-12T20:20:33.160441Z DEBUG logical_optimizer: applied=1 dependent_filters_pulled=1 visited=5 exhausted=false
2026-09-12T20:20:33.161176Z TRACE logical_optimizer: applied logical rule rule="PullDependentFilter"
2026-09-12T20:20:33.161293Z DEBUG logical_optimizer: applied=1 dependent_filters_pulled=1 visited=5 exhausted=false
2026-09-12T20:20:33.172808Z TRACE logical_optimizer: applied logical rule rule="PullDependentFilter"
2026-09-12T20:20:33.172931Z DEBUG logical_optimizer: applied=1 dependent_filters_pulled=1 visited=5 exhausted=false
2026-09-12T20:20:33.173474Z TRACE logical_optimizer: applied logical rule rule="PullDependentFilter"
2026-09-12T20:20:33.173572Z DEBUG logical_optimizer: applied=1 dependent_filters_pulled=1 visited=5 exhausted=false
2026-09-12T20:20:33.173987Z TRACE logical_optimizer: applied logical rule rule="PullDependentFilter"
2026-09-12T20:20:33.174082Z DEBUG logical_optimizer: applied=1 dependent_filters_pulled=1 visited=5 exhausted=false
2026-09-12T20:20:33.174647Z TRACE logical_optimizer: applied logical rule rule="PullDependentFilter"
2026-09-12T20:20:33.174754Z DEBUG logical_optimizer: applied=1 dependent_filters_pulled=1 visited=5 exhausted=false
2026-09-12T20:20:33.191223Z TRACE logical_optimizer: applied logical rule rule="PullDependentFilter"
2026-09-12T20:20:33.191371Z DEBUG logical_optimizer: applied=1 dependent_filters_pulled=1 visited=5 exhausted=false
2026-09-12T20:20:33.192032Z TRACE logical_optimizer: applied logical rule rule="PullDependentFilter"
2026-09-12T20:20:33.192162Z DEBUG logical_optimizer: applied=1 dependent_filters_pulled=1 visited=5 exhausted=false
2026-09-12T20:20:33.193246Z TRACE logical_optimizer: applied logical rule rule="PullDependentFilter"
2026-09-12T20:20:33.193343Z DEBUG logical_optimizer: applied=1 dependent_filters_pulled=1 visited=5 exhausted=false
2026-09-12T20:20:33.194017Z TRACE logical_optimizer: applied logical rule rule="PullDependentFilter"
2026-09-12T20:20:33.194124Z DEBUG logical_optimizer: applied=1 dependent_filters_pulled=1 visited=5 exhausted=false
2026-09-12T20:20:33.205011Z TRACE logical_optimizer: applied logical rule rule="PullDependentFilter"
2026-09-12T20:20:33.205225Z DEBUG logical_optimizer: applied=1 dependent_filters_pulled=1 visited=5 exhausted=false
2026-09-12T20:20:33.205680Z TRACE logical_optimizer: applied logical rule rule="PullDependentFilter"
2026-09-12T20:20:33.205759Z DEBUG logical_optimizer: applied=1 dependent_filters_pulled=1 visited=5 exhausted=false
2026-09-12T20:20:33.206199Z TRACE logical_optimizer: applied logical rule rule="PullDependentFilter"
2026-09-12T20:20:33.206300Z DEBUG logical_optimizer: applied=1 dependent_filters_pulled=1 visited=5 exhausted=false
2026-09-12T20:20:33.206861Z TRACE logical_optimizer: applied logical rule rule="PullDependentFilter"
2026-09-12T20:20:33.207226Z DEBUG logical_optimizer: applied=1 dependent_filters_pulled=1 visited=5 exhausted=false
2026-09-12T20:20:33.211774Z TRACE logical_optimizer: applied logical rule rule="PullDependentFilterOverJoin"
2026-09-12T20:20:33.211958Z TRACE logical_optimizer: applied logical rule rule="MergeSelectInnerJoin"
2026-09-12T20:20:33.212174Z DEBUG logical_optimizer: applied=2 dependent_filters_pulled=1 visited=10 exhausted=false
2026-09-12T20:20:33.213101Z TRACE logical_optimizer: applied logical rule rule="PullDependentFilterOverJoin"
2026-09-12T20:20:33.213219Z TRACE logical_optimizer: applied logical rule rule="MergeSelectInnerJoin"
2026-09-12T20:20:33.213368Z DEBUG logical_optimizer: applied=2 dependent_filters_pulled=1 visited=10 exhausted=false
2026-09-12T20:20:33.214228Z TRACE logical_optimizer: applied logical rule rule="PullDependentFilterOverJoin"
2026-09-12T20:20:33.214304Z TRACE logical_optimizer: applied logical rule rule="MergeSelectInnerJoin"
2026-09-12T20:20:33.214426Z DEBUG logical_optimizer: applied=2 dependent_filters_pulled=1 visited=10 exhausted=false
2026-09-12T20:20:33.215486Z TRACE logical_optimizer: applied logical rule rule="PullDependentFilterOverJoin"
2026-09-12T20:20:33.215557Z TRACE logical_optimizer: applied logical rule rule="MergeSelectInnerJoin"
2026-09-12T20:20:33.215654Z DEBUG logical_optimizer: applied=2 dependent_filters_pulled=1 visited=10 exhausted=false
2026-09-12T20:20:33.216910Z TRACE logical_optimizer: applied logical rule rule="PullDependentFilterOverJoin"
2026-09-12T20:20:33.217021Z TRACE logical_optimizer: applied logical rule rule="MergeSelectInnerJoin"
2026-09-12T20:20:33.217118Z DEBUG logical_optimizer: applied=2 dependent_filters_pulled=1 visited=10 exhausted=false
2026-09-12T20:20:33.217848Z TRACE logical_optimizer: applied logical rule rule="PullDependentFilterOverJoin"
2026-09-12T20:20:33.217928Z TRACE logical_optimizer: applied logical rule rule="MergeSelectInnerJoin"
2026-09-12T20:20:33.218021Z DEBUG logical_optimizer: applied=2 dependent_filters_pulled=1 visited=10 exhausted=false
2026-09-12T20:20:33.218919Z TRACE logical_optimizer: applied logical rule rule="PullDependentFilterOverJoin"
2026-09-12T20:20:33.218995Z TRACE logical_optimizer: applied logical rule rule="MergeSelectInnerJoin"
2026-09-12T20:20:33.219109Z DEBUG logical_optimizer: applied=2 dependent_filters_pulled=1 visited=10 exhausted=false
2026-09-12T20:20:33.219989Z TRACE logical_optimizer: applied logical rule rule="PullDependentFilterOverJoin"
2026-09-12T20:20:33.220072Z TRACE logical_optimizer: applied logical rule rule="MergeSelectInnerJoin"
2026-09-12T20:20:33.220184Z DEBUG logical_optimizer: applied=2 dependent_filters_pulled=1 visited=10 exhausted=false
2026-09-12T20:20:33.226332Z TRACE logical_optimizer: applied logical rule rule="PullDependentFilter"
2026-09-12T20:20:33.226438Z DEBUG logical_optimizer: applied=1 dependent_filters_pulled=1 visited=6 exhausted=false
2026-09-12T20:20:33.226899Z TRACE logical_optimizer: applied logical rule rule="PullDependentFilter"
2026-09-12T20:20:33.227028Z DEBUG logical_optimizer: applied=1 dependent_filters_pulled=1 visited=6 exhausted=false
2026-09-12T20:20:33.237952Z TRACE logical_optimizer: applied logical rule rule="PullDependentFilterOverJoin"
2026-09-12T20:20:33.238060Z TRACE logical_optimizer: applied logical rule rule="MergeSelectInnerJoin"
2026-09-12T20:20:33.238189Z DEBUG logical_optimizer: applied=2 dependent_filters_pulled=1 visited=10 exhausted=false
2026-09-12T20:20:33.238951Z TRACE logical_optimizer: applied logical rule rule="PullDependentFilterOverJoin"
2026-09-12T20:20:33.239040Z TRACE logical_optimizer: applied logical rule rule="MergeSelectInnerJoin"
2026-09-12T20:20:33.239149Z DEBUG logical_optimizer: applied=2 dependent_filters_pulled=1 visited=10 exhausted=false
2026-09-12T20:20:33.239861Z TRACE logical_optimizer: applied logical rule rule="PullDependentFilterOverJoin"
2026-09-12T20:20:33.239935Z TRACE logical_optimizer: applied logical rule rule="MergeSelectInnerJoin"
2026-09-12T20:20:33.240035Z DEBUG logical_optimizer: applied=2 dependent_filters_pulled=1 visited=10 exhausted=false
2026-09-12T20:20:33.241011Z TRACE logical_optimizer: applied logical rule rule="PullDependentFilterOverJoin"
2026-09-12T20:20:33.241122Z TRACE logical_optimizer: applied logical rule rule="MergeSelectInnerJoin"
2026-09-12T20:20:33.241258Z DEBUG logical_optimizer: applied=2 dependent_filters_pulled=1 visited=10 exhausted=false
2026-09-12T20:20:33.270750Z TRACE logical_optimizer: applied logical rule rule="PullDependentFilterOverJoin"
2026-09-12T20:20:33.270891Z TRACE logical_optimizer: applied logical rule rule="MergeSelectInnerJoin"
2026-09-12T20:20:33.271039Z DEBUG logical_optimizer: applied=2 dependent_filters_pulled=1 visited=10 exhausted=false
2026-09-12T20:20:33.271863Z TRACE logical_optimizer: applied logical rule rule="PullDependentFilterOverJoin"
2026-09-12T20:20:33.271950Z TRACE logical_optimizer: applied logical rule rule="MergeSelectInnerJoin"
2026-09-12T20:20:33.272065Z DEBUG logical_optimizer: applied=2 dependent_filters_pulled=1 visited=10 exhausted=false
2026-09-12T20:20:33.272755Z TRACE logical_optimizer: applied logical rule rule="PullDependentFilterOverJoin"
2026-09-12T20:20:33.272844Z TRACE logical_optimizer: applied logical rule rule="MergeSelectInnerJoin"
2026-09-12T20:20:33.272958Z DEBUG logical_optimizer: applied=2 dependent_filters_pulled=1 visited=10 exhausted=false
2026-09-12T20:20:33.273859Z TRACE logical_optimizer: applied logical rule rule="PullDependentFilterOverJoin"
2026-09-12T20:20:33.273942Z TRACE logical_optimizer: applied logical rule rule="MergeSelectInnerJoin"
2026-09-12T20:20:33.274046Z DEBUG logical_optimizer: applied=2 dependent_filters_pulled=1 visited=10 exhausted=false
2026-09-12T20:20:33.294535Z TRACE logical_optimizer: applied logical rule rule="PullDependentFilter"
2026-09-12T20:20:33.294728Z DEBUG logical_optimizer: applied=1 dependent_filters_pulled=1 visited=5 exhausted=false
2026-09-12T20:20:33.295435Z TRACE logical_optimizer: applied logical rule rule="PullDependentFilter"
2026-09-12T20:20:33.295529Z DEBUG logical_optimizer: applied=1 dependent_filters_pulled=1 visited=5 exhausted=false
2026-09-12T20:20:33.296063Z TRACE logical_optimizer: applied logical rule rule="PullDependentFilter"
2026-09-12T20:20:33.296169Z DEBUG logical_optimizer: applied=1 dependent_filters_pulled=1 visited=5 exhausted=false
2026-09-12T20:20:33.296856Z TRACE logical_optimizer: applied logical rule rule="PullDependentFilter"
2026-09-12T20:20:33.296971Z DEBUG logical_optimizer: applied=1 dependent_filters_pulled=1 visited=5 exhausted=false
2026-09-12T20:20:33.298201Z TRACE logical_optimizer: applied logical rule rule="PullDependentFilter"
2026-09-12T20:20:33.298310Z DEBUG logical_optimizer: applied=1 dependent_filters_pulled=1 visited=6 exhausted=false
2026-09-12T20:20:33.298777Z TRACE logical_optimizer: applied logical rule rule="PullDependentFilter"
2026-09-12T20:20:33.298900Z DEBUG logical_optimizer: applied=1 dependent_filters_pulled=1 visited=6 exhausted=false
2026-09-12T20:20:33.319517Z TRACE logical_optimizer: applied logical rule rule="PullDependentFilter"
2026-09-12T20:20:33.319662Z DEBUG logical_optimizer: applied=1 dependent_filters_pulled=1 visited=5 exhausted=false
2026-09-12T20:20:33.320222Z TRACE logical_optimizer: applied logical rule rule="PullDependentFilter"
2026-09-12T20:20:33.320309Z DEBUG logical_optimizer: applied=1 dependent_filters_pulled=1 visited=5 exhausted=false
2026-09-12T20:20:33.320796Z TRACE logical_optimizer: applied logical rule rule="PullDependentFilter"
2026-09-12T20:20:33.320869Z DEBUG logical_optimizer: applied=1 dependent_filters_pulled=1 visited=5 exhausted=false
2026-09-12T20:20:33.321457Z TRACE logical_optimizer: applied logical rule rule="PullDependentFilter"
2026-09-12T20:20:33.321557Z DEBUG logical_optimizer: applied=1 dependent_filters_pulled=1 visited=5 exhausted=false
2026-09-12T20:20:33.337396Z TRACE logical_optimizer: applied logical rule rule="PullDependentFilter"
2026-09-12T20:20:33.337602Z DEBUG logical_optimizer: applied=1 dependent_filters_pulled=1 visited=5 exhausted=false
2026-09-12T20:20:33.338144Z TRACE logical_optimizer: applied logical rule rule="PullDependentFilter"
2026-09-12T20:20:33.338263Z DEBUG logical_optimizer: applied=1 dependent_filters_pulled=1 visited=5 exhausted=false
2026-09-12T20:20:33.338716Z TRACE logical_optimizer: applied logical rule rule="PullDependentFilter"
2026-09-12T20:20:33.338857Z DEBUG logical_optimizer: applied=1 dependent_filters_pulled=1 visited=5 exhausted=false
2026-09-12T20:20:33.339525Z TRACE logical_optimizer: applied logical rule rule="PullDependentFilter"
2026-09-12T20:20:33.339647Z DEBUG logical_optimizer: applied=1 dependent_filters_pulled=1 visited=5 exhausted=false
2026-09-12T20:20:33.347102Z TRACE logical_optimizer: applied logical rule rule="PullDependentFilterOverJoin"
2026-09-12T20:20:33.347284Z TRACE logical_optimizer: applied logical rule rule="MergeSelectInnerJoin"
2026-09-12T20:20:33.347449Z DEBUG logical_optimizer: applied=2 dependent_filters_pulled=1 visited=10 exhausted=false
2026-09-12T20:20:33.348299Z TRACE logical_optimizer: applied logical rule rule="PullDependentFilterOverJoin"
2026-09-12T20:20:33.348416Z TRACE logical_optimizer: applied logical rule rule="MergeSelectInnerJoin"
2026-09-12T20:20:33.348548Z DEBUG logical_optimizer: applied=2 dependent_filters_pulled=1 visited=10 exhausted=false
2026-09-12T20:20:33.349372Z TRACE logical_optimizer: applied logical rule rule="PullDependentFilterOverJoin"
2026-09-12T20:20:33.349492Z TRACE logical_optimizer: applied logical rule rule="MergeSelectInnerJoin"
2026-09-12T20:20:33.349622Z DEBUG logical_optimizer: applied=2 dependent_filters_pulled=1 visited=10 exhausted=false
2026-09-12T20:20:33.350564Z TRACE logical_optimizer: applied logical rule rule="PullDependentFilterOverJoin"
2026-09-12T20:20:33.350686Z TRACE logical_optimizer: applied logical rule rule="MergeSelectInnerJoin"
2026-09-12T20:20:33.350853Z DEBUG logical_optimizer: applied=2 dependent_filters_pulled=1 visited=10 exhausted=false
2026-09-12T20:20:33.360892Z TRACE logical_optimizer: applied logical rule rule="PullDependentFilter"
2026-09-12T20:20:33.361134Z DEBUG logical_optimizer: applied=1 dependent_filters_pulled=1 visited=5 exhausted=false
2026-09-12T20:20:33.361893Z TRACE logical_optimizer: applied logical rule rule="PullDependentFilter"
2026-09-12T20:20:33.362114Z DEBUG logical_optimizer: applied=1 dependent_filters_pulled=1 visited=5 exhausted=false
2026-09-12T20:20:33.363065Z TRACE logical_optimizer: applied logical rule rule="PullDependentFilter"
2026-09-12T20:20:33.363215Z DEBUG logical_optimizer: applied=1 dependent_filters_pulled=1 visited=5 exhausted=false
2026-09-12T20:20:33.364387Z TRACE logical_optimizer: applied logical rule rule="PullDependentFilter"
2026-09-12T20:20:33.364584Z DEBUG logical_optimizer: applied=1 dependent_filters_pulled=1 visited=5 exhausted=false
2026-09-12T20:20:33.382239Z TRACE logical_optimizer: applied logical rule rule="PullDependentFilter"
2026-09-12T20:20:33.382462Z DEBUG logical_optimizer: applied=1 dependent_filters_pulled=1 visited=5 exhausted=false
2026-09-12T20:20:33.383105Z TRACE logical_optimizer: applied logical rule rule="PullDependentFilter"
2026-09-12T20:20:33.383250Z DEBUG logical_optimizer: applied=1 dependent_filters_pulled=1 visited=5 exhausted=false
2026-09-12T20:20:33.383782Z TRACE logical_optimizer: applied logical rule rule="PullDependentFilter"
2026-09-12T20:20:33.383907Z DEBUG logical_optimizer: applied=1 dependent_filters_pulled=1 visited=5 exhausted=false
2026-09-12T20:20:33.384513Z TRACE logical_optimizer: applied logical rule rule="PullDependentFilter"
2026-09-12T20:20:33.384647Z DEBUG logical_optimizer: applied=1 dependent_filters_pulled=1 visited=5 exhausted=false
2026-09-12T20:20:33.389035Z TRACE logical_optimizer: applied logical rule rule="PullDependentFilter"
2026-09-12T20:20:33.389278Z DEBUG logical_optimizer: applied=1 dependent_filters_pulled=1 visited=5 exhausted=false
2026-09-12T20:20:33.390169Z TRACE logical_optimizer: applied logical rule rule="PullDependentFilter"
2026-09-12T20:20:33.390301Z DEBUG logical_optimizer: applied=1 dependent_filters_pulled=1 visited=5 exhausted=false
2026-09-12T20:20:33.391126Z TRACE logical_optimizer: applied logical rule rule="PullDependentFilter"
2026-09-12T20:20:33.391262Z DEBUG logical_optimizer: applied=1 dependent_filters_pulled=1 visited=5 exhausted=false
2026-09-12T20:20:33.392071Z TRACE logical_optimizer: applied logical rule rule="PullDependentFilter"
2026-09-12T20:20:33.392210Z DEBUG logical_optimizer: applied=1 dependent_filters_pulled=1 visited=5 exhausted=false
2026-09-12T20:20:33.394998Z TRACE logical_optimizer: applied logical rule rule="PullDependentFilter"
2026-09-12T20:20:33.395163Z DEBUG logical_optimizer: applied=1 dependent_filters_pulled=1 visited=5 exhausted=false
2026-09-12T20:20:33.395586Z TRACE logical_optimizer: applied logical rule rule="PullDependentFilter"
2026-09-12T20:20:33.395727Z DEBUG logical_optimizer: applied=1 dependent_filters_pulled=1 visited=5 exhausted=false
2026-09-12T20:20:33.396226Z TRACE logical_optimizer: applied logical rule rule="PullDependentFilter"
2026-09-12T20:20:33.396358Z DEBUG logical_optimizer: applied=1 dependent_filters_pulled=1 visited=5 exhausted=false
2026-09-12T20:20:33.396880Z TRACE logical_optimizer: applied logical rule rule="PullDependentFilter"
2026-09-12T20:20:33.397008Z DEBUG logical_optimizer: applied=1 dependent_filters_pulled=1 visited=5 exhausted=false
2026-09-12T20:20:33.399350Z TRACE logical_optimizer: applied logical rule rule="PullDependentFilterOverJoin"
2026-09-12T20:20:33.399469Z TRACE logical_optimizer: applied logical rule rule="MergeSelectInnerJoin"
2026-09-12T20:20:33.399599Z DEBUG logical_optimizer: applied=2 dependent_filters_pulled=1 visited=10 exhausted=false
2026-09-12T20:20:33.400252Z TRACE logical_optimizer: applied logical rule rule="PullDependentFilterOverJoin"
2026-09-12T20:20:33.400346Z TRACE logical_optimizer: applied logical rule rule="MergeSelectInnerJoin"
2026-09-12T20:20:33.400499Z DEBUG logical_optimizer: applied=2 dependent_filters_pulled=1 visited=10 exhausted=false
2026-09-12T20:20:33.402024Z TRACE logical_optimizer: applied logical rule rule="PullDependentFilterOverJoin"
2026-09-12T20:20:33.402165Z TRACE logical_optimizer: applied logical rule rule="MergeSelectInnerJoin"
2026-09-12T20:20:33.402299Z DEBUG logical_optimizer: applied=2 dependent_filters_pulled=1 visited=10 exhausted=false
2026-09-12T20:20:33.403488Z TRACE logical_optimizer: applied logical rule rule="PullDependentFilterOverJoin"
2026-09-12T20:20:33.403597Z TRACE logical_optimizer: applied logical rule rule="MergeSelectInnerJoin"
2026-09-12T20:20:33.403711Z DEBUG logical_optimizer: applied=2 dependent_filters_pulled=1 visited=10 exhausted=false
2026-09-12T20:20:33.409573Z TRACE logical_optimizer: applied logical rule rule="PullDependentFilter"
2026-09-12T20:20:33.409742Z DEBUG logical_optimizer: applied=1 dependent_filters_pulled=1 visited=6 exhausted=false
2026-09-12T20:20:33.410201Z TRACE logical_optimizer: applied logical rule rule="PullDependentFilter"
2026-09-12T20:20:33.410309Z DEBUG logical_optimizer: applied=1 dependent_filters_pulled=1 visited=6 exhausted=false
2026-09-12T20:20:33.420293Z TRACE logical_optimizer: applied logical rule rule="MergeSelectInnerJoin"
2026-09-12T20:20:33.420481Z TRACE logical_optimizer: applied logical rule rule="PullDependentFilter"
2026-09-12T20:20:33.420623Z DEBUG logical_optimizer: applied=2 dependent_filters_pulled=1 visited=7 exhausted=false
2026-09-12T20:20:33.421357Z TRACE logical_optimizer: applied logical rule rule="MergeSelectInnerJoin"
2026-09-12T20:20:33.421480Z TRACE logical_optimizer: applied logical rule rule="PullDependentFilter"
2026-09-12T20:20:33.421598Z DEBUG logical_optimizer: applied=2 dependent_filters_pulled=1 visited=7 exhausted=false
2026-09-12T20:20:33.430032Z TRACE logical_optimizer: applied logical rule rule="PullDependentFilter"
2026-09-12T20:20:33.430189Z DEBUG logical_optimizer: applied=1 dependent_filters_pulled=1 visited=5 exhausted=false
2026-09-12T20:20:33.430639Z TRACE logical_optimizer: applied logical rule rule="PullDependentFilter"
2026-09-12T20:20:33.430818Z DEBUG logical_optimizer: applied=1 dependent_filters_pulled=1 visited=5 exhausted=false
2026-09-12T20:20:33.431677Z TRACE logical_optimizer: applied logical rule rule="PullDependentFilter"
2026-09-12T20:20:33.431813Z DEBUG logical_optimizer: applied=1 dependent_filters_pulled=1 visited=5 exhausted=false
2026-09-12T20:20:33.432547Z TRACE logical_optimizer: applied logical rule rule="PullDependentFilter"
2026-09-12T20:20:33.432703Z DEBUG logical_optimizer: applied=1 dependent_filters_pulled=1 visited=5 exhausted=false
2026-09-12T20:20:33.434582Z TRACE logical_optimizer: applied logical rule rule="PullDependentFilterOverJoin"
2026-09-12T20:20:33.434673Z TRACE logical_optimizer: applied logical rule rule="MergeSelectInnerJoin"
2026-09-12T20:20:33.434795Z DEBUG logical_optimizer: applied=2 dependent_filters_pulled=1 visited=10 exhausted=false
2026-09-12T20:20:33.435464Z TRACE logical_optimizer: applied logical rule rule="PullDependentFilterOverJoin"
2026-09-12T20:20:33.435552Z TRACE logical_optimizer: applied logical rule rule="MergeSelectInnerJoin"
2026-09-12T20:20:33.435668Z DEBUG logical_optimizer: applied=2 dependent_filters_pulled=1 visited=10 exhausted=false
2026-09-12T20:20:33.436375Z TRACE logical_optimizer: applied logical rule rule="PullDependentFilterOverJoin"
2026-09-12T20:20:33.436486Z TRACE logical_optimizer: applied logical rule rule="MergeSelectInnerJoin"
2026-09-12T20:20:33.436607Z DEBUG logical_optimizer: applied=2 dependent_filters_pulled=1 visited=10 exhausted=false
2026-09-12T20:20:33.437391Z TRACE logical_optimizer: applied logical rule rule="PullDependentFilterOverJoin"
2026-09-12T20:20:33.437494Z TRACE logical_optimizer: applied logical rule rule="MergeSelectInnerJoin"
2026-09-12T20:20:33.437618Z DEBUG logical_optimizer: applied=2 dependent_filters_pulled=1 visited=10 exhausted=false
2026-09-12T20:20:33.445301Z TRACE logical_optimizer: applied logical rule rule="PullDependentFilter"
2026-09-12T20:20:33.445506Z DEBUG logical_optimizer: applied=1 dependent_filters_pulled=1 visited=5 exhausted=false
2026-09-12T20:20:33.446095Z TRACE logical_optimizer: applied logical rule rule="PullDependentFilter"
2026-09-12T20:20:33.446221Z DEBUG logical_optimizer: applied=1 dependent_filters_pulled=1 visited=5 exhausted=false
2026-09-12T20:20:33.446849Z TRACE logical_optimizer: applied logical rule rule="PullDependentFilter"
2026-09-12T20:20:33.446975Z DEBUG logical_optimizer: applied=1 dependent_filters_pulled=1 visited=5 exhausted=false
2026-09-12T20:20:33.447624Z TRACE logical_optimizer: applied logical rule rule="PullDependentFilter"
2026-09-12T20:20:33.447743Z DEBUG logical_optimizer: applied=1 dependent_filters_pulled=1 visited=5 exhausted=false
2026-09-12T20:20:33.462854Z TRACE logical_optimizer: applied logical rule rule="PullDependentFilter"
2026-09-12T20:20:33.463002Z DEBUG logical_optimizer: applied=1 dependent_filters_pulled=1 visited=5 exhausted=false
2026-09-12T20:20:33.463828Z TRACE logical_optimizer: applied logical rule rule="PullDependentFilter"
2026-09-12T20:20:33.463938Z DEBUG logical_optimizer: applied=1 dependent_filters_pulled=1 visited=5 exhausted=false
2026-09-12T20:20:33.464661Z TRACE logical_optimizer: applied logical rule rule="PullDependentFilter"
2026-09-12T20:20:33.464763Z DEBUG logical_optimizer: applied=1 dependent_filters_pulled=1 visited=5 exhausted=false
2026-09-12T20:20:33.465857Z TRACE logical_optimizer: applied logical rule rule="PullDependentFilter"
2026-09-12T20:20:33.465978Z DEBUG logical_optimizer: applied=1 dependent_filters_pulled=1 visited=5 exhausted=false
2026-09-12T20:20:33.484648Z TRACE logical_optimizer: applied logical rule rule="PullDependentFilter"
2026-09-12T20:20:33.484799Z DEBUG logical_optimizer: applied=1 dependent_filters_pulled=1 visited=6 exhausted=false
2026-09-12T20:20:33.485368Z TRACE logical_optimizer: applied logical rule rule="PullDependentFilter"
2026-09-12T20:20:33.485463Z DEBUG logical_optimizer: applied=1 dependent_filters_pulled=1 visited=6 exhausted=false
2026-09-12T20:20:33.486008Z TRACE logical_optimizer: applied logical rule rule="PullDependentFilter"
2026-09-12T20:20:33.486116Z DEBUG logical_optimizer: applied=1 dependent_filters_pulled=1 visited=6 exhausted=false
2026-09-12T20:20:33.486801Z TRACE logical_optimizer: applied logical rule rule="PullDependentFilter"
2026-09-12T20:20:33.486906Z DEBUG logical_optimizer: applied=1 dependent_filters_pulled=1 visited=6 exhausted=false
2026-09-12T20:20:33.489206Z TRACE logical_optimizer: applied logical rule rule="PullDependentFilter"
2026-09-12T20:20:33.489429Z DEBUG logical_optimizer: applied=1 dependent_filters_pulled=1 visited=5 exhausted=false
2026-09-12T20:20:33.489977Z TRACE logical_optimizer: applied logical rule rule="PullDependentFilter"
2026-09-12T20:20:33.490093Z DEBUG logical_optimizer: applied=1 dependent_filters_pulled=1 visited=5 exhausted=false
2026-09-12T20:20:33.490754Z TRACE logical_optimizer: applied logical rule rule="PullDependentFilter"
2026-09-12T20:20:33.490846Z DEBUG logical_optimizer: applied=1 dependent_filters_pulled=1 visited=5 exhausted=false
2026-09-12T20:20:33.491506Z TRACE logical_optimizer: applied logical rule rule="PullDependentFilter"
2026-09-12T20:20:33.491606Z DEBUG logical_optimizer: applied=1 dependent_filters_pulled=1 visited=5 exhausted=false
2026-09-12T20:20:33.513659Z TRACE logical_optimizer: applied logical rule rule="PullDependentFilter"
2026-09-12T20:20:33.513864Z DEBUG logical_optimizer: applied=1 dependent_filters_pulled=1 visited=5 exhausted=false
2026-09-12T20:20:33.514340Z TRACE logical_optimizer: applied logical rule rule="PullDependentFilter"
2026-09-12T20:20:33.514479Z DEBUG logical_optimizer: applied=1 dependent_filters_pulled=1 visited=5 exhausted=false
2026-09-12T20:20:33.514967Z TRACE logical_optimizer: applied logical rule rule="PullDependentFilter"
2026-09-12T20:20:33.515209Z DEBUG logical_optimizer: applied=1 dependent_filters_pulled=1 visited=5 exhausted=false
2026-09-12T20:20:33.515927Z TRACE logical_optimizer: applied logical rule rule="PullDependentFilter"
2026-09-12T20:20:33.516094Z DEBUG logical_optimizer: applied=1 dependent_filters_pulled=1 visited=5 exhausted=false
2026-09-12T20:20:33.520812Z TRACE logical_optimizer: applied logical rule rule="PullDependentFilter"
2026-09-12T20:20:33.520993Z DEBUG logical_optimizer: applied=1 dependent_filters_pulled=1 visited=6 exhausted=false
2026-09-12T20:20:33.522893Z TRACE logical_optimizer: applied logical rule rule="PullDependentFilter"
2026-09-12T20:20:33.523042Z DEBUG logical_optimizer: applied=1 dependent_filters_pulled=1 visited=6 exhausted=false
2026-09-12T20:20:33.532885Z TRACE logical_optimizer: applied logical rule rule="PullDependentFilterOverJoin"
2026-09-12T20:20:33.533043Z TRACE logical_optimizer: applied logical rule rule="MergeSelectInnerJoin"
2026-09-12T20:20:33.533207Z DEBUG logical_optimizer: applied=2 dependent_filters_pulled=1 visited=10 exhausted=false
2026-09-12T20:20:33.533808Z TRACE logical_optimizer: applied logical rule rule="PullDependentFilterOverJoin"
2026-09-12T20:20:33.533911Z TRACE logical_optimizer: applied logical rule rule="MergeSelectInnerJoin"
2026-09-12T20:20:33.534036Z DEBUG logical_optimizer: applied=2 dependent_filters_pulled=1 visited=10 exhausted=false
2026-09-12T20:20:33.534768Z TRACE logical_optimizer: applied logical rule rule="PullDependentFilterOverJoin"
2026-09-12T20:20:33.534869Z TRACE logical_optimizer: applied logical rule rule="MergeSelectInnerJoin"
2026-09-12T20:20:33.535008Z DEBUG logical_optimizer: applied=2 dependent_filters_pulled=1 visited=10 exhausted=false
2026-09-12T20:20:33.535866Z TRACE logical_optimizer: applied logical rule rule="PullDependentFilterOverJoin"
2026-09-12T20:20:33.535968Z TRACE logical_optimizer: applied logical rule rule="MergeSelectInnerJoin"
2026-09-12T20:20:33.536092Z DEBUG logical_optimizer: applied=2 dependent_filters_pulled=1 visited=10 exhausted=false
2026-09-12T20:20:33.537624Z TRACE logical_optimizer: applied logical rule rule="PullDependentFilter"
2026-09-12T20:20:33.537762Z DEBUG logical_optimizer: applied=1 dependent_filters_pulled=1 visited=5 exhausted=false
2026-09-12T20:20:33.538192Z TRACE logical_optimizer: applied logical rule rule="PullDependentFilter"
2026-09-12T20:20:33.538350Z DEBUG logical_optimizer: applied=1 dependent_filters_pulled=1 visited=5 exhausted=false
2026-09-12T20:20:33.539297Z TRACE logical_optimizer: applied logical rule rule="PullDependentFilter"
2026-09-12T20:20:33.539430Z DEBUG logical_optimizer: applied=1 dependent_filters_pulled=1 visited=5 exhausted=false
2026-09-12T20:20:33.540169Z TRACE logical_optimizer: applied logical rule rule="PullDependentFilter"
2026-09-12T20:20:33.540359Z DEBUG logical_optimizer: applied=1 dependent_filters_pulled=1 visited=5 exhausted=false
2026-09-12T20:20:33.561849Z TRACE logical_optimizer: applied logical rule rule="PullDependentFilter"
2026-09-12T20:20:33.562027Z DEBUG logical_optimizer: applied=1 dependent_filters_pulled=1 visited=5 exhausted=false
2026-09-12T20:20:33.562553Z TRACE logical_optimizer: applied logical rule rule="PullDependentFilter"
2026-09-12T20:20:33.562663Z DEBUG logical_optimizer: applied=1 dependent_filters_pulled=1 visited=5 exhausted=false
2026-09-12T20:20:33.563161Z TRACE logical_optimizer: applied logical rule rule="PullDependentFilter"
2026-09-12T20:20:33.563251Z DEBUG logical_optimizer: applied=1 dependent_filters_pulled=1 visited=5 exhausted=false
2026-09-12T20:20:33.563772Z TRACE logical_optimizer: applied logical rule rule="PullDependentFilter"
2026-09-12T20:20:33.563860Z DEBUG logical_optimizer: applied=1 dependent_filters_pulled=1 visited=5 exhausted=false
2026-09-12T20:20:33.601915Z TRACE logical_optimizer: applied logical rule rule="PullDependentFilter"
2026-09-12T20:20:33.602121Z DEBUG logical_optimizer: applied=1 dependent_filters_pulled=1 visited=6 exhausted=false
2026-09-12T20:20:33.602921Z TRACE logical_optimizer: applied logical rule rule="PullDependentFilter"
2026-09-12T20:20:33.603033Z DEBUG logical_optimizer: applied=1 dependent_filters_pulled=1 visited=6 exhausted=false
2026-09-12T20:20:33.605771Z TRACE logical_optimizer: applied logical rule rule="PullDependentFilter"
2026-09-12T20:20:33.605925Z DEBUG logical_optimizer: applied=1 dependent_filters_pulled=1 visited=5 exhausted=false
2026-09-12T20:20:33.606459Z TRACE logical_optimizer: applied logical rule rule="PullDependentFilter"
2026-09-12T20:20:33.606595Z DEBUG logical_optimizer: applied=1 dependent_filters_pulled=1 visited=5 exhausted=false
2026-09-12T20:20:33.607470Z TRACE logical_optimizer: applied logical rule rule="PullDependentFilter"
2026-09-12T20:20:33.607622Z DEBUG logical_optimizer: applied=1 dependent_filters_pulled=1 visited=5 exhausted=false
2026-09-12T20:20:33.608283Z TRACE logical_optimizer: applied logical rule rule="PullDependentFilter"
2026-09-12T20:20:33.608420Z DEBUG logical_optimizer: applied=1 dependent_filters_pulled=1 visited=5 exhausted=false
2026-09-12T20:20:33.652471Z TRACE logical_optimizer: applied logical rule rule="PullDependentFilterOverJoin"
2026-09-12T20:20:33.652654Z TRACE logical_optimizer: applied logical rule rule="MergeSelectInnerJoin"
2026-09-12T20:20:33.652822Z DEBUG logical_optimizer: applied=2 dependent_filters_pulled=1 visited=10 exhausted=false
2026-09-12T20:20:33.653565Z TRACE logical_optimizer: applied logical rule rule="PullDependentFilterOverJoin"
2026-09-12T20:20:33.653681Z TRACE logical_optimizer: applied logical rule rule="MergeSelectInnerJoin"
2026-09-12T20:20:33.653810Z DEBUG logical_optimizer: applied=2 dependent_filters_pulled=1 visited=10 exhausted=false
2026-09-12T20:20:33.654364Z TRACE logical_optimizer: applied logical rule rule="PullDependentFilterOverJoin"
2026-09-12T20:20:33.654465Z TRACE logical_optimizer: applied logical rule rule="MergeSelectInnerJoin"
2026-09-12T20:20:33.654593Z DEBUG logical_optimizer: applied=2 dependent_filters_pulled=1 visited=10 exhausted=false
2026-09-12T20:20:33.655511Z TRACE logical_optimizer: applied logical rule rule="PullDependentFilterOverJoin"
2026-09-12T20:20:33.655630Z TRACE logical_optimizer: applied logical rule rule="MergeSelectInnerJoin"
2026-09-12T20:20:33.655770Z DEBUG logical_optimizer: applied=2 dependent_filters_pulled=1 visited=10 exhausted=false
2026-09-12T20:20:33.676498Z TRACE logical_optimizer: applied logical rule rule="PullDependentFilter"
2026-09-12T20:20:33.676740Z DEBUG logical_optimizer: applied=1 dependent_filters_pulled=1 visited=6 exhausted=false
2026-09-12T20:20:33.677562Z TRACE logical_optimizer: applied logical rule rule="PullDependentFilter"
2026-09-12T20:20:33.677690Z DEBUG logical_optimizer: applied=1 dependent_filters_pulled=1 visited=6 exhausted=false
2026-09-12T20:20:33.678468Z TRACE logical_optimizer: applied logical rule rule="PullDependentFilter"
2026-09-12T20:20:33.678571Z DEBUG logical_optimizer: applied=1 dependent_filters_pulled=1 visited=6 exhausted=false
2026-09-12T20:20:33.679308Z TRACE logical_optimizer: applied logical rule rule="PullDependentFilter"
2026-09-12T20:20:33.679415Z DEBUG logical_optimizer: applied=1 dependent_filters_pulled=1 visited=6 exhausted=false
2026-09-12T20:20:33.681214Z TRACE logical_optimizer: applied logical rule rule="PullDependentFilter"
2026-09-12T20:20:33.681322Z DEBUG logical_optimizer: applied=1 dependent_filters_pulled=1 visited=5 exhausted=false
2026-09-12T20:20:33.681919Z TRACE logical_optimizer: applied logical rule rule="PullDependentFilter"
2026-09-12T20:20:33.682021Z DEBUG logical_optimizer: applied=1 dependent_filters_pulled=1 visited=5 exhausted=false
2026-09-12T20:20:33.682527Z TRACE logical_optimizer: applied logical rule rule="PullDependentFilter"
2026-09-12T20:20:33.682628Z DEBUG logical_optimizer: applied=1 dependent_filters_pulled=1 visited=5 exhausted=false
2026-09-12T20:20:33.683222Z TRACE logical_optimizer: applied logical rule rule="PullDependentFilter"
2026-09-12T20:20:33.683319Z DEBUG logical_optimizer: applied=1 dependent_filters_pulled=1 visited=5 exhausted=false
2026-09-12T20:20:33.693062Z TRACE logical_optimizer: applied logical rule rule="PullDependentFilter"
2026-09-12T20:20:33.693264Z DEBUG logical_optimizer: applied=1 dependent_filters_pulled=1 visited=5 exhausted=false
2026-09-12T20:20:33.693741Z TRACE logical_optimizer: applied logical rule rule="PullDependentFilter"
2026-09-12T20:20:33.693891Z DEBUG logical_optimizer: applied=1 dependent_filters_pulled=1 visited=5 exhausted=false
2026-09-12T20:20:33.694611Z TRACE logical_optimizer: applied logical rule rule="PullDependentFilter"
2026-09-12T20:20:33.694745Z DEBUG logical_optimizer: applied=1 dependent_filters_pulled=1 visited=5 exhausted=false
2026-09-12T20:20:33.695321Z TRACE logical_optimizer: applied logical rule rule="PullDependentFilter"
2026-09-12T20:20:33.695449Z DEBUG logical_optimizer: applied=1 dependent_filters_pulled=1 visited=5 exhausted=false
2026-09-12T20:20:33.707417Z TRACE logical_optimizer: applied logical rule rule="PullDependentFilter"
2026-09-12T20:20:33.708042Z DEBUG logical_optimizer: applied=1 dependent_filters_pulled=1 visited=5 exhausted=false
2026-09-12T20:20:33.708701Z TRACE logical_optimizer: applied logical rule rule="PullDependentFilter"
2026-09-12T20:20:33.708990Z DEBUG logical_optimizer: applied=1 dependent_filters_pulled=1 visited=5 exhausted=false
2026-09-12T20:20:33.709849Z TRACE logical_optimizer: applied logical rule rule="PullDependentFilter"
2026-09-12T20:20:33.710093Z DEBUG logical_optimizer: applied=1 dependent_filters_pulled=1 visited=5 exhausted=false
2026-09-12T20:20:33.711125Z TRACE logical_optimizer: applied logical rule rule="PullDependentFilter"
2026-09-12T20:20:33.711228Z DEBUG logical_optimizer: applied=1 dependent_filters_pulled=1 visited=5 exhausted=false
2026-09-12T20:20:33.715278Z TRACE logical_optimizer: applied logical rule rule="PullDependentFilter"
2026-09-12T20:20:33.715399Z DEBUG logical_optimizer: applied=1 dependent_filters_pulled=1 visited=4 exhausted=false
2026-09-12T20:20:33.716018Z TRACE logical_optimizer: applied logical rule rule="PullDependentFilter"
2026-09-12T20:20:33.716126Z DEBUG logical_optimizer: applied=1 dependent_filters_pulled=1 visited=4 exhausted=false
2026-09-12T20:20:33.737507Z TRACE logical_optimizer: applied logical rule rule="PullDependentFilter"
2026-09-12T20:20:33.737676Z DEBUG logical_optimizer: applied=1 dependent_filters_pulled=1 visited=5 exhausted=false
2026-09-12T20:20:33.738185Z TRACE logical_optimizer: applied logical rule rule="PullDependentFilter"
2026-09-12T20:20:33.738289Z DEBUG logical_optimizer: applied=1 dependent_filters_pulled=1 visited=5 exhausted=false
2026-09-12T20:20:33.738828Z TRACE logical_optimizer: applied logical rule rule="PullDependentFilter"
2026-09-12T20:20:33.738939Z DEBUG logical_optimizer: applied=1 dependent_filters_pulled=1 visited=5 exhausted=false
2026-09-12T20:20:33.739597Z TRACE logical_optimizer: applied logical rule rule="PullDependentFilter"
2026-09-12T20:20:33.739680Z DEBUG logical_optimizer: applied=1 dependent_filters_pulled=1 visited=5 exhausted=false
2026-09-12T20:20:33.759437Z TRACE logical_optimizer: applied logical rule rule="PullDependentFilterOverJoin"
2026-09-12T20:20:33.759569Z TRACE logical_optimizer: applied logical rule rule="MergeSelectInnerJoin"
2026-09-12T20:20:33.759694Z DEBUG logical_optimizer: applied=2 dependent_filters_pulled=1 visited=10 exhausted=false
2026-09-12T20:20:33.760339Z TRACE logical_optimizer: applied logical rule rule="PullDependentFilterOverJoin"
2026-09-12T20:20:33.760426Z TRACE logical_optimizer: applied logical rule rule="MergeSelectInnerJoin"
2026-09-12T20:20:33.760546Z DEBUG logical_optimizer: applied=2 dependent_filters_pulled=1 visited=10 exhausted=false
2026-09-12T20:20:33.761023Z TRACE logical_optimizer: applied logical rule rule="PullDependentFilterOverJoin"
2026-09-12T20:20:33.761108Z TRACE logical_optimizer: applied logical rule rule="MergeSelectInnerJoin"
2026-09-12T20:20:33.761220Z DEBUG logical_optimizer: applied=2 dependent_filters_pulled=1 visited=10 exhausted=false
2026-09-12T20:20:33.761998Z TRACE logical_optimizer: applied logical rule rule="PullDependentFilterOverJoin"
2026-09-12T20:20:33.762103Z TRACE logical_optimizer: applied logical rule rule="MergeSelectInnerJoin"
2026-09-12T20:20:33.762206Z DEBUG logical_optimizer: applied=2 dependent_filters_pulled=1 visited=10 exhausted=false
2026-09-12T20:20:33.763137Z TRACE logical_optimizer: applied logical rule rule="PullDependentFilterOverJoin"
2026-09-12T20:20:33.763235Z TRACE logical_optimizer: applied logical rule rule="MergeSelectInnerJoin"
2026-09-12T20:20:33.763353Z DEBUG logical_optimizer: applied=2 dependent_filters_pulled=1 visited=10 exhausted=false
2026-09-12T20:20:33.763957Z TRACE logical_optimizer: applied logical rule rule="PullDependentFilterOverJoin"
2026-09-12T20:20:33.764058Z TRACE logical_optimizer: applied logical rule rule="MergeSelectInnerJoin"
2026-09-12T20:20:33.764175Z DEBUG logical_optimizer: applied=2 dependent_filters_pulled=1 visited=10 exhausted=false
2026-09-12T20:20:33.764783Z TRACE logical_optimizer: applied logical rule rule="PullDependentFilterOverJoin"
2026-09-12T20:20:33.764879Z TRACE logical_optimizer: applied logical rule rule="MergeSelectInnerJoin"
2026-09-12T20:20:33.765000Z DEBUG logical_optimizer: applied=2 dependent_filters_pulled=1 visited=10 exhausted=false
2026-09-12T20:20:33.765919Z TRACE logical_optimizer: applied logical rule rule="PullDependentFilterOverJoin"
2026-09-12T20:20:33.766030Z TRACE logical_optimizer: applied logical rule rule="MergeSelectInnerJoin"
2026-09-12T20:20:33.766165Z DEBUG logical_optimizer: applied=2 dependent_filters_pulled=1 visited=10 exhausted=false
2026-09-12T20:20:33.787960Z TRACE logical_optimizer: applied logical rule rule="PullDependentFilter"
2026-09-12T20:20:33.788210Z DEBUG logical_optimizer: applied=1 dependent_filters_pulled=1 visited=5 exhausted=false
2026-09-12T20:20:33.788759Z TRACE logical_optimizer: applied logical rule rule="PullDependentFilter"
2026-09-12T20:20:33.788931Z DEBUG logical_optimizer: applied=1 dependent_filters_pulled=1 visited=5 exhausted=false
2026-09-12T20:20:33.789797Z TRACE logical_optimizer: applied logical rule rule="PullDependentFilter"
2026-09-12T20:20:33.789944Z DEBUG logical_optimizer: applied=1 dependent_filters_pulled=1 visited=5 exhausted=false
2026-09-12T20:20:33.790985Z TRACE logical_optimizer: applied logical rule rule="PullDependentFilter"
2026-09-12T20:20:33.791114Z DEBUG logical_optimizer: applied=1 dependent_filters_pulled=1 visited=5 exhausted=false
2026-09-12T20:20:33.793538Z TRACE logical_optimizer: applied logical rule rule="PullDependentFilter"
2026-09-12T20:20:33.793680Z DEBUG logical_optimizer: applied=1 dependent_filters_pulled=1 visited=5 exhausted=false
2026-09-12T20:20:33.794153Z TRACE logical_optimizer: applied logical rule rule="PullDependentFilter"
2026-09-12T20:20:33.794272Z DEBUG logical_optimizer: applied=1 dependent_filters_pulled=1 visited=5 exhausted=false
2026-09-12T20:20:33.794914Z TRACE logical_optimizer: applied logical rule rule="PullDependentFilter"
2026-09-12T20:20:33.795028Z DEBUG logical_optimizer: applied=1 dependent_filters_pulled=1 visited=5 exhausted=false
2026-09-12T20:20:33.795791Z TRACE logical_optimizer: applied logical rule rule="PullDependentFilter"
2026-09-12T20:20:33.795907Z DEBUG logical_optimizer: applied=1 dependent_filters_pulled=1 visited=5 exhausted=false
2026-09-12T20:20:33.806401Z TRACE logical_optimizer: applied logical rule rule="PullDependentFilter"
2026-09-12T20:20:33.806987Z DEBUG logical_optimizer: applied=1 dependent_filters_pulled=1 visited=6 exhausted=false
2026-09-12T20:20:33.807651Z TRACE logical_optimizer: applied logical rule rule="PullDependentFilter"
2026-09-12T20:20:33.807779Z DEBUG logical_optimizer: applied=1 dependent_filters_pulled=1 visited=6 exhausted=false
2026-09-12T20:20:33.816847Z TRACE logical_optimizer: applied logical rule rule="PullDependentFilterOverJoin"
2026-09-12T20:20:33.820174Z TRACE logical_optimizer: applied logical rule rule="MergeSelectInnerJoin"
2026-09-12T20:20:33.820701Z DEBUG logical_optimizer: applied=2 dependent_filters_pulled=1 visited=10 exhausted=false
2026-09-12T20:20:33.822124Z TRACE logical_optimizer: applied logical rule rule="PullDependentFilterOverJoin"
2026-09-12T20:20:33.822250Z TRACE logical_optimizer: applied logical rule rule="MergeSelectInnerJoin"
2026-09-12T20:20:33.822413Z DEBUG logical_optimizer: applied=2 dependent_filters_pulled=1 visited=10 exhausted=false
2026-09-12T20:20:33.824072Z TRACE logical_optimizer: applied logical rule rule="PullDependentFilterOverJoin"
2026-09-12T20:20:33.824173Z TRACE logical_optimizer: applied logical rule rule="MergeSelectInnerJoin"
2026-09-12T20:20:33.824308Z DEBUG logical_optimizer: applied=2 dependent_filters_pulled=1 visited=10 exhausted=false
2026-09-12T20:20:33.825715Z TRACE logical_optimizer: applied logical rule rule="PullDependentFilterOverJoin"
2026-09-12T20:20:33.828150Z TRACE logical_optimizer: applied logical rule rule="MergeSelectInnerJoin"
2026-09-12T20:20:33.828343Z DEBUG logical_optimizer: applied=2 dependent_filters_pulled=1 visited=10 exhausted=false
2026-09-12T20:20:33.849400Z TRACE logical_optimizer: applied logical rule rule="PullDependentFilterOverJoin"
2026-09-12T20:20:33.849584Z TRACE logical_optimizer: applied logical rule rule="MergeSelectInnerJoin"
2026-09-12T20:20:33.849775Z DEBUG logical_optimizer: applied=2 dependent_filters_pulled=1 visited=10 exhausted=false
2026-09-12T20:20:33.850842Z TRACE logical_optimizer: applied logical rule rule="PullDependentFilterOverJoin"
2026-09-12T20:20:33.850948Z TRACE logical_optimizer: applied logical rule rule="MergeSelectInnerJoin"
2026-09-12T20:20:33.851097Z DEBUG logical_optimizer: applied=2 dependent_filters_pulled=1 visited=10 exhausted=false
2026-09-12T20:20:33.852102Z TRACE logical_optimizer: applied logical rule rule="PullDependentFilterOverJoin"
2026-09-12T20:20:33.852282Z TRACE logical_optimizer: applied logical rule rule="MergeSelectInnerJoin"
2026-09-12T20:20:33.852470Z DEBUG logical_optimizer: applied=2 dependent_filters_pulled=1 visited=10 exhausted=false
2026-09-12T20:20:33.853767Z TRACE logical_optimizer: applied logical rule rule="PullDependentFilterOverJoin"
2026-09-12T20:20:33.853896Z TRACE logical_optimizer: applied logical rule rule="MergeSelectInnerJoin"
2026-09-12T20:20:33.854094Z DEBUG logical_optimizer: applied=2 dependent_filters_pulled=1 visited=10 exhausted=false
2026-09-12T20:20:33.855719Z TRACE logical_optimizer: applied logical rule rule="PullDependentFilter"
2026-09-12T20:20:33.855870Z DEBUG logical_optimizer: applied=1 dependent_filters_pulled=1 visited=5 exhausted=false
2026-09-12T20:20:33.856416Z TRACE logical_optimizer: applied logical rule rule="PullDependentFilter"
2026-09-12T20:20:33.856539Z DEBUG logical_optimizer: applied=1 dependent_filters_pulled=1 visited=5 exhausted=false
2026-09-12T20:20:33.857431Z TRACE logical_optimizer: applied logical rule rule="PullDependentFilter"
2026-09-12T20:20:33.857642Z DEBUG logical_optimizer: applied=1 dependent_filters_pulled=1 visited=5 exhausted=false
2026-09-12T20:20:33.858302Z TRACE logical_optimizer: applied logical rule rule="PullDependentFilter"
2026-09-12T20:20:33.858422Z DEBUG logical_optimizer: applied=1 dependent_filters_pulled=1 visited=5 exhausted=false
2026-09-12T20:20:33.870018Z TRACE logical_optimizer: applied logical rule rule="PullDependentFilter"
2026-09-12T20:20:33.870209Z DEBUG logical_optimizer: applied=1 dependent_filters_pulled=1 visited=4 exhausted=false
2026-09-12T20:20:33.870581Z TRACE logical_optimizer: applied logical rule rule="PullDependentFilter"
2026-09-12T20:20:33.870684Z DEBUG logical_optimizer: applied=1 dependent_filters_pulled=1 visited=4 exhausted=false
2026-09-12T20:20:33.871073Z TRACE logical_optimizer: applied logical rule rule="PullDependentFilter"
2026-09-12T20:20:33.871167Z DEBUG logical_optimizer: applied=1 dependent_filters_pulled=1 visited=4 exhausted=false
2026-09-12T20:20:33.871650Z TRACE logical_optimizer: applied logical rule rule="PullDependentFilter"
2026-09-12T20:20:33.871744Z DEBUG logical_optimizer: applied=1 dependent_filters_pulled=1 visited=4 exhausted=false
2026-09-12T20:20:33.876274Z TRACE logical_optimizer: applied logical rule rule="PullDependentFilter"
2026-09-12T20:20:33.876458Z DEBUG logical_optimizer: applied=1 dependent_filters_pulled=1 visited=4 exhausted=false
2026-09-12T20:20:33.876930Z TRACE logical_optimizer: applied logical rule rule="PullDependentFilter"
2026-09-12T20:20:33.877066Z DEBUG logical_optimizer: applied=1 dependent_filters_pulled=1 visited=4 exhausted=false
2026-09-12T20:20:33.877442Z TRACE logical_optimizer: applied logical rule rule="PullDependentFilter"
2026-09-12T20:20:33.877567Z DEBUG logical_optimizer: applied=1 dependent_filters_pulled=1 visited=4 exhausted=false
2026-09-12T20:20:33.878100Z TRACE logical_optimizer: applied logical rule rule="PullDependentFilter"
2026-09-12T20:20:33.878218Z DEBUG logical_optimizer: applied=1 dependent_filters_pulled=1 visited=4 exhausted=false
2026-09-12T20:20:33.882915Z TRACE logical_optimizer: applied logical rule rule="PullDependentFilterOverJoin"
2026-09-12T20:20:33.883116Z TRACE logical_optimizer: applied logical rule rule="MergeSelectInnerJoin"
2026-09-12T20:20:33.883301Z DEBUG logical_optimizer: applied=2 dependent_filters_pulled=1 visited=10 exhausted=false
2026-09-12T20:20:33.884389Z TRACE logical_optimizer: applied logical rule rule="PullDependentFilterOverJoin"
2026-09-12T20:20:33.884511Z TRACE logical_optimizer: applied logical rule rule="MergeSelectInnerJoin"
2026-09-12T20:20:33.884662Z DEBUG logical_optimizer: applied=2 dependent_filters_pulled=1 visited=10 exhausted=false
2026-09-12T20:20:33.886190Z TRACE logical_optimizer: applied logical rule rule="PullDependentFilterOverJoin"
2026-09-12T20:20:33.886298Z TRACE logical_optimizer: applied logical rule rule="MergeSelectInnerJoin"
2026-09-12T20:20:33.886448Z DEBUG logical_optimizer: applied=2 dependent_filters_pulled=1 visited=10 exhausted=false
2026-09-12T20:20:33.888445Z TRACE logical_optimizer: applied logical rule rule="PullDependentFilterOverJoin"
2026-09-12T20:20:33.888578Z TRACE logical_optimizer: applied logical rule rule="MergeSelectInnerJoin"
2026-09-12T20:20:33.888760Z DEBUG logical_optimizer: applied=2 dependent_filters_pulled=1 visited=10 exhausted=false
2026-09-12T20:20:33.899860Z TRACE logical_optimizer: applied logical rule rule="PullDependentFilterOverJoin"
2026-09-12T20:20:33.900008Z TRACE logical_optimizer: applied logical rule rule="MergeSelectInnerJoin"
2026-09-12T20:20:33.900185Z DEBUG logical_optimizer: applied=2 dependent_filters_pulled=1 visited=10 exhausted=false
2026-09-12T20:20:33.901013Z TRACE logical_optimizer: applied logical rule rule="PullDependentFilterOverJoin"
2026-09-12T20:20:33.901133Z TRACE logical_optimizer: applied logical rule rule="MergeSelectInnerJoin"
2026-09-12T20:20:33.901279Z DEBUG logical_optimizer: applied=2 dependent_filters_pulled=1 visited=10 exhausted=false
2026-09-12T20:20:33.902262Z TRACE logical_optimizer: applied logical rule rule="PullDependentFilterOverJoin"
2026-09-12T20:20:33.902426Z TRACE logical_optimizer: applied logical rule rule="MergeSelectInnerJoin"
2026-09-12T20:20:33.902570Z DEBUG logical_optimizer: applied=2 dependent_filters_pulled=1 visited=10 exhausted=false
2026-09-12T20:20:33.903662Z TRACE logical_optimizer: applied logical rule rule="PullDependentFilterOverJoin"
2026-09-12T20:20:33.903793Z TRACE logical_optimizer: applied logical rule rule="MergeSelectInnerJoin"
2026-09-12T20:20:33.903932Z DEBUG logical_optimizer: applied=2 dependent_filters_pulled=1 visited=10 exhausted=false
2026-09-12T20:20:33.921410Z TRACE logical_optimizer: applied logical rule rule="PullDependentFilter"
2026-09-12T20:20:33.921595Z DEBUG logical_optimizer: applied=1 dependent_filters_pulled=1 visited=5 exhausted=false
2026-09-12T20:20:33.922117Z TRACE logical_optimizer: applied logical rule rule="PullDependentFilter"
2026-09-12T20:20:33.922258Z DEBUG logical_optimizer: applied=1 dependent_filters_pulled=1 visited=5 exhausted=false
2026-09-12T20:20:33.922623Z TRACE logical_optimizer: applied logical rule rule="PullDependentFilter"
2026-09-12T20:20:33.922748Z DEBUG logical_optimizer: applied=1 dependent_filters_pulled=1 visited=5 exhausted=false
2026-09-12T20:20:33.923318Z TRACE logical_optimizer: applied logical rule rule="PullDependentFilter"
2026-09-12T20:20:33.923433Z DEBUG logical_optimizer: applied=1 dependent_filters_pulled=1 visited=5 exhausted=false
2026-09-12T20:20:33.932041Z TRACE logical_optimizer: applied logical rule rule="PullDependentFilter"
2026-09-12T20:20:33.932271Z DEBUG logical_optimizer: applied=1 dependent_filters_pulled=1 visited=5 exhausted=false
2026-09-12T20:20:33.933164Z TRACE logical_optimizer: applied logical rule rule="PullDependentFilter"
2026-09-12T20:20:33.933319Z DEBUG logical_optimizer: applied=1 dependent_filters_pulled=1 visited=5 exhausted=false
2026-09-12T20:20:33.934416Z TRACE logical_optimizer: applied logical rule rule="PullDependentFilter"
2026-09-12T20:20:33.934552Z DEBUG logical_optimizer: applied=1 dependent_filters_pulled=1 visited=5 exhausted=false
2026-09-12T20:20:33.935436Z TRACE logical_optimizer: applied logical rule rule="PullDependentFilter"
2026-09-12T20:20:33.935563Z DEBUG logical_optimizer: applied=1 dependent_filters_pulled=1 visited=5 exhausted=false
2026-09-12T20:20:33.944685Z TRACE logical_optimizer: applied logical rule rule="PullDependentFilter"
2026-09-12T20:20:33.944899Z DEBUG logical_optimizer: applied=1 dependent_filters_pulled=1 visited=5 exhausted=false
2026-09-12T20:20:33.945532Z TRACE logical_optimizer: applied logical rule rule="PullDependentFilter"
2026-09-12T20:20:33.945681Z DEBUG logical_optimizer: applied=1 dependent_filters_pulled=1 visited=5 exhausted=false
2026-09-12T20:20:33.946370Z TRACE logical_optimizer: applied logical rule rule="PullDependentFilter"
2026-09-12T20:20:33.946493Z DEBUG logical_optimizer: applied=1 dependent_filters_pulled=1 visited=5 exhausted=false
2026-09-12T20:20:33.947134Z TRACE logical_optimizer: applied logical rule rule="PullDependentFilter"
2026-09-12T20:20:33.947258Z DEBUG logical_optimizer: applied=1 dependent_filters_pulled=1 visited=5 exhausted=false
2026-09-12T20:20:33.948461Z TRACE logical_optimizer: applied logical rule rule="PullDependentFilterOverJoin"
2026-09-12T20:20:33.948577Z TRACE logical_optimizer: applied logical rule rule="MergeSelectInnerJoin"
2026-09-12T20:20:33.948720Z DEBUG logical_optimizer: applied=2 dependent_filters_pulled=1 visited=10 exhausted=false
2026-09-12T20:20:33.949566Z TRACE logical_optimizer: applied logical rule rule="PullDependentFilterOverJoin"
2026-09-12T20:20:33.949691Z TRACE logical_optimizer: applied logical rule rule="MergeSelectInnerJoin"
2026-09-12T20:20:33.949826Z DEBUG logical_optimizer: applied=2 dependent_filters_pulled=1 visited=10 exhausted=false
2026-09-12T20:20:33.950643Z TRACE logical_optimizer: applied logical rule rule="PullDependentFilterOverJoin"
2026-09-12T20:20:33.950747Z TRACE logical_optimizer: applied logical rule rule="MergeSelectInnerJoin"
2026-09-12T20:20:33.950877Z DEBUG logical_optimizer: applied=2 dependent_filters_pulled=1 visited=10 exhausted=false
2026-09-12T20:20:33.952002Z TRACE logical_optimizer: applied logical rule rule="PullDependentFilterOverJoin"
2026-09-12T20:20:33.952249Z TRACE logical_optimizer: applied logical rule rule="MergeSelectInnerJoin"
2026-09-12T20:20:33.952392Z DEBUG logical_optimizer: applied=2 dependent_filters_pulled=1 visited=10 exhausted=false
2026-09-12T20:20:33.972373Z TRACE logical_optimizer: applied logical rule rule="PullDependentFilter"
2026-09-12T20:20:33.972509Z DEBUG logical_optimizer: applied=1 dependent_filters_pulled=1 visited=5 exhausted=false
2026-09-12T20:20:33.973580Z TRACE logical_optimizer: applied logical rule rule="PullDependentFilter"
2026-09-12T20:20:33.973658Z DEBUG logical_optimizer: applied=1 dependent_filters_pulled=1 visited=5 exhausted=false
2026-09-12T20:20:33.974651Z TRACE logical_optimizer: applied logical rule rule="PullDependentFilter"
2026-09-12T20:20:33.974832Z DEBUG logical_optimizer: applied=1 dependent_filters_pulled=1 visited=5 exhausted=false
2026-09-12T20:20:33.976928Z TRACE logical_optimizer: applied logical rule rule="PullDependentFilter"
2026-09-12T20:20:33.977109Z DEBUG logical_optimizer: applied=1 dependent_filters_pulled=1 visited=5 exhausted=false
2026-09-12T20:20:34.051881Z TRACE logical_optimizer: applied logical rule rule="PullDependentFilter"
2026-09-12T20:20:34.052109Z DEBUG logical_optimizer: applied=1 dependent_filters_pulled=1 visited=5 exhausted=false
2026-09-12T20:20:34.052953Z TRACE logical_optimizer: applied logical rule rule="PullDependentFilter"
2026-09-12T20:20:34.053112Z DEBUG logical_optimizer: applied=1 dependent_filters_pulled=1 visited=5 exhausted=false
2026-09-12T20:20:34.078083Z TRACE logical_optimizer: applied logical rule rule="PullDependentFilter"
2026-09-12T20:20:34.078301Z DEBUG logical_optimizer: applied=1 dependent_filters_pulled=1 visited=5 exhausted=false
2026-09-12T20:20:34.078995Z TRACE logical_optimizer: applied logical rule rule="PullDependentFilter"
2026-09-12T20:20:34.079155Z DEBUG logical_optimizer: applied=1 dependent_filters_pulled=1 visited=5 exhausted=false
2026-09-12T20:20:34.079571Z TRACE logical_optimizer: applied logical rule rule="PullDependentFilter"
2026-09-12T20:20:34.079697Z DEBUG logical_optimizer: applied=1 dependent_filters_pulled=1 visited=5 exhausted=false
2026-09-12T20:20:34.080410Z TRACE logical_optimizer: applied logical rule rule="PullDependentFilter"
2026-09-12T20:20:34.080539Z DEBUG logical_optimizer: applied=1 dependent_filters_pulled=1 visited=5 exhausted=false
2026-09-12T20:20:34.090016Z TRACE logical_optimizer: applied logical rule rule="PullDependentFilter"
2026-09-12T20:20:34.090275Z DEBUG logical_optimizer: applied=1 dependent_filters_pulled=1 visited=5 exhausted=false
2026-09-12T20:20:34.091106Z TRACE logical_optimizer: applied logical rule rule="PullDependentFilter"
2026-09-12T20:20:34.091535Z DEBUG logical_optimizer: applied=1 dependent_filters_pulled=1 visited=5 exhausted=false
2026-09-12T20:20:34.092147Z TRACE logical_optimizer: applied logical rule rule="PullDependentFilter"
2026-09-12T20:20:34.092335Z DEBUG logical_optimizer: applied=1 dependent_filters_pulled=1 visited=5 exhausted=false
2026-09-12T20:20:34.093012Z TRACE logical_optimizer: applied logical rule rule="PullDependentFilter"
2026-09-12T20:20:34.093149Z DEBUG logical_optimizer: applied=1 dependent_filters_pulled=1 visited=5 exhausted=false
2026-09-12T20:20:34.120513Z TRACE logical_optimizer: applied logical rule rule="PullDependentFilterOverJoin"
2026-09-12T20:20:34.120686Z TRACE logical_optimizer: applied logical rule rule="MergeSelectInnerJoin"
2026-09-12T20:20:34.120839Z DEBUG logical_optimizer: applied=2 dependent_filters_pulled=1 visited=10 exhausted=false
2026-09-12T20:20:34.121558Z TRACE logical_optimizer: applied logical rule rule="PullDependentFilterOverJoin"
2026-09-12T20:20:34.121674Z TRACE logical_optimizer: applied logical rule rule="MergeSelectInnerJoin"
2026-09-12T20:20:34.121803Z DEBUG logical_optimizer: applied=2 dependent_filters_pulled=1 visited=10 exhausted=false
2026-09-12T20:20:34.122945Z TRACE logical_optimizer: applied logical rule rule="PullDependentFilterOverJoin"
2026-09-12T20:20:34.123064Z TRACE logical_optimizer: applied logical rule rule="MergeSelectInnerJoin"
2026-09-12T20:20:34.123198Z DEBUG logical_optimizer: applied=2 dependent_filters_pulled=1 visited=10 exhausted=false
2026-09-12T20:20:34.124124Z TRACE logical_optimizer: applied logical rule rule="PullDependentFilterOverJoin"
2026-09-12T20:20:34.124264Z TRACE logical_optimizer: applied logical rule rule="MergeSelectInnerJoin"
2026-09-12T20:20:34.124416Z DEBUG logical_optimizer: applied=2 dependent_filters_pulled=1 visited=10 exhausted=false
2026-09-12T20:20:34.126517Z TRACE logical_optimizer: applied logical rule rule="PullDependentFilter"
2026-09-12T20:20:34.126668Z DEBUG logical_optimizer: applied=1 dependent_filters_pulled=1 visited=5 exhausted=false
2026-09-12T20:20:34.127335Z TRACE logical_optimizer: applied logical rule rule="PullDependentFilter"
2026-09-12T20:20:34.127459Z DEBUG logical_optimizer: applied=1 dependent_filters_pulled=1 visited=5 exhausted=false
2026-09-12T20:20:34.128043Z TRACE logical_optimizer: applied logical rule rule="PullDependentFilter"
2026-09-12T20:20:34.128148Z DEBUG logical_optimizer: applied=1 dependent_filters_pulled=1 visited=5 exhausted=false
2026-09-12T20:20:34.128799Z TRACE logical_optimizer: applied logical rule rule="PullDependentFilter"
2026-09-12T20:20:34.128913Z DEBUG logical_optimizer: applied=1 dependent_filters_pulled=1 visited=5 exhausted=false
2026-09-12T20:20:34.142597Z TRACE logical_optimizer: applied logical rule rule="PullDependentFilter"
2026-09-12T20:20:34.142792Z DEBUG logical_optimizer: applied=1 dependent_filters_pulled=1 visited=5 exhausted=false
2026-09-12T20:20:34.144372Z TRACE logical_optimizer: applied logical rule rule="PullDependentFilter"
2026-09-12T20:20:34.144510Z DEBUG logical_optimizer: applied=1 dependent_filters_pulled=1 visited=5 exhausted=false
2026-09-12T20:20:34.145578Z TRACE logical_optimizer: applied logical rule rule="PullDependentFilter"
2026-09-12T20:20:34.145700Z DEBUG logical_optimizer: applied=1 dependent_filters_pulled=1 visited=5 exhausted=false
2026-09-12T20:20:34.147461Z TRACE logical_optimizer: applied logical rule rule="PullDependentFilter"
2026-09-12T20:20:34.147579Z DEBUG logical_optimizer: applied=1 dependent_filters_pulled=1 visited=5 exhausted=false
2026-09-12T20:20:34.155792Z TRACE logical_optimizer: applied logical rule rule="PullDependentFilterOverJoin"
2026-09-12T20:20:34.155995Z TRACE logical_optimizer: applied logical rule rule="MergeSelectInnerJoin"
2026-09-12T20:20:34.156158Z DEBUG logical_optimizer: applied=2 dependent_filters_pulled=1 visited=10 exhausted=false
2026-09-12T20:20:34.156902Z TRACE logical_optimizer: applied logical rule rule="PullDependentFilterOverJoin"
2026-09-12T20:20:34.157023Z TRACE logical_optimizer: applied logical rule rule="MergeSelectInnerJoin"
2026-09-12T20:20:34.157159Z DEBUG logical_optimizer: applied=2 dependent_filters_pulled=1 visited=10 exhausted=false
2026-09-12T20:20:34.158104Z TRACE logical_optimizer: applied logical rule rule="PullDependentFilterOverJoin"
2026-09-12T20:20:34.158241Z TRACE logical_optimizer: applied logical rule rule="MergeSelectInnerJoin"
2026-09-12T20:20:34.158388Z DEBUG logical_optimizer: applied=2 dependent_filters_pulled=1 visited=10 exhausted=false
2026-09-12T20:20:34.159393Z TRACE logical_optimizer: applied logical rule rule="PullDependentFilterOverJoin"
2026-09-12T20:20:34.159523Z TRACE logical_optimizer: applied logical rule rule="MergeSelectInnerJoin"
2026-09-12T20:20:34.159683Z DEBUG logical_optimizer: applied=2 dependent_filters_pulled=1 visited=10 exhausted=false
2026-09-12T20:20:34.172570Z TRACE logical_optimizer: applied logical rule rule="PullDependentFilter"
2026-09-12T20:20:34.172774Z DEBUG logical_optimizer: applied=1 dependent_filters_pulled=1 visited=5 exhausted=false
2026-09-12T20:20:34.173514Z TRACE logical_optimizer: applied logical rule rule="PullDependentFilter"
2026-09-12T20:20:34.173699Z DEBUG logical_optimizer: applied=1 dependent_filters_pulled=1 visited=5 exhausted=false
2026-09-12T20:20:34.174393Z TRACE logical_optimizer: applied logical rule rule="PullDependentFilter"
2026-09-12T20:20:34.174539Z DEBUG logical_optimizer: applied=1 dependent_filters_pulled=1 visited=5 exhausted=false
2026-09-12T20:20:34.175181Z TRACE logical_optimizer: applied logical rule rule="PullDependentFilter"
2026-09-12T20:20:34.175291Z DEBUG logical_optimizer: applied=1 dependent_filters_pulled=1 visited=5 exhausted=false
2026-09-12T20:20:34.181146Z TRACE logical_optimizer: applied logical rule rule="PullDependentFilterOverJoin"
2026-09-12T20:20:34.181283Z TRACE logical_optimizer: applied logical rule rule="MergeSelectInnerJoin"
2026-09-12T20:20:34.181432Z DEBUG logical_optimizer: applied=2 dependent_filters_pulled=1 visited=10 exhausted=false
2026-09-12T20:20:34.182251Z TRACE logical_optimizer: applied logical rule rule="PullDependentFilterOverJoin"
2026-09-12T20:20:34.182336Z TRACE logical_optimizer: applied logical rule rule="MergeSelectInnerJoin"
2026-09-12T20:20:34.182440Z DEBUG logical_optimizer: applied=2 dependent_filters_pulled=1 visited=10 exhausted=false
2026-09-12T20:20:34.183157Z TRACE logical_optimizer: applied logical rule rule="PullDependentFilterOverJoin"
2026-09-12T20:20:34.183273Z TRACE logical_optimizer: applied logical rule rule="MergeSelectInnerJoin"
2026-09-12T20:20:34.183390Z DEBUG logical_optimizer: applied=2 dependent_filters_pulled=1 visited=10 exhausted=false
2026-09-12T20:20:34.184377Z TRACE logical_optimizer: applied logical rule rule="PullDependentFilterOverJoin"
2026-09-12T20:20:34.184493Z TRACE logical_optimizer: applied logical rule rule="MergeSelectInnerJoin"
2026-09-12T20:20:34.184626Z DEBUG logical_optimizer: applied=2 dependent_filters_pulled=1 visited=10 exhausted=false
2026-09-12T20:20:34.189979Z TRACE logical_optimizer: applied logical rule rule="PullDependentFilter"
2026-09-12T20:20:34.190157Z DEBUG logical_optimizer: applied=1 dependent_filters_pulled=1 visited=6 exhausted=false
2026-09-12T20:20:34.190671Z TRACE logical_optimizer: applied logical rule rule="PullDependentFilter"
2026-09-12T20:20:34.190808Z DEBUG logical_optimizer: applied=1 dependent_filters_pulled=1 visited=6 exhausted=false
2026-09-12T20:20:34.216716Z TRACE logical_optimizer: applied logical rule rule="PullDependentFilter"
2026-09-12T20:20:34.216932Z DEBUG logical_optimizer: applied=1 dependent_filters_pulled=1 visited=5 exhausted=false
2026-09-12T20:20:34.217367Z TRACE logical_optimizer: applied logical rule rule="PullDependentFilter"
2026-09-12T20:20:34.217498Z DEBUG logical_optimizer: applied=1 dependent_filters_pulled=1 visited=5 exhausted=false
2026-09-12T20:20:34.217962Z TRACE logical_optimizer: applied logical rule rule="PullDependentFilter"
2026-09-12T20:20:34.218081Z DEBUG logical_optimizer: applied=1 dependent_filters_pulled=1 visited=5 exhausted=false
2026-09-12T20:20:34.218603Z TRACE logical_optimizer: applied logical rule rule="PullDependentFilter"
2026-09-12T20:20:34.218715Z DEBUG logical_optimizer: applied=1 dependent_filters_pulled=1 visited=5 exhausted=false
2026-09-12T20:20:34.221362Z TRACE logical_optimizer: applied logical rule rule="PullDependentFilter"
2026-09-12T20:20:34.221512Z DEBUG logical_optimizer: applied=1 dependent_filters_pulled=1 visited=5 exhausted=false
2026-09-12T20:20:34.221953Z TRACE logical_optimizer: applied logical rule rule="PullDependentFilter"
2026-09-12T20:20:34.222072Z DEBUG logical_optimizer: applied=1 dependent_filters_pulled=1 visited=5 exhausted=false
2026-09-12T20:20:34.222534Z TRACE logical_optimizer: applied logical rule rule="PullDependentFilter"
2026-09-12T20:20:34.222638Z DEBUG logical_optimizer: applied=1 dependent_filters_pulled=1 visited=5 exhausted=false
2026-09-12T20:20:34.223205Z TRACE logical_optimizer: applied logical rule rule="PullDependentFilter"
2026-09-12T20:20:34.223321Z DEBUG logical_optimizer: applied=1 dependent_filters_pulled=1 visited=5 exhausted=false
2026-09-12T20:20:34.271750Z TRACE logical_optimizer: applied logical rule rule="PullDependentFilterOverJoin"
2026-09-12T20:20:34.271962Z TRACE logical_optimizer: applied logical rule rule="MergeSelectInnerJoin"
2026-09-12T20:20:34.272116Z DEBUG logical_optimizer: applied=2 dependent_filters_pulled=1 visited=10 exhausted=false
2026-09-12T20:20:34.272855Z TRACE logical_optimizer: applied logical rule rule="PullDependentFilterOverJoin"
2026-09-12T20:20:34.272935Z TRACE logical_optimizer: applied logical rule rule="MergeSelectInnerJoin"
2026-09-12T20:20:34.273040Z DEBUG logical_optimizer: applied=2 dependent_filters_pulled=1 visited=10 exhausted=false
2026-09-12T20:20:34.273644Z TRACE logical_optimizer: applied logical rule rule="PullDependentFilterOverJoin"
2026-09-12T20:20:34.273825Z TRACE logical_optimizer: applied logical rule rule="MergeSelectInnerJoin"
2026-09-12T20:20:34.273938Z DEBUG logical_optimizer: applied=2 dependent_filters_pulled=1 visited=10 exhausted=false
2026-09-12T20:20:34.274848Z TRACE logical_optimizer: applied logical rule rule="PullDependentFilterOverJoin"
2026-09-12T20:20:34.274972Z TRACE logical_optimizer: applied logical rule rule="MergeSelectInnerJoin"
2026-09-12T20:20:34.275117Z DEBUG logical_optimizer: applied=2 dependent_filters_pulled=1 visited=10 exhausted=false
2026-09-12T20:20:34.310407Z TRACE logical_optimizer: applied logical rule rule="PullDependentFilter"
2026-09-12T20:20:34.310609Z DEBUG logical_optimizer: applied=1 dependent_filters_pulled=1 visited=5 exhausted=false
2026-09-12T20:20:34.311096Z TRACE logical_optimizer: applied logical rule rule="PullDependentFilter"
2026-09-12T20:20:34.311249Z DEBUG logical_optimizer: applied=1 dependent_filters_pulled=1 visited=5 exhausted=false
2026-09-12T20:20:34.312030Z TRACE logical_optimizer: applied logical rule rule="PullDependentFilter"
2026-09-12T20:20:34.312200Z DEBUG logical_optimizer: applied=1 dependent_filters_pulled=1 visited=5 exhausted=false
2026-09-12T20:20:34.312787Z TRACE logical_optimizer: applied logical rule rule="PullDependentFilter"
2026-09-12T20:20:34.312916Z DEBUG logical_optimizer: applied=1 dependent_filters_pulled=1 visited=5 exhausted=false
2026-09-12T20:20:34.338922Z TRACE logical_optimizer: applied logical rule rule="PullDependentFilterOverJoin"
2026-09-12T20:20:34.339136Z TRACE logical_optimizer: applied logical rule rule="MergeSelectInnerJoin"
2026-09-12T20:20:34.339308Z DEBUG logical_optimizer: applied=2 dependent_filters_pulled=1 visited=10 exhausted=false
2026-09-12T20:20:34.340020Z TRACE logical_optimizer: applied logical rule rule="PullDependentFilterOverJoin"
2026-09-12T20:20:34.340130Z TRACE logical_optimizer: applied logical rule rule="MergeSelectInnerJoin"
2026-09-12T20:20:34.340260Z DEBUG logical_optimizer: applied=2 dependent_filters_pulled=1 visited=10 exhausted=false
2026-09-12T20:20:34.340989Z TRACE logical_optimizer: applied logical rule rule="PullDependentFilterOverJoin"
2026-09-12T20:20:34.341181Z TRACE logical_optimizer: applied logical rule rule="MergeSelectInnerJoin"
2026-09-12T20:20:34.341365Z DEBUG logical_optimizer: applied=2 dependent_filters_pulled=1 visited=10 exhausted=false
2026-09-12T20:20:34.342247Z TRACE logical_optimizer: applied logical rule rule="PullDependentFilterOverJoin"
2026-09-12T20:20:34.342370Z TRACE logical_optimizer: applied logical rule rule="MergeSelectInnerJoin"
2026-09-12T20:20:34.342503Z DEBUG logical_optimizer: applied=2 dependent_filters_pulled=1 visited=10 exhausted=false
2026-09-12T20:20:34.390016Z TRACE logical_optimizer: applied logical rule rule="PullDependentFilterOverJoin"
2026-09-12T20:20:34.390199Z TRACE logical_optimizer: applied logical rule rule="MergeSelectInnerJoin"
2026-09-12T20:20:34.390346Z DEBUG logical_optimizer: applied=2 dependent_filters_pulled=1 visited=10 exhausted=false
2026-09-12T20:20:34.391310Z TRACE logical_optimizer: applied logical rule rule="PullDependentFilterOverJoin"
2026-09-12T20:20:34.391492Z TRACE logical_optimizer: applied logical rule rule="MergeSelectInnerJoin"
2026-09-12T20:20:34.391612Z DEBUG logical_optimizer: applied=2 dependent_filters_pulled=1 visited=10 exhausted=false
2026-09-12T20:20:34.392548Z TRACE logical_optimizer: applied logical rule rule="PullDependentFilterOverJoin"
2026-09-12T20:20:34.392659Z TRACE logical_optimizer: applied logical rule rule="MergeSelectInnerJoin"
2026-09-12T20:20:34.392749Z DEBUG logical_optimizer: applied=2 dependent_filters_pulled=1 visited=10 exhausted=false
2026-09-12T20:20:34.393628Z TRACE logical_optimizer: applied logical rule rule="PullDependentFilterOverJoin"
2026-09-12T20:20:34.393727Z TRACE logical_optimizer: applied logical rule rule="MergeSelectInnerJoin"
2026-09-12T20:20:34.393832Z DEBUG logical_optimizer: applied=2 dependent_filters_pulled=1 visited=10 exhausted=false
2026-09-12T20:20:34.437136Z TRACE logical_optimizer: applied logical rule rule="PullDependentFilter"
2026-09-12T20:20:34.437343Z DEBUG logical_optimizer: applied=1 dependent_filters_pulled=1 visited=6 exhausted=false
2026-09-12T20:20:34.437770Z TRACE logical_optimizer: applied logical rule rule="PullDependentFilter"
2026-09-12T20:20:34.437870Z DEBUG logical_optimizer: applied=1 dependent_filters_pulled=1 visited=6 exhausted=false
2026-09-12T20:20:34.439776Z TRACE logical_optimizer: applied logical rule rule="PullDependentFilterOverJoin"
2026-09-12T20:20:34.439888Z TRACE logical_optimizer: applied logical rule rule="MergeSelectInnerJoin"
2026-09-12T20:20:34.439983Z DEBUG logical_optimizer: applied=2 dependent_filters_pulled=1 visited=10 exhausted=false
2026-09-12T20:20:34.440588Z TRACE logical_optimizer: applied logical rule rule="PullDependentFilterOverJoin"
2026-09-12T20:20:34.440681Z TRACE logical_optimizer: applied logical rule rule="MergeSelectInnerJoin"
2026-09-12T20:20:34.440795Z DEBUG logical_optimizer: applied=2 dependent_filters_pulled=1 visited=10 exhausted=false
2026-09-12T20:20:34.441587Z TRACE logical_optimizer: applied logical rule rule="PullDependentFilterOverJoin"
2026-09-12T20:20:34.441651Z TRACE logical_optimizer: applied logical rule rule="MergeSelectInnerJoin"
2026-09-12T20:20:34.441734Z DEBUG logical_optimizer: applied=2 dependent_filters_pulled=1 visited=10 exhausted=false
2026-09-12T20:20:34.442606Z TRACE logical_optimizer: applied logical rule rule="PullDependentFilterOverJoin"
2026-09-12T20:20:34.442691Z TRACE logical_optimizer: applied logical rule rule="MergeSelectInnerJoin"
2026-09-12T20:20:34.442810Z DEBUG logical_optimizer: applied=2 dependent_filters_pulled=1 visited=10 exhausted=false
2026-09-12T20:20:34.449003Z TRACE logical_optimizer: applied logical rule rule="PullDependentFilterOverJoin"
2026-09-12T20:20:34.449164Z TRACE logical_optimizer: applied logical rule rule="MergeSelectInnerJoin"
2026-09-12T20:20:34.449319Z DEBUG logical_optimizer: applied=2 dependent_filters_pulled=1 visited=10 exhausted=false
2026-09-12T20:20:34.450295Z TRACE logical_optimizer: applied logical rule rule="PullDependentFilterOverJoin"
2026-09-12T20:20:34.450429Z TRACE logical_optimizer: applied logical rule rule="MergeSelectInnerJoin"
2026-09-12T20:20:34.450674Z DEBUG logical_optimizer: applied=2 dependent_filters_pulled=1 visited=10 exhausted=false
2026-09-12T20:20:34.451410Z TRACE logical_optimizer: applied logical rule rule="PullDependentFilterOverJoin"
2026-09-12T20:20:34.451512Z TRACE logical_optimizer: applied logical rule rule="MergeSelectInnerJoin"
2026-09-12T20:20:34.451636Z DEBUG logical_optimizer: applied=2 dependent_filters_pulled=1 visited=10 exhausted=false
2026-09-12T20:20:34.452670Z TRACE logical_optimizer: applied logical rule rule="PullDependentFilterOverJoin"
2026-09-12T20:20:34.452791Z TRACE logical_optimizer: applied logical rule rule="MergeSelectInnerJoin"
2026-09-12T20:20:34.452927Z DEBUG logical_optimizer: applied=2 dependent_filters_pulled=1 visited=10 exhausted=false
2026-09-12T20:20:33.339780Z TRACE logical_optimizer: applied logical rule rule="PullDependentFilterOverJoin"
2026-09-12T20:20:33.341134Z TRACE logical_optimizer: applied logical rule rule="MergeSelectInnerJoin"
2026-09-12T20:20:33.341283Z DEBUG logical_optimizer: applied=2 dependent_filters_pulled=1 visited=10 exhausted=false
2026-09-12T20:20:33.342495Z TRACE logical_optimizer: applied logical rule rule="PullDependentFilterOverJoin"
2026-09-12T20:20:33.342632Z TRACE logical_optimizer: applied logical rule rule="MergeSelectInnerJoin"
2026-09-12T20:20:33.342758Z DEBUG logical_optimizer: applied=2 dependent_filters_pulled=1 visited=10 exhausted=false
2026-09-12T20:20:33.343490Z TRACE logical_optimizer: applied logical rule rule="PullDependentFilterOverJoin"
2026-09-12T20:20:33.343576Z TRACE logical_optimizer: applied logical rule rule="MergeSelectInnerJoin"
2026-09-12T20:20:33.343692Z DEBUG logical_optimizer: applied=2 dependent_filters_pulled=1 visited=10 exhausted=false
2026-09-12T20:20:33.344590Z TRACE logical_optimizer: applied logical rule rule="PullDependentFilterOverJoin"
2026-09-12T20:20:33.344684Z TRACE logical_optimizer: applied logical rule rule="MergeSelectInnerJoin"
2026-09-12T20:20:33.344797Z DEBUG logical_optimizer: applied=2 dependent_filters_pulled=1 visited=10 exhausted=false
2026-09-12T20:20:33.360475Z TRACE logical_optimizer: applied logical rule rule="PullDependentFilter"
2026-09-12T20:20:33.360647Z DEBUG logical_optimizer: applied=1 dependent_filters_pulled=1 visited=5 exhausted=false
2026-09-12T20:20:33.361193Z TRACE logical_optimizer: applied logical rule rule="PullDependentFilter"
2026-09-12T20:20:33.361298Z DEBUG logical_optimizer: applied=1 dependent_filters_pulled=1 visited=5 exhausted=false
2026-09-12T20:20:33.361665Z TRACE logical_optimizer: applied logical rule rule="PullDependentFilter"
2026-09-12T20:20:33.361769Z DEBUG logical_optimizer: applied=1 dependent_filters_pulled=1 visited=5 exhausted=false
2026-09-12T20:20:33.362463Z TRACE logical_optimizer: applied logical rule rule="PullDependentFilter"
2026-09-12T20:20:33.362565Z DEBUG logical_optimizer: applied=1 dependent_filters_pulled=1 visited=5 exhausted=false
2026-09-12T20:20:33.373459Z TRACE logical_optimizer: applied logical rule rule="PullDependentFilter"
2026-09-12T20:20:33.373650Z DEBUG logical_optimizer: applied=1 dependent_filters_pulled=1 visited=5 exhausted=false
2026-09-12T20:20:33.374159Z TRACE logical_optimizer: applied logical rule rule="PullDependentFilter"
2026-09-12T20:20:33.374299Z DEBUG logical_optimizer: applied=1 dependent_filters_pulled=1 visited=5 exhausted=false
2026-09-12T20:20:33.374863Z TRACE logical_optimizer: applied logical rule rule="PullDependentFilter"
2026-09-12T20:20:33.374991Z DEBUG logical_optimizer: applied=1 dependent_filters_pulled=1 visited=5 exhausted=false
2026-09-12T20:20:33.375623Z TRACE logical_optimizer: applied logical rule rule="PullDependentFilter"
2026-09-12T20:20:33.375748Z DEBUG logical_optimizer: applied=1 dependent_filters_pulled=1 visited=5 exhausted=false
2026-09-12T20:20:33.397536Z TRACE logical_optimizer: applied logical rule rule="PullDependentFilterOverJoin"
2026-09-12T20:20:33.397717Z TRACE logical_optimizer: applied logical rule rule="MergeSelectInnerJoin"
2026-09-12T20:20:33.397876Z DEBUG logical_optimizer: applied=2 dependent_filters_pulled=1 visited=10 exhausted=false
2026-09-12T20:20:33.398636Z TRACE logical_optimizer: applied logical rule rule="PullDependentFilterOverJoin"
2026-09-12T20:20:33.398753Z TRACE logical_optimizer: applied logical rule rule="MergeSelectInnerJoin"
2026-09-12T20:20:33.398876Z DEBUG logical_optimizer: applied=2 dependent_filters_pulled=1 visited=10 exhausted=false
2026-09-12T20:20:33.399522Z TRACE logical_optimizer: applied logical rule rule="PullDependentFilterOverJoin"
2026-09-12T20:20:33.399636Z TRACE logical_optimizer: applied logical rule rule="MergeSelectInnerJoin"
2026-09-12T20:20:33.399767Z DEBUG logical_optimizer: applied=2 dependent_filters_pulled=1 visited=10 exhausted=false
2026-09-12T20:20:33.400844Z TRACE logical_optimizer: applied logical rule rule="PullDependentFilterOverJoin"
2026-09-12T20:20:33.401005Z TRACE logical_optimizer: applied logical rule rule="MergeSelectInnerJoin"
2026-09-12T20:20:33.401132Z DEBUG logical_optimizer: applied=2 dependent_filters_pulled=1 visited=10 exhausted=false
2026-09-12T20:20:33.408420Z TRACE logical_optimizer: applied logical rule rule="PullDependentFilter"
2026-09-12T20:20:33.408615Z DEBUG logical_optimizer: applied=1 dependent_filters_pulled=1 visited=6 exhausted=false
2026-09-12T20:20:33.409512Z TRACE logical_optimizer: applied logical rule rule="PullDependentFilter"
2026-09-12T20:20:33.409655Z DEBUG logical_optimizer: applied=1 dependent_filters_pulled=1 visited=6 exhausted=false
2026-09-12T20:20:33.422216Z TRACE logical_optimizer: applied logical rule rule="PullDependentFilter"
2026-09-12T20:20:33.422444Z DEBUG logical_optimizer: applied=1 dependent_filters_pulled=1 visited=6 exhausted=false
2026-09-12T20:20:33.423132Z TRACE logical_optimizer: applied logical rule rule="PullDependentFilter"
2026-09-12T20:20:33.423262Z DEBUG logical_optimizer: applied=1 dependent_filters_pulled=1 visited=6 exhausted=false
2026-09-12T20:20:33.423964Z TRACE logical_optimizer: applied logical rule rule="PullDependentFilter"
2026-09-12T20:20:33.424066Z DEBUG logical_optimizer: applied=1 dependent_filters_pulled=1 visited=6 exhausted=false
2026-09-12T20:20:33.424901Z TRACE logical_optimizer: applied logical rule rule="PullDependentFilter"
2026-09-12T20:20:33.425011Z DEBUG logical_optimizer: applied=1 dependent_filters_pulled=1 visited=6 exhausted=false
2026-09-12T20:20:34.570685Z TRACE logical_optimizer: applied logical rule rule="PullDependentFilter"
2026-09-12T20:20:34.570879Z DEBUG logical_optimizer: applied=1 dependent_filters_pulled=1 visited=5 exhausted=false
2026-09-12T20:20:34.571458Z TRACE logical_optimizer: applied logical rule rule="PullDependentFilter"
2026-09-12T20:20:34.571594Z DEBUG logical_optimizer: applied=1 dependent_filters_pulled=1 visited=5 exhausted=false
2026-09-12T20:20:34.572121Z TRACE logical_optimizer: applied logical rule rule="PullDependentFilter"
2026-09-12T20:20:34.572255Z DEBUG logical_optimizer: applied=1 dependent_filters_pulled=1 visited=5 exhausted=false
2026-09-12T20:20:34.573007Z TRACE logical_optimizer: applied logical rule rule="PullDependentFilter"
2026-09-12T20:20:34.573142Z DEBUG logical_optimizer: applied=1 dependent_filters_pulled=1 visited=5 exhausted=false
2026-09-12T20:20:34.574021Z TRACE logical_optimizer: applied logical rule rule="PullDependentFilter"
2026-09-12T20:20:34.574154Z DEBUG logical_optimizer: applied=1 dependent_filters_pulled=1 visited=5 exhausted=false
2026-09-12T20:20:34.574640Z TRACE logical_optimizer: applied logical rule rule="PullDependentFilter"
2026-09-12T20:20:34.574782Z DEBUG logical_optimizer: applied=1 dependent_filters_pulled=1 visited=5 exhausted=false
2026-09-12T20:20:34.575331Z TRACE logical_optimizer: applied logical rule rule="PullDependentFilter"
2026-09-12T20:20:34.575471Z DEBUG logical_optimizer: applied=1 dependent_filters_pulled=1 visited=5 exhausted=false
2026-09-12T20:20:34.576057Z TRACE logical_optimizer: applied logical rule rule="PullDependentFilter"
2026-09-12T20:20:34.576177Z DEBUG logical_optimizer: applied=1 dependent_filters_pulled=1 visited=5 exhausted=false
2026-09-12T20:20:34.616082Z TRACE logical_optimizer: applied logical rule rule="PullDependentFilter"
2026-09-12T20:20:34.616301Z DEBUG logical_optimizer: applied=1 dependent_filters_pulled=1 visited=5 exhausted=false
2026-09-12T20:20:34.617203Z TRACE logical_optimizer: applied logical rule rule="PullDependentFilter"
2026-09-12T20:20:34.617353Z DEBUG logical_optimizer: applied=1 dependent_filters_pulled=1 visited=5 exhausted=false
2026-09-12T20:20:34.618142Z TRACE logical_optimizer: applied logical rule rule="PullDependentFilterOverJoin"
2026-09-12T20:20:34.618268Z TRACE logical_optimizer: applied logical rule rule="MergeSelectInnerJoin"
2026-09-12T20:20:34.618417Z DEBUG logical_optimizer: applied=2 dependent_filters_pulled=1 visited=10 exhausted=false
2026-09-12T20:20:34.619167Z TRACE logical_optimizer: applied logical rule rule="PullDependentFilterOverJoin"
2026-09-12T20:20:34.619282Z TRACE logical_optimizer: applied logical rule rule="MergeSelectInnerJoin"
2026-09-12T20:20:34.619433Z DEBUG logical_optimizer: applied=2 dependent_filters_pulled=1 visited=10 exhausted=false
2026-09-12T20:20:34.620169Z TRACE logical_optimizer: applied logical rule rule="PullDependentFilterOverJoin"
2026-09-12T20:20:34.620348Z TRACE logical_optimizer: applied logical rule rule="MergeSelectInnerJoin"
2026-09-12T20:20:34.620560Z DEBUG logical_optimizer: applied=2 dependent_filters_pulled=1 visited=10 exhausted=false
2026-09-12T20:20:34.621518Z TRACE logical_optimizer: applied logical rule rule="PullDependentFilterOverJoin"
2026-09-12T20:20:34.621664Z TRACE logical_optimizer: applied logical rule rule="MergeSelectInnerJoin"
2026-09-12T20:20:34.621801Z DEBUG logical_optimizer: applied=2 dependent_filters_pulled=1 visited=10 exhausted=false
2026-09-12T20:20:34.625257Z TRACE logical_optimizer: applied logical rule rule="PullDependentFilter"
2026-09-12T20:20:34.625446Z DEBUG logical_optimizer: applied=1 dependent_filters_pulled=1 visited=5 exhausted=false
2026-09-12T20:20:34.626592Z TRACE logical_optimizer: applied logical rule rule="PullDependentFilter"
2026-09-12T20:20:34.626720Z DEBUG logical_optimizer: applied=1 dependent_filters_pulled=1 visited=5 exhausted=false
2026-09-12T20:20:34.646522Z TRACE logical_optimizer: applied logical rule rule="PullDependentFilter"
2026-09-12T20:20:34.646759Z DEBUG logical_optimizer: applied=1 dependent_filters_pulled=1 visited=5 exhausted=false
2026-09-12T20:20:34.647296Z TRACE logical_optimizer: applied logical rule rule="PullDependentFilter"
2026-09-12T20:20:34.647458Z DEBUG logical_optimizer: applied=1 dependent_filters_pulled=1 visited=5 exhausted=false
2026-09-12T20:20:34.648244Z TRACE logical_optimizer: applied logical rule rule="PullDependentFilter"
2026-09-12T20:20:34.648382Z DEBUG logical_optimizer: applied=1 dependent_filters_pulled=1 visited=5 exhausted=false
2026-09-12T20:20:34.649056Z TRACE logical_optimizer: applied logical rule rule="PullDependentFilter"
2026-09-12T20:20:34.649181Z DEBUG logical_optimizer: applied=1 dependent_filters_pulled=1 visited=5 exhausted=false
2026-09-12T20:20:34.669119Z TRACE logical_optimizer: applied logical rule rule="PullDependentFilter"
2026-09-12T20:20:34.669317Z DEBUG logical_optimizer: applied=1 dependent_filters_pulled=1 visited=5 exhausted=false
2026-09-12T20:20:34.669851Z TRACE logical_optimizer: applied logical rule rule="PullDependentFilter"
2026-09-12T20:20:34.670001Z DEBUG logical_optimizer: applied=1 dependent_filters_pulled=1 visited=5 exhausted=false
2026-09-12T20:20:34.670934Z TRACE logical_optimizer: applied logical rule rule="PullDependentFilter"
2026-09-12T20:20:34.671105Z DEBUG logical_optimizer: applied=1 dependent_filters_pulled=1 visited=5 exhausted=false
2026-09-12T20:20:34.671756Z TRACE logical_optimizer: applied logical rule rule="PullDependentFilter"
2026-09-12T20:20:34.671906Z DEBUG logical_optimizer: applied=1 dependent_filters_pulled=1 visited=5 exhausted=false
2026-09-12T20:20:34.686078Z TRACE logical_optimizer: applied logical rule rule="PullDependentFilterOverJoin"
2026-09-12T20:20:34.686245Z TRACE logical_optimizer: applied logical rule rule="MergeSelectInnerJoin"
2026-09-12T20:20:34.686402Z DEBUG logical_optimizer: applied=2 dependent_filters_pulled=1 visited=10 exhausted=false
2026-09-12T20:20:34.687119Z TRACE logical_optimizer: applied logical rule rule="PullDependentFilterOverJoin"
2026-09-12T20:20:34.687229Z TRACE logical_optimizer: applied logical rule rule="MergeSelectInnerJoin"
2026-09-12T20:20:34.687369Z DEBUG logical_optimizer: applied=2 dependent_filters_pulled=1 visited=10 exhausted=false
2026-09-12T20:20:34.687937Z TRACE logical_optimizer: applied logical rule rule="PullDependentFilterOverJoin"
2026-09-12T20:20:34.688037Z TRACE logical_optimizer: applied logical rule rule="MergeSelectInnerJoin"
2026-09-12T20:20:34.688170Z DEBUG logical_optimizer: applied=2 dependent_filters_pulled=1 visited=10 exhausted=false
2026-09-12T20:20:34.689086Z TRACE logical_optimizer: applied logical rule rule="PullDependentFilterOverJoin"
2026-09-12T20:20:34.689217Z TRACE logical_optimizer: applied logical rule rule="MergeSelectInnerJoin"
2026-09-12T20:20:34.689356Z DEBUG logical_optimizer: applied=2 dependent_filters_pulled=1 visited=10 exhausted=false
2026-09-12T20:20:34.693759Z TRACE logical_optimizer: applied logical rule rule="PullDependentFilter"
2026-09-12T20:20:34.693991Z DEBUG logical_optimizer: applied=1 dependent_filters_pulled=1 visited=5 exhausted=false
2026-09-12T20:20:34.694442Z TRACE logical_optimizer: applied logical rule rule="PullDependentFilter"
2026-09-12T20:20:34.694563Z DEBUG logical_optimizer: applied=1 dependent_filters_pulled=1 visited=5 exhausted=false
2026-09-12T20:20:34.694974Z TRACE logical_optimizer: applied logical rule rule="PullDependentFilter"
2026-09-12T20:20:34.695102Z DEBUG logical_optimizer: applied=1 dependent_filters_pulled=1 visited=5 exhausted=false
2026-09-12T20:20:34.695695Z TRACE logical_optimizer: applied logical rule rule="PullDependentFilter"
2026-09-12T20:20:34.695816Z DEBUG logical_optimizer: applied=1 dependent_filters_pulled=1 visited=5 exhausted=false
2026-09-12T20:20:34.704949Z TRACE logical_optimizer: applied logical rule rule="PullDependentFilterOverJoin"
2026-09-12T20:20:34.705096Z TRACE logical_optimizer: applied logical rule rule="MergeSelectInnerJoin"
2026-09-12T20:20:34.705228Z DEBUG logical_optimizer: applied=2 dependent_filters_pulled=1 visited=10 exhausted=false
2026-09-12T20:20:34.705935Z TRACE logical_optimizer: applied logical rule rule="PullDependentFilterOverJoin"
2026-09-12T20:20:34.706039Z TRACE logical_optimizer: applied logical rule rule="MergeSelectInnerJoin"
2026-09-12T20:20:34.706162Z DEBUG logical_optimizer: applied=2 dependent_filters_pulled=1 visited=10 exhausted=false
2026-09-12T20:20:34.706706Z TRACE logical_optimizer: applied logical rule rule="PullDependentFilterOverJoin"
2026-09-12T20:20:34.706801Z TRACE logical_optimizer: applied logical rule rule="MergeSelectInnerJoin"
2026-09-12T20:20:34.706915Z DEBUG logical_optimizer: applied=2 dependent_filters_pulled=1 visited=10 exhausted=false
2026-09-12T20:20:34.707762Z TRACE logical_optimizer: applied logical rule rule="PullDependentFilterOverJoin"
2026-09-12T20:20:34.707844Z TRACE logical_optimizer: applied logical rule rule="MergeSelectInnerJoin"
2026-09-12T20:20:34.707948Z DEBUG logical_optimizer: applied=2 dependent_filters_pulled=1 visited=10 exhausted=false
2026-09-12T20:20:34.709271Z TRACE logical_optimizer: applied logical rule rule="PullDependentFilter"
2026-09-12T20:20:34.709395Z DEBUG logical_optimizer: applied=1 dependent_filters_pulled=1 visited=5 exhausted=false
2026-09-12T20:20:34.709858Z TRACE logical_optimizer: applied logical rule rule="PullDependentFilter"
2026-09-12T20:20:34.709968Z DEBUG logical_optimizer: applied=1 dependent_filters_pulled=1 visited=5 exhausted=false
2026-09-12T20:20:34.710670Z TRACE logical_optimizer: applied logical rule rule="PullDependentFilter"
2026-09-12T20:20:34.710887Z DEBUG logical_optimizer: applied=1 dependent_filters_pulled=1 visited=5 exhausted=false
2026-09-12T20:20:34.711521Z TRACE logical_optimizer: applied logical rule rule="PullDependentFilter"
2026-09-12T20:20:34.711714Z DEBUG logical_optimizer: applied=1 dependent_filters_pulled=1 visited=5 exhausted=false
2026-09-12T20:20:34.721616Z TRACE logical_optimizer: applied logical rule rule="PullDependentFilterOverJoin"
2026-09-12T20:20:34.721780Z TRACE logical_optimizer: applied logical rule rule="MergeSelectInnerJoin"
2026-09-12T20:20:34.721934Z DEBUG logical_optimizer: applied=2 dependent_filters_pulled=1 visited=10 exhausted=false
2026-09-12T20:20:34.722649Z TRACE logical_optimizer: applied logical rule rule="PullDependentFilterOverJoin"
2026-09-12T20:20:34.722772Z TRACE logical_optimizer: applied logical rule rule="MergeSelectInnerJoin"
2026-09-12T20:20:34.722907Z DEBUG logical_optimizer: applied=2 dependent_filters_pulled=1 visited=10 exhausted=false
2026-09-12T20:20:34.723709Z TRACE logical_optimizer: applied logical rule rule="PullDependentFilterOverJoin"
2026-09-12T20:20:34.723809Z TRACE logical_optimizer: applied logical rule rule="MergeSelectInnerJoin"
2026-09-12T20:20:34.723942Z DEBUG logical_optimizer: applied=2 dependent_filters_pulled=1 visited=10 exhausted=false
2026-09-12T20:20:34.724828Z TRACE logical_optimizer: applied logical rule rule="PullDependentFilterOverJoin"
2026-09-12T20:20:34.724933Z TRACE logical_optimizer: applied logical rule rule="MergeSelectInnerJoin"
2026-09-12T20:20:34.725121Z DEBUG logical_optimizer: applied=2 dependent_filters_pulled=1 visited=10 exhausted=false
2026-09-12T20:20:34.726518Z TRACE logical_optimizer: applied logical rule rule="PullDependentFilter"
2026-09-12T20:20:34.726665Z DEBUG logical_optimizer: applied=1 dependent_filters_pulled=1 visited=4 exhausted=false
2026-09-12T20:20:34.727253Z TRACE logical_optimizer: applied logical rule rule="PullDependentFilter"
2026-09-12T20:20:34.727384Z DEBUG logical_optimizer: applied=1 dependent_filters_pulled=1 visited=4 exhausted=false
2026-09-12T20:20:34.739073Z TRACE logical_optimizer: applied logical rule rule="PullDependentFilter"
2026-09-12T20:20:34.739329Z DEBUG logical_optimizer: applied=1 dependent_filters_pulled=1 visited=5 exhausted=false
2026-09-12T20:20:34.739784Z TRACE logical_optimizer: applied logical rule rule="PullDependentFilter"
2026-09-12T20:20:34.739922Z DEBUG logical_optimizer: applied=1 dependent_filters_pulled=1 visited=5 exhausted=false
2026-09-12T20:20:34.743066Z TRACE logical_optimizer: applied logical rule rule="PullDependentFilter"
2026-09-12T20:20:34.743246Z DEBUG logical_optimizer: applied=1 dependent_filters_pulled=1 visited=5 exhausted=false
2026-09-12T20:20:34.743632Z TRACE logical_optimizer: applied logical rule rule="PullDependentFilter"
2026-09-12T20:20:34.743759Z DEBUG logical_optimizer: applied=1 dependent_filters_pulled=1 visited=5 exhausted=false
2026-09-12T20:20:34.765459Z TRACE logical_optimizer: applied logical rule rule="PullDependentFilter"
2026-09-12T20:20:34.765599Z DEBUG logical_optimizer: applied=1 dependent_filters_pulled=1 visited=6 exhausted=false
2026-09-12T20:20:34.766708Z TRACE logical_optimizer: applied logical rule rule="PullDependentFilter"
2026-09-12T20:20:34.766829Z DEBUG logical_optimizer: applied=1 dependent_filters_pulled=1 visited=6 exhausted=false
2026-09-12T20:20:34.767651Z TRACE logical_optimizer: applied logical rule rule="PullDependentFilter"
2026-09-12T20:20:34.767756Z DEBUG logical_optimizer: applied=1 dependent_filters_pulled=1 visited=6 exhausted=false
2026-09-12T20:20:34.769167Z TRACE logical_optimizer: applied logical rule rule="PullDependentFilter"
2026-09-12T20:20:34.769307Z DEBUG logical_optimizer: applied=1 dependent_filters_pulled=1 visited=6 exhausted=false
2026-09-12T20:20:34.770235Z TRACE logical_optimizer: applied logical rule rule="PullDependentFilter"
2026-09-12T20:20:34.770372Z DEBUG logical_optimizer: applied=1 dependent_filters_pulled=1 visited=5 exhausted=false
2026-09-12T20:20:34.770822Z TRACE logical_optimizer: applied logical rule rule="PullDependentFilter"
2026-09-12T20:20:34.770945Z DEBUG logical_optimizer: applied=1 dependent_filters_pulled=1 visited=5 exhausted=false
2026-09-12T20:20:34.771392Z TRACE logical_optimizer: applied logical rule rule="PullDependentFilter"
2026-09-12T20:20:34.771523Z DEBUG logical_optimizer: applied=1 dependent_filters_pulled=1 visited=5 exhausted=false
2026-09-12T20:20:34.772119Z TRACE logical_optimizer: applied logical rule rule="PullDependentFilter"
2026-09-12T20:20:34.772237Z DEBUG logical_optimizer: applied=1 dependent_filters_pulled=1 visited=5 exhausted=false
2026-09-12T20:20:34.781263Z TRACE logical_optimizer: applied logical rule rule="PullDependentFilter"
2026-09-12T20:20:34.781462Z DEBUG logical_optimizer: applied=1 dependent_filters_pulled=1 visited=5 exhausted=false
2026-09-12T20:20:34.782076Z TRACE logical_optimizer: applied logical rule rule="PullDependentFilter"
2026-09-12T20:20:34.782206Z DEBUG logical_optimizer: applied=1 dependent_filters_pulled=1 visited=5 exhausted=false
2026-09-12T20:20:34.782867Z TRACE logical_optimizer: applied logical rule rule="PullDependentFilter"
2026-09-12T20:20:34.783010Z DEBUG logical_optimizer: applied=1 dependent_filters_pulled=1 visited=5 exhausted=false
2026-09-12T20:20:34.783924Z TRACE logical_optimizer: applied logical rule rule="PullDependentFilter"
2026-09-12T20:20:34.784073Z DEBUG logical_optimizer: applied=1 dependent_filters_pulled=1 visited=5 exhausted=false
2026-09-12T20:20:34.794849Z TRACE logical_optimizer: applied logical rule rule="PullDependentFilter"
2026-09-12T20:20:34.795216Z DEBUG logical_optimizer: applied=1 dependent_filters_pulled=1 visited=5 exhausted=false
2026-09-12T20:20:34.795995Z TRACE logical_optimizer: applied logical rule rule="PullDependentFilter"
2026-09-12T20:20:34.796135Z DEBUG logical_optimizer: applied=1 dependent_filters_pulled=1 visited=5 exhausted=false
2026-09-12T20:20:34.796708Z TRACE logical_optimizer: applied logical rule rule="PullDependentFilter"
2026-09-12T20:20:34.796870Z DEBUG logical_optimizer: applied=1 dependent_filters_pulled=1 visited=5 exhausted=false
2026-09-12T20:20:34.797520Z TRACE logical_optimizer: applied logical rule rule="PullDependentFilter"
2026-09-12T20:20:34.797656Z DEBUG logical_optimizer: applied=1 dependent_filters_pulled=1 visited=5 exhausted=false
2026-09-12T20:20:34.798850Z TRACE logical_optimizer: applied logical rule rule="PullDependentFilter"
2026-09-12T20:20:34.798996Z DEBUG logical_optimizer: applied=1 dependent_filters_pulled=1 visited=8 exhausted=false
2026-09-12T20:20:34.799206Z TRACE logical_optimizer: applied logical rule rule="PullDependentFilter"
2026-09-12T20:20:34.799326Z DEBUG logical_optimizer: applied=1 dependent_filters_pulled=1 visited=6 exhausted=false
2026-09-12T20:20:34.800287Z TRACE logical_optimizer: applied logical rule rule="PullDependentFilter"
2026-09-12T20:20:34.800425Z DEBUG logical_optimizer: applied=1 dependent_filters_pulled=1 visited=8 exhausted=false
2026-09-12T20:20:34.800591Z TRACE logical_optimizer: applied logical rule rule="PullDependentFilter"
2026-09-12T20:20:34.800722Z DEBUG logical_optimizer: applied=1 dependent_filters_pulled=1 visited=6 exhausted=false
2026-09-12T20:20:34.801451Z TRACE logical_optimizer: applied logical rule rule="PullDependentFilter"
2026-09-12T20:20:34.801575Z DEBUG logical_optimizer: applied=1 dependent_filters_pulled=1 visited=8 exhausted=false
2026-09-12T20:20:34.802476Z TRACE logical_optimizer: applied logical rule rule="PullDependentFilter"
2026-09-12T20:20:34.802625Z DEBUG logical_optimizer: applied=1 dependent_filters_pulled=1 visited=8 exhausted=false
2026-09-12T20:20:34.807030Z TRACE logical_optimizer: applied logical rule rule="PullDependentFilter"
2026-09-12T20:20:34.807216Z DEBUG logical_optimizer: applied=1 dependent_filters_pulled=1 visited=5 exhausted=false
2026-09-12T20:20:34.808197Z TRACE logical_optimizer: applied logical rule rule="PullDependentFilter"
2026-09-12T20:20:34.808334Z DEBUG logical_optimizer: applied=1 dependent_filters_pulled=1 visited=5 exhausted=false
2026-09-12T20:20:34.823667Z TRACE logical_optimizer: applied logical rule rule="PullDependentFilterOverJoin"
2026-09-12T20:20:34.823837Z TRACE logical_optimizer: applied logical rule rule="MergeSelectInnerJoin"
2026-09-12T20:20:34.823982Z DEBUG logical_optimizer: applied=2 dependent_filters_pulled=1 visited=10 exhausted=false
2026-09-12T20:20:34.824710Z TRACE logical_optimizer: applied logical rule rule="PullDependentFilterOverJoin"
2026-09-12T20:20:34.824829Z TRACE logical_optimizer: applied logical rule rule="MergeSelectInnerJoin"
2026-09-12T20:20:34.824962Z DEBUG logical_optimizer: applied=2 dependent_filters_pulled=1 visited=10 exhausted=false
2026-09-12T20:20:34.825563Z TRACE logical_optimizer: applied logical rule rule="PullDependentFilterOverJoin"
2026-09-12T20:20:34.825678Z TRACE logical_optimizer: applied logical rule rule="MergeSelectInnerJoin"
2026-09-12T20:20:34.825817Z DEBUG logical_optimizer: applied=2 dependent_filters_pulled=1 visited=10 exhausted=false
2026-09-12T20:20:34.826667Z TRACE logical_optimizer: applied logical rule rule="PullDependentFilterOverJoin"
2026-09-12T20:20:34.826785Z TRACE logical_optimizer: applied logical rule rule="MergeSelectInnerJoin"
2026-09-12T20:20:34.826908Z DEBUG logical_optimizer: applied=2 dependent_filters_pulled=1 visited=10 exhausted=false
2026-09-12T20:20:34.834486Z TRACE logical_optimizer: applied logical rule rule="PullDependentFilterOverJoin"
2026-09-12T20:20:34.834648Z TRACE logical_optimizer: applied logical rule rule="MergeSelectInnerJoin"
2026-09-12T20:20:34.834849Z DEBUG logical_optimizer: applied=2 dependent_filters_pulled=1 visited=10 exhausted=false
2026-09-12T20:20:34.835480Z TRACE logical_optimizer: applied logical rule rule="PullDependentFilterOverJoin"
2026-09-12T20:20:34.835593Z TRACE logical_optimizer: applied logical rule rule="MergeSelectInnerJoin"
2026-09-12T20:20:34.835718Z DEBUG logical_optimizer: applied=2 dependent_filters_pulled=1 visited=10 exhausted=false
2026-09-12T20:20:34.836227Z TRACE logical_optimizer: applied logical rule rule="PullDependentFilterOverJoin"
2026-09-12T20:20:34.836330Z TRACE logical_optimizer: applied logical rule rule="MergeSelectInnerJoin"
2026-09-12T20:20:34.836460Z DEBUG logical_optimizer: applied=2 dependent_filters_pulled=1 visited=10 exhausted=false
2026-09-12T20:20:34.837309Z TRACE logical_optimizer: applied logical rule rule="PullDependentFilterOverJoin"
2026-09-12T20:20:34.837412Z TRACE logical_optimizer: applied logical rule rule="MergeSelectInnerJoin"
2026-09-12T20:20:34.837568Z DEBUG logical_optimizer: applied=2 dependent_filters_pulled=1 visited=10 exhausted=false
2026-09-12T20:20:34.840145Z TRACE logical_optimizer: applied logical rule rule="PullDependentFilter"
2026-09-12T20:20:34.840316Z DEBUG logical_optimizer: applied=1 dependent_filters_pulled=1 visited=4 exhausted=false
2026-09-12T20:20:34.840844Z TRACE logical_optimizer: applied logical rule rule="PullDependentFilter"
2026-09-12T20:20:34.840970Z DEBUG logical_optimizer: applied=1 dependent_filters_pulled=1 visited=4 exhausted=false
2026-09-12T20:20:34.841412Z TRACE logical_optimizer: applied logical rule rule="PullDependentFilter"
2026-09-12T20:20:34.841534Z DEBUG logical_optimizer: applied=1 dependent_filters_pulled=1 visited=4 exhausted=false
2026-09-12T20:20:34.842137Z TRACE logical_optimizer: applied logical rule rule="PullDependentFilter"
2026-09-12T20:20:34.842251Z DEBUG logical_optimizer: applied=1 dependent_filters_pulled=1 visited=4 exhausted=false
2026-09-12T20:20:34.842827Z TRACE logical_optimizer: applied logical rule rule="PullDependentFilterOverJoin"
2026-09-12T20:20:34.842973Z TRACE logical_optimizer: applied logical rule rule="MergeSelectInnerJoin"
2026-09-12T20:20:34.843101Z DEBUG logical_optimizer: applied=2 dependent_filters_pulled=1 visited=10 exhausted=false
2026-09-12T20:20:34.843682Z TRACE logical_optimizer: applied logical rule rule="PullDependentFilterOverJoin"
2026-09-12T20:20:34.843805Z TRACE logical_optimizer: applied logical rule rule="MergeSelectInnerJoin"
2026-09-12T20:20:34.843935Z DEBUG logical_optimizer: applied=2 dependent_filters_pulled=1 visited=10 exhausted=false
2026-09-12T20:20:34.844442Z TRACE logical_optimizer: applied logical rule rule="PullDependentFilterOverJoin"
2026-09-12T20:20:34.844546Z TRACE logical_optimizer: applied logical rule rule="MergeSelectInnerJoin"
2026-09-12T20:20:34.844681Z DEBUG logical_optimizer: applied=2 dependent_filters_pulled=1 visited=10 exhausted=false
2026-09-12T20:20:34.845462Z TRACE logical_optimizer: applied logical rule rule="PullDependentFilterOverJoin"
2026-09-12T20:20:34.845582Z TRACE logical_optimizer: applied logical rule rule="MergeSelectInnerJoin"
2026-09-12T20:20:34.845716Z DEBUG logical_optimizer: applied=2 dependent_filters_pulled=1 visited=10 exhausted=false
2026-09-12T20:20:34.847240Z TRACE logical_optimizer: applied logical rule rule="PullDependentFilter"
2026-09-12T20:20:34.847382Z DEBUG logical_optimizer: applied=1 dependent_filters_pulled=1 visited=5 exhausted=false
2026-09-12T20:20:34.847848Z TRACE logical_optimizer: applied logical rule rule="PullDependentFilter"
2026-09-12T20:20:34.847957Z DEBUG logical_optimizer: applied=1 dependent_filters_pulled=1 visited=5 exhausted=false
2026-09-12T20:20:34.848473Z TRACE logical_optimizer: applied logical rule rule="PullDependentFilter"
2026-09-12T20:20:34.848584Z DEBUG logical_optimizer: applied=1 dependent_filters_pulled=1 visited=5 exhausted=false
2026-09-12T20:20:34.849132Z TRACE logical_optimizer: applied logical rule rule="PullDependentFilter"
2026-09-12T20:20:34.849261Z DEBUG logical_optimizer: applied=1 dependent_filters_pulled=1 visited=5 exhausted=false
2026-09-12T20:20:34.858656Z TRACE logical_optimizer: applied logical rule rule="PullDependentFilterOverJoin"
2026-09-12T20:20:34.858825Z TRACE logical_optimizer: applied logical rule rule="MergeSelectInnerJoin"
2026-09-12T20:20:34.858986Z DEBUG logical_optimizer: applied=2 dependent_filters_pulled=1 visited=10 exhausted=false
2026-09-12T20:20:34.859898Z TRACE logical_optimizer: applied logical rule rule="PullDependentFilterOverJoin"
2026-09-12T20:20:34.860002Z TRACE logical_optimizer: applied logical rule rule="MergeSelectInnerJoin"
2026-09-12T20:20:34.860140Z DEBUG logical_optimizer: applied=2 dependent_filters_pulled=1 visited=10 exhausted=false
2026-09-12T20:20:34.861047Z TRACE logical_optimizer: applied logical rule rule="PullDependentFilterOverJoin"
2026-09-12T20:20:34.861149Z TRACE logical_optimizer: applied logical rule rule="MergeSelectInnerJoin"
2026-09-12T20:20:34.861297Z DEBUG logical_optimizer: applied=2 dependent_filters_pulled=1 visited=10 exhausted=false
2026-09-12T20:20:34.862463Z TRACE logical_optimizer: applied logical rule rule="PullDependentFilterOverJoin"
2026-09-12T20:20:34.862580Z TRACE logical_optimizer: applied logical rule rule="MergeSelectInnerJoin"
2026-09-12T20:20:34.862711Z DEBUG logical_optimizer: applied=2 dependent_filters_pulled=1 visited=10 exhausted=false
2026-09-12T20:20:34.865396Z TRACE logical_optimizer: applied logical rule rule="PullDependentFilter"
2026-09-12T20:20:34.865535Z DEBUG logical_optimizer: applied=1 dependent_filters_pulled=1 visited=5 exhausted=false
2026-09-12T20:20:34.866049Z TRACE logical_optimizer: applied logical rule rule="PullDependentFilter"
2026-09-12T20:20:34.866253Z DEBUG logical_optimizer: applied=1 dependent_filters_pulled=1 visited=5 exhausted=false
2026-09-12T20:20:34.867152Z TRACE logical_optimizer: applied logical rule rule="PullDependentFilter"
2026-09-12T20:20:34.867308Z DEBUG logical_optimizer: applied=1 dependent_filters_pulled=1 visited=5 exhausted=false
2026-09-12T20:20:34.867963Z TRACE logical_optimizer: applied logical rule rule="PullDependentFilter"
2026-09-12T20:20:34.868078Z DEBUG logical_optimizer: applied=1 dependent_filters_pulled=1 visited=5 exhausted=false
2026-09-12T20:20:34.872056Z TRACE logical_optimizer: applied logical rule rule="PullDependentFilter"
2026-09-12T20:20:34.872220Z DEBUG logical_optimizer: applied=1 dependent_filters_pulled=1 visited=5 exhausted=false
2026-09-12T20:20:34.873034Z TRACE logical_optimizer: applied logical rule rule="PullDependentFilter"
2026-09-12T20:20:34.873146Z DEBUG logical_optimizer: applied=1 dependent_filters_pulled=1 visited=5 exhausted=false
2026-09-12T20:20:34.873887Z TRACE logical_optimizer: applied logical rule rule="PullDependentFilter"
2026-09-12T20:20:34.874023Z DEBUG logical_optimizer: applied=1 dependent_filters_pulled=1 visited=5 exhausted=false
2026-09-12T20:20:34.874822Z TRACE logical_optimizer: applied logical rule rule="PullDependentFilter"
2026-09-12T20:20:34.874971Z DEBUG logical_optimizer: applied=1 dependent_filters_pulled=1 visited=5 exhausted=false
2026-09-12T20:20:34.887066Z TRACE logical_optimizer: applied logical rule rule="PullDependentFilter"
2026-09-12T20:20:34.887208Z DEBUG logical_optimizer: applied=1 dependent_filters_pulled=1 visited=5 exhausted=false
2026-09-12T20:20:34.887744Z TRACE logical_optimizer: applied logical rule rule="PullDependentFilter"
2026-09-12T20:20:34.887840Z DEBUG logical_optimizer: applied=1 dependent_filters_pulled=1 visited=5 exhausted=false
2026-09-12T20:20:34.888243Z TRACE logical_optimizer: applied logical rule rule="PullDependentFilter"
2026-09-12T20:20:34.888334Z DEBUG logical_optimizer: applied=1 dependent_filters_pulled=1 visited=5 exhausted=false
2026-09-12T20:20:34.888907Z TRACE logical_optimizer: applied logical rule rule="PullDependentFilter"
2026-09-12T20:20:34.889003Z DEBUG logical_optimizer: applied=1 dependent_filters_pulled=1 visited=5 exhausted=false
2026-09-12T20:20:34.895459Z TRACE logical_optimizer: applied logical rule rule="PullDependentFilterOverJoin"
2026-09-12T20:20:34.895622Z TRACE logical_optimizer: applied logical rule rule="MergeSelectInnerJoin"
2026-09-12T20:20:34.895832Z DEBUG logical_optimizer: applied=2 dependent_filters_pulled=1 visited=10 exhausted=false
2026-09-12T20:20:34.896645Z TRACE logical_optimizer: applied logical rule rule="PullDependentFilterOverJoin"
2026-09-12T20:20:34.896807Z TRACE logical_optimizer: applied logical rule rule="MergeSelectInnerJoin"
2026-09-12T20:20:34.896939Z DEBUG logical_optimizer: applied=2 dependent_filters_pulled=1 visited=10 exhausted=false
2026-09-12T20:20:34.897924Z TRACE logical_optimizer: applied logical rule rule="PullDependentFilterOverJoin"
2026-09-12T20:20:34.898041Z TRACE logical_optimizer: applied logical rule rule="MergeSelectInnerJoin"
2026-09-12T20:20:34.898225Z DEBUG logical_optimizer: applied=2 dependent_filters_pulled=1 visited=10 exhausted=false
2026-09-12T20:20:34.899145Z TRACE logical_optimizer: applied logical rule rule="PullDependentFilterOverJoin"
2026-09-12T20:20:34.899274Z TRACE logical_optimizer: applied logical rule rule="MergeSelectInnerJoin"
2026-09-12T20:20:34.899403Z DEBUG logical_optimizer: applied=2 dependent_filters_pulled=1 visited=10 exhausted=false
2026-09-12T20:20:34.919212Z TRACE logical_optimizer: applied logical rule rule="PullDependentFilter"
2026-09-12T20:20:34.919424Z DEBUG logical_optimizer: applied=1 dependent_filters_pulled=1 visited=4 exhausted=false
2026-09-12T20:20:34.920176Z TRACE logical_optimizer: applied logical rule rule="PullDependentFilter"
2026-09-12T20:20:34.920283Z DEBUG logical_optimizer: applied=1 dependent_filters_pulled=1 visited=4 exhausted=false
2026-09-12T20:20:34.924992Z TRACE logical_optimizer: applied logical rule rule="PullDependentFilterOverJoin"
2026-09-12T20:20:34.925106Z TRACE logical_optimizer: applied logical rule rule="MergeSelectInnerJoin"
2026-09-12T20:20:34.925248Z DEBUG logical_optimizer: applied=2 dependent_filters_pulled=1 visited=10 exhausted=false
2026-09-12T20:20:34.926078Z TRACE logical_optimizer: applied logical rule rule="PullDependentFilterOverJoin"
2026-09-12T20:20:34.926186Z TRACE logical_optimizer: applied logical rule rule="MergeSelectInnerJoin"
2026-09-12T20:20:34.926311Z DEBUG logical_optimizer: applied=2 dependent_filters_pulled=1 visited=10 exhausted=false
2026-09-12T20:20:34.926988Z TRACE logical_optimizer: applied logical rule rule="PullDependentFilterOverJoin"
2026-09-12T20:20:34.927101Z TRACE logical_optimizer: applied logical rule rule="MergeSelectInnerJoin"
2026-09-12T20:20:34.927220Z DEBUG logical_optimizer: applied=2 dependent_filters_pulled=1 visited=10 exhausted=false
2026-09-12T20:20:34.928131Z TRACE logical_optimizer: applied logical rule rule="PullDependentFilterOverJoin"
2026-09-12T20:20:34.928241Z TRACE logical_optimizer: applied logical rule rule="MergeSelectInnerJoin"
2026-09-12T20:20:34.928382Z DEBUG logical_optimizer: applied=2 dependent_filters_pulled=1 visited=10 exhausted=false
2026-09-12T20:20:34.969650Z TRACE logical_optimizer: applied logical rule rule="PullDependentFilterOverJoin"
2026-09-12T20:20:34.969844Z TRACE logical_optimizer: applied logical rule rule="MergeSelectInnerJoin"
2026-09-12T20:20:34.970010Z DEBUG logical_optimizer: applied=2 dependent_filters_pulled=1 visited=10 exhausted=false
2026-09-12T20:20:34.970717Z TRACE logical_optimizer: applied logical rule rule="PullDependentFilterOverJoin"
2026-09-12T20:20:34.970825Z TRACE logical_optimizer: applied logical rule rule="MergeSelectInnerJoin"
2026-09-12T20:20:34.970967Z DEBUG logical_optimizer: applied=2 dependent_filters_pulled=1 visited=10 exhausted=false
2026-09-12T20:20:34.971839Z TRACE logical_optimizer: applied logical rule rule="PullDependentFilterOverJoin"
2026-09-12T20:20:34.971946Z TRACE logical_optimizer: applied logical rule rule="MergeSelectInnerJoin"
2026-09-12T20:20:34.972087Z DEBUG logical_optimizer: applied=2 dependent_filters_pulled=1 visited=10 exhausted=false
2026-09-12T20:20:34.972966Z TRACE logical_optimizer: applied logical rule rule="PullDependentFilterOverJoin"
2026-09-12T20:20:34.973068Z TRACE logical_optimizer: applied logical rule rule="MergeSelectInnerJoin"
2026-09-12T20:20:34.973230Z DEBUG logical_optimizer: applied=2 dependent_filters_pulled=1 visited=10 exhausted=false
2026-09-12T20:20:35.029077Z TRACE logical_optimizer: applied logical rule rule="PullDependentFilter"
2026-09-12T20:20:35.029259Z DEBUG logical_optimizer: applied=1 dependent_filters_pulled=1 visited=5 exhausted=false
2026-09-12T20:20:35.029814Z TRACE logical_optimizer: applied logical rule rule="PullDependentFilter"
2026-09-12T20:20:35.029945Z DEBUG logical_optimizer: applied=1 dependent_filters_pulled=1 visited=5 exhausted=false
2026-09-12T20:20:35.030476Z TRACE logical_optimizer: applied logical rule rule="PullDependentFilter"
2026-09-12T20:20:35.030592Z DEBUG logical_optimizer: applied=1 dependent_filters_pulled=1 visited=5 exhausted=false
2026-09-12T20:20:35.031201Z TRACE logical_optimizer: applied logical rule rule="PullDependentFilter"
2026-09-12T20:20:35.031311Z DEBUG logical_optimizer: applied=1 dependent_filters_pulled=1 visited=5 exhausted=false
2026-09-12T20:20:35.033829Z  INFO differential_fuzzer::runner: Running integrity check on both databases...
2026-09-12T20:20:35.034473Z  INFO differential_fuzzer::runner: Integrity check passed on both databases
2026-09-12T20:20:35.238130Z  INFO differential_fuzzer::runner: Wrote 1126 statements to simulator-output/test.sql
2026-09-12T20:20:35.250222Z  INFO differential_fuzzer::runner: Wrote coverage report to simulator-output/coverage.txt

+---------------------------------+--------+
| Simulation Results              | PASSED |
+==========================================+
| Seed                            | 54321  |
|---------------------------------+--------|
| Target Statements               | 1000   |
|---------------------------------+--------|
| Statements Executed             | 990    |
|---------------------------------+--------|
| Statements Skipped              | 10     |
|---------------------------------+--------|
| Warnings                        | 0      |
|---------------------------------+--------|
| Oracle Failures                 | 0      |
|---------------------------------+--------|
| Errors                          | 0      |
|---------------------------------+--------|
| Unnesting invariants            | 204    |
|---------------------------------+--------|
| Unnesting checks with same plan | 109    |
|---------------------------------+--------|
| Independent joined equivalents  | 105    |
+---------------------------------+--------+
2026-09-12T20:20:35.252827Z  INFO differential_fuzzer: Persisting database files to disk...
2026-09-12T20:20:35.252986Z  INFO differential_fuzzer::memory::io: Persisting simulator-output/test.db (4096 bytes)
2026-09-12T20:20:35.253487Z  INFO differential_fuzzer::memory::io: Persisting simulator-output/test.db-wal (276072 bytes)
2026-09-12T20:20:35.257523Z  INFO differential_fuzzer: Wrote schema to simulator-output/schema.json
