2026-09-12T21:21:08.454544Z  INFO differential_fuzzer: Starting differential_fuzzer with config: SimConfig { seed: 54321, num_tables: 2, columns_per_table: 5, num_statements: 1000, verbose: false, keep_files: true, generator: SqlGen, coverage: true, tree_mode: Simplified, mvcc: false, window_function_probability: 0.0, recursive_cte_focus: false, weight_profile: CorrelatedSubqueries, max_subquery_depth: Some(4) }
2026-09-12T21:21:08.490310Z  INFO differential_fuzzer::runner: Attached ':memory:' AS aux on both connections
2026-09-12T21:21:08.490443Z  INFO differential_fuzzer::runner: Starting simulation with seed=54321, tables=2, statements=1000, generator=SqlGen
2026-09-12T21:21:08.491235Z  INFO differential_fuzzer::generate: Statement weight profile CorrelatedSubqueries: StmtWeights { select: 80, insert: 8, update: 8, delete: 4, create_table: 2, drop_table: 1, alter_table: 1, create_index: 1, drop_index: 1, pragma_foreign_key_list: 1, create_trigger: 1, drop_trigger: 1, begin: 0, commit: 0, rollback: 0, create_view: 0, drop_view: 0, vacuum: 0, reindex: 0, analyze: 0, savepoint: 0, release: 0 }
2026-09-12T21:21:08.510768Z TRACE logical_optimizer: declined logical rule rule="PullDependentFilter" reason="predicate_effects"
2026-09-12T21:21:08.510876Z TRACE logical_optimizer: declined logical rule rule="PullDependentFilterOverJoin" reason="right_input_shape"
2026-09-12T21:21:08.510943Z DEBUG logical_optimizer: applied=0 dependent_filters_pulled=0 remaining_dependencies=1 visited=5 exhausted=false
2026-09-12T21:21:08.511459Z TRACE logical_optimizer: declined logical rule rule="PullDependentFilter" reason="predicate_effects"
2026-09-12T21:21:08.511523Z TRACE logical_optimizer: declined logical rule rule="PullDependentFilterOverJoin" reason="right_input_shape"
2026-09-12T21:21:08.511591Z DEBUG logical_optimizer: applied=0 dependent_filters_pulled=0 remaining_dependencies=1 visited=5 exhausted=false
2026-09-12T21:21:08.513008Z DEBUG logical_optimizer: logical binding uses a legacy path reason="subquery outside a direct EXISTS filter"
2026-09-12T21:21:08.513463Z DEBUG logical_optimizer: logical binding uses a legacy path reason="subquery outside a direct EXISTS filter"
2026-09-12T21:21:08.514068Z DEBUG logical_optimizer: logical binding uses a legacy path reason="scalar execution resource or subquery result"
2026-09-12T21:21:08.514429Z DEBUG logical_optimizer: logical binding uses a legacy path reason="scalar execution resource or subquery result"
2026-09-12T21:21:08.514680Z DEBUG logical_optimizer: logical binding uses a legacy path reason="scalar execution resource or subquery result"
2026-09-12T21:21:08.515430Z DEBUG logical_optimizer: logical binding uses a legacy path reason="value-producing subquery lowering"
2026-09-12T21:21:08.515901Z DEBUG logical_optimizer: logical binding uses a legacy path reason="value-producing subquery lowering"
2026-09-12T21:21:08.518007Z DEBUG logical_optimizer: logical binding uses a legacy path reason="aggregate lowering"
2026-09-12T21:21:08.518126Z DEBUG logical_optimizer: logical binding uses a legacy path reason="aggregate lowering"
2026-09-12T21:21:08.518741Z DEBUG logical_optimizer: logical binding uses a legacy path reason="aggregate lowering"
2026-09-12T21:21:08.518849Z DEBUG logical_optimizer: logical binding uses a legacy path reason="aggregate lowering"
2026-09-12T21:21:08.519778Z DEBUG logical_optimizer: logical binding uses a legacy path reason="aggregate lowering"
2026-09-12T21:21:08.520967Z DEBUG logical_optimizer: logical binding uses a legacy path reason="aggregate lowering"
2026-09-12T21:21:08.523578Z DEBUG logical_optimizer: logical binding uses a legacy path reason="DISTINCT output mapping"
2026-09-12T21:21:08.523721Z DEBUG logical_optimizer: logical binding uses a legacy path reason="value-producing subquery lowering"
2026-09-12T21:21:08.523920Z DEBUG logical_optimizer: logical binding uses a legacy path reason="aggregate lowering"
2026-09-12T21:21:08.524034Z DEBUG logical_optimizer: logical binding uses a legacy path reason="aggregate lowering"
2026-09-12T21:21:08.524135Z DEBUG logical_optimizer: logical binding uses a legacy path reason="value-producing subquery lowering"
2026-09-12T21:21:08.524454Z DEBUG logical_optimizer: logical binding uses a legacy path reason="aggregate lowering"
2026-09-12T21:21:08.526751Z DEBUG logical_optimizer: logical binding uses a legacy path reason="DISTINCT output mapping"
2026-09-12T21:21:08.526930Z DEBUG logical_optimizer: logical binding uses a legacy path reason="value-producing subquery lowering"
2026-09-12T21:21:08.527190Z DEBUG logical_optimizer: logical binding uses a legacy path reason="aggregate lowering"
2026-09-12T21:21:08.527335Z DEBUG logical_optimizer: logical binding uses a legacy path reason="aggregate lowering"
2026-09-12T21:21:08.527482Z DEBUG logical_optimizer: logical binding uses a legacy path reason="value-producing subquery lowering"
2026-09-12T21:21:08.527730Z DEBUG logical_optimizer: logical binding uses a legacy path reason="aggregate lowering"
2026-09-12T21:21:08.529339Z TRACE logical_optimizer: applied logical rule rule="PullDependentFilter"
2026-09-12T21:21:08.529450Z DEBUG logical_optimizer: applied=1 dependent_filters_pulled=1 remaining_dependencies=0 visited=5 exhausted=false
2026-09-12T21:21:08.529866Z TRACE logical_optimizer: applied logical rule rule="PullDependentFilter"
2026-09-12T21:21:08.529963Z DEBUG logical_optimizer: applied=1 dependent_filters_pulled=1 remaining_dependencies=0 visited=5 exhausted=false
2026-09-12T21:21:08.530429Z TRACE logical_optimizer: applied logical rule rule="PullDependentFilter"
2026-09-12T21:21:08.530527Z DEBUG logical_optimizer: applied=1 dependent_filters_pulled=1 remaining_dependencies=0 visited=5 exhausted=false
2026-09-12T21:21:08.531048Z TRACE logical_optimizer: applied logical rule rule="PullDependentFilter"
2026-09-12T21:21:08.531156Z DEBUG logical_optimizer: applied=1 dependent_filters_pulled=1 remaining_dependencies=0 visited=5 exhausted=false
2026-09-12T21:21:08.537146Z TRACE logical_optimizer: declined logical rule rule="PullDependentFilter" reason="right_input_shape"
2026-09-12T21:21:08.537286Z TRACE logical_optimizer: applied logical rule rule="PullDependentFilterOverJoin"
2026-09-12T21:21:08.537374Z TRACE logical_optimizer: applied logical rule rule="MergeSelectInnerJoin"
2026-09-12T21:21:08.537468Z DEBUG logical_optimizer: applied=2 dependent_filters_pulled=1 remaining_dependencies=0 visited=10 exhausted=false
2026-09-12T21:21:08.537971Z TRACE logical_optimizer: declined logical rule rule="PullDependentFilter" reason="right_input_shape"
2026-09-12T21:21:08.538080Z TRACE logical_optimizer: applied logical rule rule="PullDependentFilterOverJoin"
2026-09-12T21:21:08.538167Z TRACE logical_optimizer: applied logical rule rule="MergeSelectInnerJoin"
2026-09-12T21:21:08.538266Z DEBUG logical_optimizer: applied=2 dependent_filters_pulled=1 remaining_dependencies=0 visited=10 exhausted=false
2026-09-12T21:21:08.538721Z TRACE logical_optimizer: declined logical rule rule="PullDependentFilter" reason="right_input_shape"
2026-09-12T21:21:08.538828Z TRACE logical_optimizer: applied logical rule rule="PullDependentFilterOverJoin"
2026-09-12T21:21:08.538907Z TRACE logical_optimizer: applied logical rule rule="MergeSelectInnerJoin"
2026-09-12T21:21:08.538995Z DEBUG logical_optimizer: applied=2 dependent_filters_pulled=1 remaining_dependencies=0 visited=10 exhausted=false
2026-09-12T21:21:08.539650Z TRACE logical_optimizer: declined logical rule rule="PullDependentFilter" reason="right_input_shape"
2026-09-12T21:21:08.539760Z TRACE logical_optimizer: applied logical rule rule="PullDependentFilterOverJoin"
2026-09-12T21:21:08.539849Z TRACE logical_optimizer: applied logical rule rule="MergeSelectInnerJoin"
2026-09-12T21:21:08.539944Z DEBUG logical_optimizer: applied=2 dependent_filters_pulled=1 remaining_dependencies=0 visited=10 exhausted=false
2026-09-12T21:21:08.542101Z DEBUG logical_optimizer: logical binding uses a legacy path reason="value-producing subquery lowering"
2026-09-12T21:21:08.542243Z DEBUG logical_optimizer: logical binding uses a legacy path reason="aggregate lowering"
2026-09-12T21:21:08.542363Z DEBUG logical_optimizer: logical binding uses a legacy path reason="value-producing subquery lowering"
2026-09-12T21:21:08.542535Z DEBUG logical_optimizer: logical binding uses a legacy path reason="aggregate lowering"
2026-09-12T21:21:08.543222Z DEBUG logical_optimizer: logical binding uses a legacy path reason="value-producing subquery lowering"
2026-09-12T21:21:08.543388Z DEBUG logical_optimizer: logical binding uses a legacy path reason="aggregate lowering"
2026-09-12T21:21:08.543560Z DEBUG logical_optimizer: logical binding uses a legacy path reason="value-producing subquery lowering"
2026-09-12T21:21:08.543724Z DEBUG logical_optimizer: logical binding uses a legacy path reason="aggregate lowering"
2026-09-12T21:21:08.544514Z TRACE logical_optimizer: declined logical rule rule="PullDependentFilter" reason="right_input_shape"
2026-09-12T21:21:08.544644Z TRACE logical_optimizer: applied logical rule rule="PullDependentFilterOverJoin"
2026-09-12T21:21:08.544730Z TRACE logical_optimizer: applied logical rule rule="MergeSelectInnerJoin"
2026-09-12T21:21:08.544827Z DEBUG logical_optimizer: applied=2 dependent_filters_pulled=1 remaining_dependencies=0 visited=10 exhausted=false
2026-09-12T21:21:08.545495Z TRACE logical_optimizer: declined logical rule rule="PullDependentFilter" reason="right_input_shape"
2026-09-12T21:21:08.545610Z TRACE logical_optimizer: applied logical rule rule="PullDependentFilterOverJoin"
2026-09-12T21:21:08.545700Z TRACE logical_optimizer: applied logical rule rule="MergeSelectInnerJoin"
2026-09-12T21:21:08.545802Z DEBUG logical_optimizer: applied=2 dependent_filters_pulled=1 remaining_dependencies=0 visited=10 exhausted=false
2026-09-12T21:21:08.546642Z TRACE logical_optimizer: declined logical rule rule="PullDependentFilter" reason="right_input_shape"
2026-09-12T21:21:08.546750Z TRACE logical_optimizer: applied logical rule rule="PullDependentFilterOverJoin"
2026-09-12T21:21:08.546840Z TRACE logical_optimizer: applied logical rule rule="MergeSelectInnerJoin"
2026-09-12T21:21:08.546950Z DEBUG logical_optimizer: applied=2 dependent_filters_pulled=1 remaining_dependencies=0 visited=10 exhausted=false
2026-09-12T21:21:08.547822Z TRACE logical_optimizer: declined logical rule rule="PullDependentFilter" reason="right_input_shape"
2026-09-12T21:21:08.547946Z TRACE logical_optimizer: applied logical rule rule="PullDependentFilterOverJoin"
2026-09-12T21:21:08.548027Z TRACE logical_optimizer: applied logical rule rule="MergeSelectInnerJoin"
2026-09-12T21:21:08.548125Z DEBUG logical_optimizer: applied=2 dependent_filters_pulled=1 remaining_dependencies=0 visited=10 exhausted=false
2026-09-12T21:21:08.550072Z DEBUG logical_optimizer: logical binding uses a legacy path reason="value-producing subquery lowering"
2026-09-12T21:21:08.550207Z DEBUG logical_optimizer: logical binding uses a legacy path reason="value-producing subquery lowering"
2026-09-12T21:21:08.550330Z DEBUG logical_optimizer: logical binding uses a legacy path reason="aggregate lowering"
2026-09-12T21:21:08.550482Z DEBUG logical_optimizer: logical binding uses a legacy path reason="value-producing subquery lowering"
2026-09-12T21:21:08.550607Z DEBUG logical_optimizer: logical binding uses a legacy path reason="value-producing subquery lowering"
2026-09-12T21:21:08.550733Z DEBUG logical_optimizer: logical binding uses a legacy path reason="aggregate lowering"
2026-09-12T21:21:08.551755Z DEBUG logical_optimizer: logical binding uses a legacy path reason="value-producing subquery lowering"
2026-09-12T21:21:08.551892Z DEBUG logical_optimizer: logical binding uses a legacy path reason="value-producing subquery lowering"
2026-09-12T21:21:08.552016Z DEBUG logical_optimizer: logical binding uses a legacy path reason="aggregate lowering"
2026-09-12T21:21:08.552183Z DEBUG logical_optimizer: logical binding uses a legacy path reason="value-producing subquery lowering"
2026-09-12T21:21:08.552317Z DEBUG logical_optimizer: logical binding uses a legacy path reason="value-producing subquery lowering"
2026-09-12T21:21:08.552443Z DEBUG logical_optimizer: logical binding uses a legacy path reason="aggregate lowering"
2026-09-12T21:21:08.553789Z DEBUG logical_optimizer: logical binding uses a legacy path reason="value-producing subquery lowering"
2026-09-12T21:21:08.553912Z DEBUG logical_optimizer: logical binding uses a legacy path reason="value-producing subquery lowering"
2026-09-12T21:21:08.554028Z DEBUG logical_optimizer: logical binding uses a legacy path reason="aggregate lowering"
2026-09-12T21:21:08.554170Z DEBUG logical_optimizer: logical binding uses a legacy path reason="value-producing subquery lowering"
2026-09-12T21:21:08.554292Z DEBUG logical_optimizer: logical binding uses a legacy path reason="value-producing subquery lowering"
2026-09-12T21:21:08.554411Z DEBUG logical_optimizer: logical binding uses a legacy path reason="aggregate lowering"
2026-09-12T21:21:08.555922Z DEBUG logical_optimizer: logical binding uses a legacy path reason="value-producing subquery lowering"
2026-09-12T21:21:08.556046Z DEBUG logical_optimizer: logical binding uses a legacy path reason="value-producing subquery lowering"
2026-09-12T21:21:08.556170Z DEBUG logical_optimizer: logical binding uses a legacy path reason="aggregate lowering"
2026-09-12T21:21:08.556324Z DEBUG logical_optimizer: logical binding uses a legacy path reason="value-producing subquery lowering"
2026-09-12T21:21:08.556445Z DEBUG logical_optimizer: logical binding uses a legacy path reason="value-producing subquery lowering"
2026-09-12T21:21:08.556573Z DEBUG logical_optimizer: logical binding uses a legacy path reason="aggregate lowering"
2026-09-12T21:21:08.558808Z DEBUG logical_optimizer: logical binding uses a legacy path reason="aggregate lowering"
2026-09-12T21:21:08.559277Z DEBUG logical_optimizer: logical binding uses a legacy path reason="aggregate lowering"
2026-09-12T21:21:08.559566Z DEBUG logical_optimizer: logical binding uses a legacy path reason="aggregate lowering"
2026-09-12T21:21:08.560223Z TRACE logical_optimizer: declined logical rule rule="PullDependentFilter" reason="right_input_shape"
2026-09-12T21:21:08.560328Z TRACE logical_optimizer: applied logical rule rule="PullDependentFilterOverJoin"
2026-09-12T21:21:08.560408Z TRACE logical_optimizer: applied logical rule rule="MergeSelectInnerJoin"
2026-09-12T21:21:08.560500Z DEBUG logical_optimizer: applied=2 dependent_filters_pulled=1 remaining_dependencies=0 visited=10 exhausted=false
2026-09-12T21:21:08.561033Z TRACE logical_optimizer: declined logical rule rule="PullDependentFilter" reason="right_input_shape"
2026-09-12T21:21:08.561137Z TRACE logical_optimizer: applied logical rule rule="PullDependentFilterOverJoin"
2026-09-12T21:21:08.561238Z TRACE logical_optimizer: applied logical rule rule="MergeSelectInnerJoin"
2026-09-12T21:21:08.561330Z DEBUG logical_optimizer: applied=2 dependent_filters_pulled=1 remaining_dependencies=0 visited=10 exhausted=false
2026-09-12T21:21:08.561889Z TRACE logical_optimizer: declined logical rule rule="PullDependentFilter" reason="right_input_shape"
2026-09-12T21:21:08.561988Z TRACE logical_optimizer: applied logical rule rule="PullDependentFilterOverJoin"
2026-09-12T21:21:08.562084Z TRACE logical_optimizer: applied logical rule rule="MergeSelectInnerJoin"
2026-09-12T21:21:08.562202Z DEBUG logical_optimizer: applied=2 dependent_filters_pulled=1 remaining_dependencies=0 visited=10 exhausted=false
2026-09-12T21:21:08.562997Z TRACE logical_optimizer: declined logical rule rule="PullDependentFilter" reason="right_input_shape"
2026-09-12T21:21:08.563097Z TRACE logical_optimizer: applied logical rule rule="PullDependentFilterOverJoin"
2026-09-12T21:21:08.563180Z TRACE logical_optimizer: applied logical rule rule="MergeSelectInnerJoin"
2026-09-12T21:21:08.563282Z DEBUG logical_optimizer: applied=2 dependent_filters_pulled=1 remaining_dependencies=0 visited=10 exhausted=false
2026-09-12T21:21:08.564351Z TRACE logical_optimizer: declined logical rule rule="PullDependentFilter" reason="right_input_shape"
2026-09-12T21:21:08.564450Z TRACE logical_optimizer: applied logical rule rule="PullDependentFilterOverJoin"
2026-09-12T21:21:08.564585Z TRACE logical_optimizer: applied logical rule rule="MergeSelectInnerJoin"
2026-09-12T21:21:08.564676Z DEBUG logical_optimizer: applied=2 dependent_filters_pulled=1 remaining_dependencies=0 visited=10 exhausted=false
2026-09-12T21:21:08.565217Z TRACE logical_optimizer: declined logical rule rule="PullDependentFilter" reason="right_input_shape"
2026-09-12T21:21:08.565316Z TRACE logical_optimizer: applied logical rule rule="PullDependentFilterOverJoin"
2026-09-12T21:21:08.565394Z TRACE logical_optimizer: applied logical rule rule="MergeSelectInnerJoin"
2026-09-12T21:21:08.565481Z DEBUG logical_optimizer: applied=2 dependent_filters_pulled=1 remaining_dependencies=0 visited=10 exhausted=false
2026-09-12T21:21:08.566092Z TRACE logical_optimizer: declined logical rule rule="PullDependentFilter" reason="right_input_shape"
2026-09-12T21:21:08.566200Z TRACE logical_optimizer: applied logical rule rule="PullDependentFilterOverJoin"
2026-09-12T21:21:08.566282Z TRACE logical_optimizer: applied logical rule rule="MergeSelectInnerJoin"
2026-09-12T21:21:08.566372Z DEBUG logical_optimizer: applied=2 dependent_filters_pulled=1 remaining_dependencies=0 visited=10 exhausted=false
2026-09-12T21:21:08.567042Z TRACE logical_optimizer: declined logical rule rule="PullDependentFilter" reason="right_input_shape"
2026-09-12T21:21:08.567140Z TRACE logical_optimizer: applied logical rule rule="PullDependentFilterOverJoin"
2026-09-12T21:21:08.567236Z TRACE logical_optimizer: applied logical rule rule="MergeSelectInnerJoin"
2026-09-12T21:21:08.567329Z DEBUG logical_optimizer: applied=2 dependent_filters_pulled=1 remaining_dependencies=0 visited=10 exhausted=false
2026-09-12T21:21:08.569160Z DEBUG logical_optimizer: logical binding uses a legacy path reason="DISTINCT output mapping"
2026-09-12T21:21:08.569278Z DEBUG logical_optimizer: logical binding uses a legacy path reason="aggregate lowering"
2026-09-12T21:21:08.569394Z DEBUG logical_optimizer: logical binding uses a legacy path reason="value-producing subquery lowering"
2026-09-12T21:21:08.569521Z DEBUG logical_optimizer: logical binding uses a legacy path reason="aggregate lowering"
2026-09-12T21:21:08.569724Z DEBUG logical_optimizer: logical binding uses a legacy path reason="aggregate lowering"
2026-09-12T21:21:08.569853Z DEBUG logical_optimizer: logical binding uses a legacy path reason="value-producing subquery lowering"
2026-09-12T21:21:08.569972Z DEBUG logical_optimizer: logical binding uses a legacy path reason="aggregate lowering"
2026-09-12T21:21:08.571426Z DEBUG logical_optimizer: logical binding uses a legacy path reason="DISTINCT output mapping"
2026-09-12T21:21:08.571557Z DEBUG logical_optimizer: logical binding uses a legacy path reason="aggregate lowering"
2026-09-12T21:21:08.571696Z DEBUG logical_optimizer: logical binding uses a legacy path reason="value-producing subquery lowering"
2026-09-12T21:21:08.571816Z DEBUG logical_optimizer: logical binding uses a legacy path reason="aggregate lowering"
2026-09-12T21:21:08.571998Z DEBUG logical_optimizer: logical binding uses a legacy path reason="aggregate lowering"
2026-09-12T21:21:08.572121Z DEBUG logical_optimizer: logical binding uses a legacy path reason="value-producing subquery lowering"
2026-09-12T21:21:08.572271Z DEBUG logical_optimizer: logical binding uses a legacy path reason="aggregate lowering"
2026-09-12T21:21:08.574360Z DEBUG logical_optimizer: logical binding uses a legacy path reason="DISTINCT output mapping"
2026-09-12T21:21:08.574486Z DEBUG logical_optimizer: logical binding uses a legacy path reason="aggregate lowering"
2026-09-12T21:21:08.574603Z DEBUG logical_optimizer: logical binding uses a legacy path reason="value-producing subquery lowering"
2026-09-12T21:21:08.574715Z DEBUG logical_optimizer: logical binding uses a legacy path reason="aggregate lowering"
2026-09-12T21:21:08.574889Z DEBUG logical_optimizer: logical binding uses a legacy path reason="aggregate lowering"
2026-09-12T21:21:08.575004Z DEBUG logical_optimizer: logical binding uses a legacy path reason="value-producing subquery lowering"
2026-09-12T21:21:08.575173Z DEBUG logical_optimizer: logical binding uses a legacy path reason="aggregate lowering"
2026-09-12T21:21:08.577803Z DEBUG logical_optimizer: logical binding uses a legacy path reason="aggregate lowering"
2026-09-12T21:21:08.577957Z TRACE logical_optimizer: applied logical rule rule="PullDependentFilter"
2026-09-12T21:21:08.578046Z TRACE logical_optimizer: applied logical rule rule="PullLeftFilter"
2026-09-12T21:21:08.578152Z DEBUG logical_optimizer: applied=2 dependent_filters_pulled=1 remaining_dependencies=0 visited=5 exhausted=false
2026-09-12T21:21:08.578705Z DEBUG logical_optimizer: logical binding uses a legacy path reason="aggregate lowering"
2026-09-12T21:21:08.578862Z TRACE logical_optimizer: applied logical rule rule="PullDependentFilter"
2026-09-12T21:21:08.578991Z TRACE logical_optimizer: applied logical rule rule="PullLeftFilter"
2026-09-12T21:21:08.579105Z DEBUG logical_optimizer: applied=2 dependent_filters_pulled=1 remaining_dependencies=0 visited=5 exhausted=false
2026-09-12T21:21:08.579565Z DEBUG logical_optimizer: logical binding uses a legacy path reason="aggregate lowering"
2026-09-12T21:21:08.579699Z TRACE logical_optimizer: applied logical rule rule="PullDependentFilter"
2026-09-12T21:21:08.579785Z TRACE logical_optimizer: applied logical rule rule="PullLeftFilter"
2026-09-12T21:21:08.579870Z DEBUG logical_optimizer: applied=2 dependent_filters_pulled=1 remaining_dependencies=0 visited=5 exhausted=false
2026-09-12T21:21:08.580562Z DEBUG logical_optimizer: logical binding uses a legacy path reason="aggregate lowering"
2026-09-12T21:21:08.580694Z TRACE logical_optimizer: applied logical rule rule="PullDependentFilter"
2026-09-12T21:21:08.580775Z TRACE logical_optimizer: applied logical rule rule="PullLeftFilter"
2026-09-12T21:21:08.580857Z DEBUG logical_optimizer: applied=2 dependent_filters_pulled=1 remaining_dependencies=0 visited=5 exhausted=false
2026-09-12T21:21:08.581364Z TRACE logical_optimizer: declined logical rule rule="PullDependentFilter" reason="right_input_shape"
2026-09-12T21:21:08.581470Z TRACE logical_optimizer: applied logical rule rule="PullDependentFilterOverJoin"
2026-09-12T21:21:08.581548Z TRACE logical_optimizer: applied logical rule rule="MergeSelectInnerJoin"
2026-09-12T21:21:08.581635Z DEBUG logical_optimizer: applied=2 dependent_filters_pulled=1 remaining_dependencies=0 visited=10 exhausted=false
2026-09-12T21:21:08.582146Z TRACE logical_optimizer: declined logical rule rule="PullDependentFilter" reason="right_input_shape"
2026-09-12T21:21:08.582255Z TRACE logical_optimizer: applied logical rule rule="PullDependentFilterOverJoin"
2026-09-12T21:21:08.582339Z TRACE logical_optimizer: applied logical rule rule="MergeSelectInnerJoin"
2026-09-12T21:21:08.582432Z DEBUG logical_optimizer: applied=2 dependent_filters_pulled=1 remaining_dependencies=0 visited=10 exhausted=false
2026-09-12T21:21:08.583026Z TRACE logical_optimizer: declined logical rule rule="PullDependentFilter" reason="right_input_shape"
2026-09-12T21:21:08.583134Z TRACE logical_optimizer: applied logical rule rule="PullDependentFilterOverJoin"
2026-09-12T21:21:08.583224Z TRACE logical_optimizer: applied logical rule rule="MergeSelectInnerJoin"
2026-09-12T21:21:08.583317Z DEBUG logical_optimizer: applied=2 dependent_filters_pulled=1 remaining_dependencies=0 visited=10 exhausted=false
2026-09-12T21:21:08.584304Z TRACE logical_optimizer: declined logical rule rule="PullDependentFilter" reason="right_input_shape"
2026-09-12T21:21:08.584427Z TRACE logical_optimizer: applied logical rule rule="PullDependentFilterOverJoin"
2026-09-12T21:21:08.584514Z TRACE logical_optimizer: applied logical rule rule="MergeSelectInnerJoin"
2026-09-12T21:21:08.584626Z DEBUG logical_optimizer: applied=2 dependent_filters_pulled=1 remaining_dependencies=0 visited=10 exhausted=false
2026-09-12T21:21:08.587701Z TRACE logical_optimizer: declined logical rule rule="PullDependentFilter" reason="right_input_shape"
2026-09-12T21:21:08.587812Z TRACE logical_optimizer: applied logical rule rule="PullDependentFilterOverJoin"
2026-09-12T21:21:08.587958Z TRACE logical_optimizer: applied logical rule rule="MergeSelectInnerJoin"
2026-09-12T21:21:08.588056Z DEBUG logical_optimizer: applied=2 dependent_filters_pulled=1 remaining_dependencies=0 visited=10 exhausted=false
2026-09-12T21:21:08.588673Z TRACE logical_optimizer: declined logical rule rule="PullDependentFilter" reason="right_input_shape"
2026-09-12T21:21:08.588798Z TRACE logical_optimizer: applied logical rule rule="PullDependentFilterOverJoin"
2026-09-12T21:21:08.588889Z TRACE logical_optimizer: applied logical rule rule="MergeSelectInnerJoin"
2026-09-12T21:21:08.588978Z DEBUG logical_optimizer: applied=2 dependent_filters_pulled=1 remaining_dependencies=0 visited=10 exhausted=false
2026-09-12T21:21:08.589674Z TRACE logical_optimizer: declined logical rule rule="PullDependentFilter" reason="right_input_shape"
2026-09-12T21:21:08.589782Z TRACE logical_optimizer: applied logical rule rule="PullDependentFilterOverJoin"
2026-09-12T21:21:08.589865Z TRACE logical_optimizer: applied logical rule rule="MergeSelectInnerJoin"
2026-09-12T21:21:08.589953Z DEBUG logical_optimizer: applied=2 dependent_filters_pulled=1 remaining_dependencies=0 visited=10 exhausted=false
2026-09-12T21:21:08.590722Z TRACE logical_optimizer: declined logical rule rule="PullDependentFilter" reason="right_input_shape"
2026-09-12T21:21:08.590822Z TRACE logical_optimizer: applied logical rule rule="PullDependentFilterOverJoin"
2026-09-12T21:21:08.590906Z TRACE logical_optimizer: applied logical rule rule="MergeSelectInnerJoin"
2026-09-12T21:21:08.591001Z DEBUG logical_optimizer: applied=2 dependent_filters_pulled=1 remaining_dependencies=0 visited=10 exhausted=false
2026-09-12T21:21:08.592505Z TRACE logical_optimizer: declined logical rule rule="PullDependentFilter" reason="predicate_effects"
2026-09-12T21:21:08.592596Z TRACE logical_optimizer: declined logical rule rule="PullDependentFilterOverJoin" reason="right_input_shape"
2026-09-12T21:21:08.592689Z DEBUG logical_optimizer: applied=0 dependent_filters_pulled=0 remaining_dependencies=1 visited=5 exhausted=false
2026-09-12T21:21:08.593104Z TRACE logical_optimizer: declined logical rule rule="PullDependentFilter" reason="predicate_effects"
2026-09-12T21:21:08.593201Z TRACE logical_optimizer: declined logical rule rule="PullDependentFilterOverJoin" reason="right_input_shape"
2026-09-12T21:21:08.593284Z DEBUG logical_optimizer: applied=0 dependent_filters_pulled=0 remaining_dependencies=1 visited=5 exhausted=false
2026-09-12T21:21:08.594625Z TRACE logical_optimizer: declined logical rule rule="PullDependentFilter" reason="right_input_shape"
2026-09-12T21:21:08.594737Z TRACE logical_optimizer: applied logical rule rule="PullDependentFilterOverJoin"
2026-09-12T21:21:08.594822Z TRACE logical_optimizer: applied logical rule rule="MergeSelectInnerJoin"
2026-09-12T21:21:08.594916Z DEBUG logical_optimizer: applied=2 dependent_filters_pulled=1 remaining_dependencies=0 visited=10 exhausted=false
2026-09-12T21:21:08.595603Z TRACE logical_optimizer: declined logical rule rule="PullDependentFilter" reason="right_input_shape"
2026-09-12T21:21:08.595709Z TRACE logical_optimizer: applied logical rule rule="PullDependentFilterOverJoin"
2026-09-12T21:21:08.595790Z TRACE logical_optimizer: applied logical rule rule="MergeSelectInnerJoin"
2026-09-12T21:21:08.595881Z DEBUG logical_optimizer: applied=2 dependent_filters_pulled=1 remaining_dependencies=0 visited=10 exhausted=false
2026-09-12T21:21:08.596833Z TRACE logical_optimizer: declined logical rule rule="PullDependentFilter" reason="right_input_shape"
2026-09-12T21:21:08.596935Z TRACE logical_optimizer: applied logical rule rule="PullDependentFilterOverJoin"
2026-09-12T21:21:08.597012Z TRACE logical_optimizer: applied logical rule rule="MergeSelectInnerJoin"
2026-09-12T21:21:08.597099Z DEBUG logical_optimizer: applied=2 dependent_filters_pulled=1 remaining_dependencies=0 visited=10 exhausted=false
2026-09-12T21:21:08.597906Z TRACE logical_optimizer: declined logical rule rule="PullDependentFilter" reason="right_input_shape"
2026-09-12T21:21:08.598072Z TRACE logical_optimizer: applied logical rule rule="PullDependentFilterOverJoin"
2026-09-12T21:21:08.598152Z TRACE logical_optimizer: applied logical rule rule="MergeSelectInnerJoin"
2026-09-12T21:21:08.598247Z DEBUG logical_optimizer: applied=2 dependent_filters_pulled=1 remaining_dependencies=0 visited=10 exhausted=false
2026-09-12T21:21:08.600955Z DEBUG logical_optimizer: logical binding uses a legacy path reason="value-producing subquery lowering"
2026-09-12T21:21:08.601432Z DEBUG logical_optimizer: logical binding uses a legacy path reason="value-producing subquery lowering"
2026-09-12T21:21:08.602135Z DEBUG logical_optimizer: logical binding uses a legacy path reason="value-producing subquery lowering"
2026-09-12T21:21:08.602805Z DEBUG logical_optimizer: logical binding uses a legacy path reason="value-producing subquery lowering"
2026-09-12T21:21:08.603813Z TRACE logical_optimizer: applied logical rule rule="PullDependentFilter"
2026-09-12T21:21:08.603915Z DEBUG logical_optimizer: applied=1 dependent_filters_pulled=1 remaining_dependencies=0 visited=6 exhausted=false
2026-09-12T21:21:08.604263Z TRACE logical_optimizer: applied logical rule rule="PullDependentFilter"
2026-09-12T21:21:08.604359Z DEBUG logical_optimizer: applied=1 dependent_filters_pulled=1 remaining_dependencies=0 visited=6 exhausted=false
2026-09-12T21:21:08.604724Z DEBUG logical_optimizer: logical binding uses a legacy path reason="value-producing subquery lowering"
2026-09-12T21:21:08.605156Z DEBUG logical_optimizer: logical binding uses a legacy path reason="value-producing subquery lowering"
2026-09-12T21:21:08.607183Z DEBUG logical_optimizer: logical binding uses a legacy path reason="value-producing subquery lowering"
2026-09-12T21:21:08.607301Z DEBUG logical_optimizer: logical binding uses a legacy path reason="aggregate lowering"
2026-09-12T21:21:08.607575Z DEBUG logical_optimizer: logical binding uses a legacy path reason="value-producing subquery lowering"
2026-09-12T21:21:08.607703Z DEBUG logical_optimizer: logical binding uses a legacy path reason="aggregate lowering"
2026-09-12T21:21:08.608645Z DEBUG logical_optimizer: logical binding uses a legacy path reason="value-producing subquery lowering"
2026-09-12T21:21:08.608761Z DEBUG logical_optimizer: logical binding uses a legacy path reason="aggregate lowering"
2026-09-12T21:21:08.609017Z DEBUG logical_optimizer: logical binding uses a legacy path reason="value-producing subquery lowering"
2026-09-12T21:21:08.609137Z DEBUG logical_optimizer: logical binding uses a legacy path reason="aggregate lowering"
2026-09-12T21:21:08.610321Z DEBUG logical_optimizer: logical binding uses a legacy path reason="value-producing subquery lowering"
2026-09-12T21:21:08.610455Z DEBUG logical_optimizer: logical binding uses a legacy path reason="aggregate lowering"
2026-09-12T21:21:08.610667Z DEBUG logical_optimizer: logical binding uses a legacy path reason="value-producing subquery lowering"
2026-09-12T21:21:08.610781Z DEBUG logical_optimizer: logical binding uses a legacy path reason="aggregate lowering"
2026-09-12T21:21:08.612491Z DEBUG logical_optimizer: logical binding uses a legacy path reason="value-producing subquery lowering"
2026-09-12T21:21:08.612613Z DEBUG logical_optimizer: logical binding uses a legacy path reason="aggregate lowering"
2026-09-12T21:21:08.612886Z DEBUG logical_optimizer: logical binding uses a legacy path reason="value-producing subquery lowering"
2026-09-12T21:21:08.613026Z DEBUG logical_optimizer: logical binding uses a legacy path reason="aggregate lowering"
2026-09-12T21:21:08.615884Z DEBUG logical_optimizer: logical binding uses a legacy path reason="aggregate lowering"
2026-09-12T21:21:08.616059Z DEBUG logical_optimizer: logical binding uses a legacy path reason="aggregate lowering"
2026-09-12T21:21:08.617057Z DEBUG logical_optimizer: logical binding uses a legacy path reason="aggregate lowering"
2026-09-12T21:21:08.617187Z DEBUG logical_optimizer: logical binding uses a legacy path reason="aggregate lowering"
2026-09-12T21:21:08.618076Z DEBUG logical_optimizer: logical binding uses a legacy path reason="value-producing subquery lowering"
2026-09-12T21:21:08.618616Z DEBUG logical_optimizer: logical binding uses a legacy path reason="value-producing subquery lowering"
2026-09-12T21:21:08.620310Z DEBUG logical_optimizer: logical binding uses a legacy path reason="value-producing subquery lowering"
2026-09-12T21:21:08.620498Z TRACE logical_optimizer: applied logical rule rule="PullDependentFilter"
2026-09-12T21:21:08.620590Z TRACE logical_optimizer: applied logical rule rule="PullLeftFilter"
2026-09-12T21:21:08.620680Z DEBUG logical_optimizer: applied=2 dependent_filters_pulled=1 remaining_dependencies=0 visited=5 exhausted=false
2026-09-12T21:21:08.621519Z DEBUG logical_optimizer: logical binding uses a legacy path reason="value-producing subquery lowering"
2026-09-12T21:21:08.621689Z TRACE logical_optimizer: applied logical rule rule="PullDependentFilter"
2026-09-12T21:21:08.621773Z TRACE logical_optimizer: applied logical rule rule="PullLeftFilter"
2026-09-12T21:21:08.621860Z DEBUG logical_optimizer: applied=2 dependent_filters_pulled=1 remaining_dependencies=0 visited=5 exhausted=false
2026-09-12T21:21:08.626791Z TRACE logical_optimizer: applied logical rule rule="PullDependentFilter"
2026-09-12T21:21:08.626930Z DEBUG logical_optimizer: applied=1 dependent_filters_pulled=1 remaining_dependencies=0 visited=5 exhausted=false
2026-09-12T21:21:08.627815Z TRACE logical_optimizer: applied logical rule rule="PullDependentFilter"
2026-09-12T21:21:08.627941Z DEBUG logical_optimizer: applied=1 dependent_filters_pulled=1 remaining_dependencies=0 visited=5 exhausted=false
2026-09-12T21:21:08.628806Z TRACE logical_optimizer: applied logical rule rule="PullDependentFilter"
2026-09-12T21:21:08.628934Z DEBUG logical_optimizer: applied=1 dependent_filters_pulled=1 remaining_dependencies=0 visited=5 exhausted=false
2026-09-12T21:21:08.629849Z TRACE logical_optimizer: applied logical rule rule="PullDependentFilter"
2026-09-12T21:21:08.629963Z DEBUG logical_optimizer: applied=1 dependent_filters_pulled=1 remaining_dependencies=0 visited=5 exhausted=false
2026-09-12T21:21:08.632924Z DEBUG logical_optimizer: logical binding uses a legacy path reason="aggregate lowering"
2026-09-12T21:21:08.633630Z DEBUG logical_optimizer: logical binding uses a legacy path reason="aggregate lowering"
2026-09-12T21:21:08.634650Z TRACE logical_optimizer: declined logical rule rule="PullDependentFilter" reason="right_input_shape"
2026-09-12T21:21:08.634975Z TRACE logical_optimizer: applied logical rule rule="PullDependentFilterOverJoin"
2026-09-12T21:21:08.635095Z TRACE logical_optimizer: applied logical rule rule="MergeSelectInnerJoin"
2026-09-12T21:21:08.635214Z DEBUG logical_optimizer: applied=2 dependent_filters_pulled=1 remaining_dependencies=0 visited=10 exhausted=false
2026-09-12T21:21:08.636515Z TRACE logical_optimizer: declined logical rule rule="PullDependentFilter" reason="right_input_shape"
2026-09-12T21:21:08.636701Z TRACE logical_optimizer: applied logical rule rule="PullDependentFilterOverJoin"
2026-09-12T21:21:08.636813Z TRACE logical_optimizer: applied logical rule rule="MergeSelectInnerJoin"
2026-09-12T21:21:08.636947Z DEBUG logical_optimizer: applied=2 dependent_filters_pulled=1 remaining_dependencies=0 visited=10 exhausted=false
2026-09-12T21:21:08.638436Z TRACE logical_optimizer: declined logical rule rule="PullDependentFilter" reason="right_input_shape"
2026-09-12T21:21:08.638568Z TRACE logical_optimizer: applied logical rule rule="PullDependentFilterOverJoin"
2026-09-12T21:21:08.638688Z TRACE logical_optimizer: applied logical rule rule="MergeSelectInnerJoin"
2026-09-12T21:21:08.638808Z DEBUG logical_optimizer: applied=2 dependent_filters_pulled=1 remaining_dependencies=0 visited=10 exhausted=false
2026-09-12T21:21:08.640159Z TRACE logical_optimizer: declined logical rule rule="PullDependentFilter" reason="right_input_shape"
2026-09-12T21:21:08.640294Z TRACE logical_optimizer: applied logical rule rule="PullDependentFilterOverJoin"
2026-09-12T21:21:08.640405Z TRACE logical_optimizer: applied logical rule rule="MergeSelectInnerJoin"
2026-09-12T21:21:08.640638Z DEBUG logical_optimizer: applied=2 dependent_filters_pulled=1 remaining_dependencies=0 visited=10 exhausted=false
2026-09-12T21:21:08.645087Z TRACE logical_optimizer: declined logical rule rule="PullDependentFilter" reason="right_input_shape"
2026-09-12T21:21:08.645312Z TRACE logical_optimizer: applied logical rule rule="PullDependentFilterOverJoin"
2026-09-12T21:21:08.645439Z TRACE logical_optimizer: applied logical rule rule="MergeSelectInnerJoin"
2026-09-12T21:21:08.645591Z DEBUG logical_optimizer: applied=2 dependent_filters_pulled=1 remaining_dependencies=0 visited=10 exhausted=false
2026-09-12T21:21:08.646372Z TRACE logical_optimizer: declined logical rule rule="PullDependentFilter" reason="right_input_shape"
2026-09-12T21:21:08.646498Z TRACE logical_optimizer: applied logical rule rule="PullDependentFilterOverJoin"
2026-09-12T21:21:08.646597Z TRACE logical_optimizer: applied logical rule rule="MergeSelectInnerJoin"
2026-09-12T21:21:08.646713Z DEBUG logical_optimizer: applied=2 dependent_filters_pulled=1 remaining_dependencies=0 visited=10 exhausted=false
2026-09-12T21:21:08.647747Z TRACE logical_optimizer: declined logical rule rule="PullDependentFilter" reason="right_input_shape"
2026-09-12T21:21:08.647877Z TRACE logical_optimizer: applied logical rule rule="PullDependentFilterOverJoin"
2026-09-12T21:21:08.647985Z TRACE logical_optimizer: applied logical rule rule="MergeSelectInnerJoin"
2026-09-12T21:21:08.648135Z DEBUG logical_optimizer: applied=2 dependent_filters_pulled=1 remaining_dependencies=0 visited=10 exhausted=false
2026-09-12T21:21:08.649182Z TRACE logical_optimizer: declined logical rule rule="PullDependentFilter" reason="right_input_shape"
2026-09-12T21:21:08.649303Z TRACE logical_optimizer: applied logical rule rule="PullDependentFilterOverJoin"
2026-09-12T21:21:08.649401Z TRACE logical_optimizer: applied logical rule rule="MergeSelectInnerJoin"
2026-09-12T21:21:08.649493Z DEBUG logical_optimizer: applied=2 dependent_filters_pulled=1 remaining_dependencies=0 visited=10 exhausted=false
2026-09-12T21:21:08.653341Z TRACE logical_optimizer: applied logical rule rule="PullDependentFilter"
2026-09-12T21:21:08.653528Z DEBUG logical_optimizer: applied=1 dependent_filters_pulled=1 remaining_dependencies=0 visited=5 exhausted=false
2026-09-12T21:21:08.654309Z TRACE logical_optimizer: applied logical rule rule="PullDependentFilter"
2026-09-12T21:21:08.654426Z DEBUG logical_optimizer: applied=1 dependent_filters_pulled=1 remaining_dependencies=0 visited=5 exhausted=false
2026-09-12T21:21:08.655307Z TRACE logical_optimizer: applied logical rule rule="PullDependentFilter"
2026-09-12T21:21:08.655428Z DEBUG logical_optimizer: applied=1 dependent_filters_pulled=1 remaining_dependencies=0 visited=5 exhausted=false
2026-09-12T21:21:08.656325Z TRACE logical_optimizer: applied logical rule rule="PullDependentFilter"
2026-09-12T21:21:08.656431Z DEBUG logical_optimizer: applied=1 dependent_filters_pulled=1 remaining_dependencies=0 visited=5 exhausted=false
2026-09-12T21:21:08.659253Z DEBUG logical_optimizer: logical binding uses a legacy path reason="aggregate lowering"
2026-09-12T21:21:08.659488Z TRACE logical_optimizer: applied logical rule rule="PullDependentFilter"
2026-09-12T21:21:08.659591Z TRACE logical_optimizer: applied logical rule rule="PullLeftFilter"
2026-09-12T21:21:08.659692Z DEBUG logical_optimizer: applied=2 dependent_filters_pulled=1 remaining_dependencies=0 visited=6 exhausted=false
2026-09-12T21:21:08.660562Z DEBUG logical_optimizer: logical binding uses a legacy path reason="aggregate lowering"
2026-09-12T21:21:08.660755Z TRACE logical_optimizer: applied logical rule rule="PullDependentFilter"
2026-09-12T21:21:08.660844Z TRACE logical_optimizer: applied logical rule rule="PullLeftFilter"
2026-09-12T21:21:08.660940Z DEBUG logical_optimizer: applied=2 dependent_filters_pulled=1 remaining_dependencies=0 visited=6 exhausted=false
2026-09-12T21:21:08.661782Z DEBUG logical_optimizer: logical binding uses a legacy path reason="aggregate lowering"
2026-09-12T21:21:08.662061Z TRACE logical_optimizer: applied logical rule rule="PullDependentFilter"
2026-09-12T21:21:08.662154Z TRACE logical_optimizer: applied logical rule rule="PullLeftFilter"
2026-09-12T21:21:08.662271Z DEBUG logical_optimizer: applied=2 dependent_filters_pulled=1 remaining_dependencies=0 visited=6 exhausted=false
2026-09-12T21:21:08.663230Z DEBUG logical_optimizer: logical binding uses a legacy path reason="aggregate lowering"
2026-09-12T21:21:08.663449Z TRACE logical_optimizer: applied logical rule rule="PullDependentFilter"
2026-09-12T21:21:08.663559Z TRACE logical_optimizer: applied logical rule rule="PullLeftFilter"
2026-09-12T21:21:08.663671Z DEBUG logical_optimizer: applied=2 dependent_filters_pulled=1 remaining_dependencies=0 visited=6 exhausted=false
2026-09-12T21:21:08.665332Z DEBUG logical_optimizer: logical binding uses a legacy path reason="aggregate lowering"
2026-09-12T21:21:08.665540Z DEBUG logical_optimizer: logical binding uses a legacy path reason="aggregate lowering"
2026-09-12T21:21:08.666384Z DEBUG logical_optimizer: logical binding uses a legacy path reason="aggregate lowering"
2026-09-12T21:21:08.666591Z DEBUG logical_optimizer: logical binding uses a legacy path reason="aggregate lowering"
2026-09-12T21:21:08.667857Z DEBUG logical_optimizer: logical binding uses a legacy path reason="value-producing subquery lowering"
2026-09-12T21:21:08.667993Z DEBUG logical_optimizer: logical binding uses a legacy path reason="value-producing subquery lowering"
2026-09-12T21:21:08.668497Z DEBUG logical_optimizer: logical binding uses a legacy path reason="value-producing subquery lowering"
2026-09-12T21:21:08.668621Z DEBUG logical_optimizer: logical binding uses a legacy path reason="value-producing subquery lowering"
2026-09-12T21:21:08.670155Z TRACE logical_optimizer: applied logical rule rule="PullDependentFilter"
2026-09-12T21:21:08.670281Z DEBUG logical_optimizer: applied=1 dependent_filters_pulled=1 remaining_dependencies=0 visited=5 exhausted=false
2026-09-12T21:21:08.670737Z TRACE logical_optimizer: applied logical rule rule="PullDependentFilter"
2026-09-12T21:21:08.670849Z DEBUG logical_optimizer: applied=1 dependent_filters_pulled=1 remaining_dependencies=0 visited=5 exhausted=false
2026-09-12T21:21:08.671279Z TRACE logical_optimizer: applied logical rule rule="PullDependentFilter"
2026-09-12T21:21:08.671388Z DEBUG logical_optimizer: applied=1 dependent_filters_pulled=1 remaining_dependencies=0 visited=5 exhausted=false
2026-09-12T21:21:08.671947Z TRACE logical_optimizer: applied logical rule rule="PullDependentFilter"
2026-09-12T21:21:08.672044Z DEBUG logical_optimizer: applied=1 dependent_filters_pulled=1 remaining_dependencies=0 visited=5 exhausted=false
2026-09-12T21:21:08.674087Z DEBUG logical_optimizer: logical binding uses a legacy path reason="value-producing subquery lowering"
2026-09-12T21:21:08.674472Z DEBUG logical_optimizer: logical binding uses a legacy path reason="value-producing subquery lowering"
2026-09-12T21:21:08.676304Z DEBUG logical_optimizer: logical binding uses a legacy path reason="value-producing subquery lowering"
2026-09-12T21:21:08.676864Z TRACE logical_optimizer: declined logical rule rule="PullDependentFilter" reason="right_input_shape"
2026-09-12T21:21:08.676981Z TRACE logical_optimizer: applied logical rule rule="PullDependentFilterOverJoin"
2026-09-12T21:21:08.677068Z TRACE logical_optimizer: applied logical rule rule="MergeSelectInnerJoin"
2026-09-12T21:21:08.677163Z DEBUG logical_optimizer: applied=2 dependent_filters_pulled=1 remaining_dependencies=0 visited=10 exhausted=false
2026-09-12T21:21:08.677726Z TRACE logical_optimizer: declined logical rule rule="PullDependentFilter" reason="right_input_shape"
2026-09-12T21:21:08.677830Z TRACE logical_optimizer: applied logical rule rule="PullDependentFilterOverJoin"
2026-09-12T21:21:08.677910Z TRACE logical_optimizer: applied logical rule rule="MergeSelectInnerJoin"
2026-09-12T21:21:08.678000Z DEBUG logical_optimizer: applied=2 dependent_filters_pulled=1 remaining_dependencies=0 visited=10 exhausted=false
2026-09-12T21:21:08.678625Z TRACE logical_optimizer: declined logical rule rule="PullDependentFilter" reason="right_input_shape"
2026-09-12T21:21:08.678730Z TRACE logical_optimizer: applied logical rule rule="PullDependentFilterOverJoin"
2026-09-12T21:21:08.678817Z TRACE logical_optimizer: applied logical rule rule="MergeSelectInnerJoin"
2026-09-12T21:21:08.678904Z DEBUG logical_optimizer: applied=2 dependent_filters_pulled=1 remaining_dependencies=0 visited=10 exhausted=false
2026-09-12T21:21:08.679631Z TRACE logical_optimizer: declined logical rule rule="PullDependentFilter" reason="right_input_shape"
2026-09-12T21:21:08.679753Z TRACE logical_optimizer: applied logical rule rule="PullDependentFilterOverJoin"
2026-09-12T21:21:08.679844Z TRACE logical_optimizer: applied logical rule rule="MergeSelectInnerJoin"
2026-09-12T21:21:08.679931Z DEBUG logical_optimizer: applied=2 dependent_filters_pulled=1 remaining_dependencies=0 visited=10 exhausted=false
2026-09-12T21:21:08.681438Z DEBUG logical_optimizer: logical binding uses a legacy path reason="subquery outside a direct EXISTS filter"
2026-09-12T21:21:08.681555Z DEBUG logical_optimizer: logical binding uses a legacy path reason="value-producing subquery lowering"
2026-09-12T21:21:08.682055Z DEBUG logical_optimizer: logical binding uses a legacy path reason="subquery outside a direct EXISTS filter"
2026-09-12T21:21:08.682189Z DEBUG logical_optimizer: logical binding uses a legacy path reason="value-producing subquery lowering"
2026-09-12T21:21:08.682615Z DEBUG logical_optimizer: logical binding uses a legacy path reason="subquery outside a direct EXISTS filter"
2026-09-12T21:21:08.682769Z DEBUG logical_optimizer: logical binding uses a legacy path reason="value-producing subquery lowering"
2026-09-12T21:21:08.683700Z DEBUG logical_optimizer: logical binding uses a legacy path reason="subquery outside a direct EXISTS filter"
2026-09-12T21:21:08.683825Z DEBUG logical_optimizer: logical binding uses a legacy path reason="value-producing subquery lowering"
2026-09-12T21:21:08.684579Z DEBUG logical_optimizer: logical binding uses a legacy path reason="value-producing subquery lowering"
2026-09-12T21:21:08.684711Z DEBUG logical_optimizer: logical binding uses a legacy path reason="value-producing subquery lowering"
2026-09-12T21:21:08.685343Z DEBUG logical_optimizer: logical binding uses a legacy path reason="value-producing subquery lowering"
2026-09-12T21:21:08.685479Z DEBUG logical_optimizer: logical binding uses a legacy path reason="value-producing subquery lowering"
2026-09-12T21:21:08.686384Z DEBUG logical_optimizer: logical binding uses a legacy path reason="value-producing subquery lowering"
2026-09-12T21:21:08.686519Z DEBUG logical_optimizer: logical binding uses a legacy path reason="value-producing subquery lowering"
2026-09-12T21:21:08.687567Z DEBUG logical_optimizer: logical binding uses a legacy path reason="value-producing subquery lowering"
2026-09-12T21:21:08.687714Z TRACE logical_optimizer: declined logical rule rule="PullDependentFilter" reason="anti_predicate_placement"
2026-09-12T21:21:08.687806Z TRACE logical_optimizer: declined logical rule rule="PullDependentFilterOverJoin" reason="right_input_shape"
2026-09-12T21:21:08.687900Z DEBUG logical_optimizer: applied=0 dependent_filters_pulled=0 remaining_dependencies=1 visited=6 exhausted=false
2026-09-12T21:21:08.688373Z DEBUG logical_optimizer: logical binding uses a legacy path reason="value-producing subquery lowering"
2026-09-12T21:21:08.688523Z TRACE logical_optimizer: declined logical rule rule="PullDependentFilter" reason="anti_predicate_placement"
2026-09-12T21:21:08.688610Z TRACE logical_optimizer: declined logical rule rule="PullDependentFilterOverJoin" reason="right_input_shape"
2026-09-12T21:21:08.688697Z DEBUG logical_optimizer: applied=0 dependent_filters_pulled=0 remaining_dependencies=1 visited=6 exhausted=false
2026-09-12T21:21:08.689031Z DEBUG logical_optimizer: logical binding uses a legacy path reason="value-producing subquery lowering"
2026-09-12T21:21:08.689169Z TRACE logical_optimizer: declined logical rule rule="PullDependentFilter" reason="anti_predicate_placement"
2026-09-12T21:21:08.689323Z TRACE logical_optimizer: declined logical rule rule="PullDependentFilterOverJoin" reason="right_input_shape"
2026-09-12T21:21:08.689405Z DEBUG logical_optimizer: applied=0 dependent_filters_pulled=0 remaining_dependencies=1 visited=6 exhausted=false
2026-09-12T21:21:08.690188Z DEBUG logical_optimizer: logical binding uses a legacy path reason="value-producing subquery lowering"
2026-09-12T21:21:08.690605Z DEBUG logical_optimizer: logical binding uses a legacy path reason="value-producing subquery lowering"
2026-09-12T21:21:08.691210Z DEBUG logical_optimizer: logical binding uses a legacy path reason="DISTINCT output mapping"
2026-09-12T21:21:08.691545Z DEBUG logical_optimizer: logical binding uses a legacy path reason="DISTINCT output mapping"
2026-09-12T21:21:08.691976Z DEBUG logical_optimizer: logical binding uses a legacy path reason="DISTINCT output mapping"
2026-09-12T21:21:08.692475Z DEBUG logical_optimizer: logical binding uses a legacy path reason="DISTINCT output mapping"
2026-09-12T21:21:08.693414Z DEBUG logical_optimizer: logical binding uses a legacy path reason="aggregate lowering"
2026-09-12T21:21:08.693555Z DEBUG logical_optimizer: logical binding uses a legacy path reason="value-producing subquery lowering"
2026-09-12T21:21:08.693677Z DEBUG logical_optimizer: logical binding uses a legacy path reason="aggregate lowering"
2026-09-12T21:21:08.694672Z DEBUG logical_optimizer: logical binding uses a legacy path reason="aggregate lowering"
2026-09-12T21:21:08.694801Z DEBUG logical_optimizer: logical binding uses a legacy path reason="value-producing subquery lowering"
2026-09-12T21:21:08.694917Z DEBUG logical_optimizer: logical binding uses a legacy path reason="aggregate lowering"
2026-09-12T21:21:08.697868Z DEBUG logical_optimizer: logical binding uses a legacy path reason="value-producing subquery lowering"
2026-09-12T21:21:08.698277Z DEBUG logical_optimizer: logical binding uses a legacy path reason="value-producing subquery lowering"
2026-09-12T21:21:08.698886Z DEBUG logical_optimizer: logical binding uses a legacy path reason="aggregate lowering"
2026-09-12T21:21:08.699399Z DEBUG logical_optimizer: logical binding uses a legacy path reason="aggregate lowering"
2026-09-12T21:21:08.699906Z DEBUG logical_optimizer: logical binding uses a legacy path reason="aggregate lowering"
2026-09-12T21:21:08.700452Z DEBUG logical_optimizer: logical binding uses a legacy path reason="aggregate lowering"
2026-09-12T21:21:08.701144Z TRACE logical_optimizer: applied logical rule rule="PullDependentFilter"
2026-09-12T21:21:08.701259Z DEBUG logical_optimizer: applied=1 dependent_filters_pulled=1 remaining_dependencies=0 visited=5 exhausted=false
2026-09-12T21:21:08.701613Z TRACE logical_optimizer: applied logical rule rule="PullDependentFilter"
2026-09-12T21:21:08.701711Z DEBUG logical_optimizer: applied=1 dependent_filters_pulled=1 remaining_dependencies=0 visited=5 exhausted=false
2026-09-12T21:21:08.702028Z TRACE logical_optimizer: applied logical rule rule="PullDependentFilter"
2026-09-12T21:21:08.702120Z DEBUG logical_optimizer: applied=1 dependent_filters_pulled=1 remaining_dependencies=0 visited=5 exhausted=false
2026-09-12T21:21:08.702587Z TRACE logical_optimizer: applied logical rule rule="PullDependentFilter"
2026-09-12T21:21:08.702682Z DEBUG logical_optimizer: applied=1 dependent_filters_pulled=1 remaining_dependencies=0 visited=5 exhausted=false
2026-09-12T21:21:08.703432Z DEBUG logical_optimizer: logical binding uses a legacy path reason="value-producing subquery lowering"
2026-09-12T21:21:08.703849Z DEBUG logical_optimizer: logical binding uses a legacy path reason="value-producing subquery lowering"
2026-09-12T21:21:08.707469Z TRACE logical_optimizer: applied logical rule rule="PullDependentFilter"
2026-09-12T21:21:08.707569Z DEBUG logical_optimizer: applied=1 dependent_filters_pulled=1 remaining_dependencies=0 visited=5 exhausted=false
2026-09-12T21:21:08.708038Z TRACE logical_optimizer: applied logical rule rule="PullDependentFilter"
2026-09-12T21:21:08.708188Z DEBUG logical_optimizer: applied=1 dependent_filters_pulled=1 remaining_dependencies=0 visited=5 exhausted=false
2026-09-12T21:21:08.708668Z TRACE logical_optimizer: applied logical rule rule="PullDependentFilter"
2026-09-12T21:21:08.708758Z DEBUG logical_optimizer: applied=1 dependent_filters_pulled=1 remaining_dependencies=0 visited=5 exhausted=false
2026-09-12T21:21:08.709413Z TRACE logical_optimizer: applied logical rule rule="PullDependentFilter"
2026-09-12T21:21:08.709517Z DEBUG logical_optimizer: applied=1 dependent_filters_pulled=1 remaining_dependencies=0 visited=5 exhausted=false
2026-09-12T21:21:08.712591Z TRACE logical_optimizer: applied logical rule rule="PullDependentFilter"
2026-09-12T21:21:08.712694Z DEBUG logical_optimizer: applied=1 dependent_filters_pulled=1 remaining_dependencies=0 visited=6 exhausted=false
2026-09-12T21:21:08.713081Z TRACE logical_optimizer: applied logical rule rule="PullDependentFilter"
2026-09-12T21:21:08.713188Z DEBUG logical_optimizer: applied=1 dependent_filters_pulled=1 remaining_dependencies=0 visited=6 exhausted=false
2026-09-12T21:21:08.713633Z DEBUG logical_optimizer: logical binding uses a legacy path reason="DISTINCT output mapping"
2026-09-12T21:21:08.713775Z TRACE logical_optimizer: applied logical rule rule="PullDependentFilter"
2026-09-12T21:21:08.713854Z TRACE logical_optimizer: applied logical rule rule="PullLeftFilter"
2026-09-12T21:21:08.713944Z DEBUG logical_optimizer: applied=2 dependent_filters_pulled=1 remaining_dependencies=0 visited=5 exhausted=false
2026-09-12T21:21:08.714589Z DEBUG logical_optimizer: logical binding uses a legacy path reason="DISTINCT output mapping"
2026-09-12T21:21:08.714725Z TRACE logical_optimizer: applied logical rule rule="PullDependentFilter"
2026-09-12T21:21:08.714803Z TRACE logical_optimizer: applied logical rule rule="PullLeftFilter"
2026-09-12T21:21:08.714889Z DEBUG logical_optimizer: applied=2 dependent_filters_pulled=1 remaining_dependencies=0 visited=5 exhausted=false
2026-09-12T21:21:08.715636Z TRACE logical_optimizer: declined logical rule rule="PullDependentFilter" reason="right_input_shape"
2026-09-12T21:21:08.715751Z TRACE logical_optimizer: applied logical rule rule="PullDependentFilterOverJoin"
2026-09-12T21:21:08.715835Z TRACE logical_optimizer: applied logical rule rule="MergeSelectInnerJoin"
2026-09-12T21:21:08.715926Z DEBUG logical_optimizer: applied=2 dependent_filters_pulled=1 remaining_dependencies=0 visited=10 exhausted=false
2026-09-12T21:21:08.716500Z TRACE logical_optimizer: declined logical rule rule="PullDependentFilter" reason="right_input_shape"
2026-09-12T21:21:08.716611Z TRACE logical_optimizer: applied logical rule rule="PullDependentFilterOverJoin"
2026-09-12T21:21:08.716697Z TRACE logical_optimizer: applied logical rule rule="MergeSelectInnerJoin"
2026-09-12T21:21:08.716812Z DEBUG logical_optimizer: applied=2 dependent_filters_pulled=1 remaining_dependencies=0 visited=10 exhausted=false
2026-09-12T21:21:08.717618Z TRACE logical_optimizer: declined logical rule rule="PullDependentFilter" reason="right_input_shape"
2026-09-12T21:21:08.717714Z TRACE logical_optimizer: applied logical rule rule="PullDependentFilterOverJoin"
2026-09-12T21:21:08.717792Z TRACE logical_optimizer: applied logical rule rule="MergeSelectInnerJoin"
2026-09-12T21:21:08.717941Z DEBUG logical_optimizer: applied=2 dependent_filters_pulled=1 remaining_dependencies=0 visited=10 exhausted=false
2026-09-12T21:21:08.718693Z TRACE logical_optimizer: declined logical rule rule="PullDependentFilter" reason="right_input_shape"
2026-09-12T21:21:08.718805Z TRACE logical_optimizer: applied logical rule rule="PullDependentFilterOverJoin"
2026-09-12T21:21:08.718891Z TRACE logical_optimizer: applied logical rule rule="MergeSelectInnerJoin"
2026-09-12T21:21:08.718980Z DEBUG logical_optimizer: applied=2 dependent_filters_pulled=1 remaining_dependencies=0 visited=10 exhausted=false
2026-09-12T21:21:08.720491Z TRACE logical_optimizer: applied logical rule rule="PullDependentFilter"
2026-09-12T21:21:08.720640Z DEBUG logical_optimizer: applied=1 dependent_filters_pulled=1 remaining_dependencies=0 visited=6 exhausted=false
2026-09-12T21:21:08.721002Z TRACE logical_optimizer: applied logical rule rule="PullDependentFilter"
2026-09-12T21:21:08.721097Z DEBUG logical_optimizer: applied=1 dependent_filters_pulled=1 remaining_dependencies=0 visited=6 exhausted=false
2026-09-12T21:21:08.721546Z DEBUG logical_optimizer: logical binding uses a legacy path reason="aggregate lowering"
2026-09-12T21:21:08.721981Z DEBUG logical_optimizer: logical binding uses a legacy path reason="aggregate lowering"
2026-09-12T21:21:08.722295Z DEBUG logical_optimizer: logical binding uses a legacy path reason="aggregate lowering"
2026-09-12T21:21:08.723198Z DEBUG logical_optimizer: logical binding uses a legacy path reason="value-producing subquery lowering"
2026-09-12T21:21:08.723818Z DEBUG logical_optimizer: logical binding uses a legacy path reason="value-producing subquery lowering"
2026-09-12T21:21:08.724573Z DEBUG logical_optimizer: logical binding uses a legacy path reason="aggregate lowering"
2026-09-12T21:21:08.724749Z DEBUG logical_optimizer: logical binding uses a legacy path reason="aggregate lowering"
2026-09-12T21:21:08.724867Z DEBUG logical_optimizer: logical binding uses a legacy path reason="aggregate lowering"
2026-09-12T21:21:08.726000Z DEBUG logical_optimizer: logical binding uses a legacy path reason="aggregate lowering"
2026-09-12T21:21:08.726166Z DEBUG logical_optimizer: logical binding uses a legacy path reason="aggregate lowering"
2026-09-12T21:21:08.726281Z DEBUG logical_optimizer: logical binding uses a legacy path reason="aggregate lowering"
2026-09-12T21:21:08.727796Z DEBUG logical_optimizer: logical binding uses a legacy path reason="aggregate lowering"
2026-09-12T21:21:08.727916Z DEBUG logical_optimizer: logical binding uses a legacy path reason="aggregate lowering"
2026-09-12T21:21:08.728410Z DEBUG logical_optimizer: logical binding uses a legacy path reason="aggregate lowering"
2026-09-12T21:21:08.728523Z DEBUG logical_optimizer: logical binding uses a legacy path reason="aggregate lowering"
2026-09-12T21:21:08.730031Z DEBUG logical_optimizer: logical binding uses a legacy path reason="scalar execution resource or subquery result"
2026-09-12T21:21:08.730422Z DEBUG logical_optimizer: logical binding uses a legacy path reason="scalar execution resource or subquery result"
2026-09-12T21:21:08.730962Z TRACE logical_optimizer: applied logical rule rule="PullDependentFilter"
2026-09-12T21:21:08.731067Z DEBUG logical_optimizer: applied=1 dependent_filters_pulled=1 remaining_dependencies=0 visited=5 exhausted=false
2026-09-12T21:21:08.731443Z TRACE logical_optimizer: applied logical rule rule="PullDependentFilter"
2026-09-12T21:21:08.731551Z DEBUG logical_optimizer: applied=1 dependent_filters_pulled=1 remaining_dependencies=0 visited=5 exhausted=false
2026-09-12T21:21:08.732013Z TRACE logical_optimizer: applied logical rule rule="PullDependentFilter"
2026-09-12T21:21:08.732111Z DEBUG logical_optimizer: applied=1 dependent_filters_pulled=1 remaining_dependencies=0 visited=5 exhausted=false
2026-09-12T21:21:08.732604Z TRACE logical_optimizer: applied logical rule rule="PullDependentFilter"
2026-09-12T21:21:08.732704Z DEBUG logical_optimizer: applied=1 dependent_filters_pulled=1 remaining_dependencies=0 visited=5 exhausted=false
2026-09-12T21:21:08.733664Z DEBUG logical_optimizer: logical binding uses a legacy path reason="DISTINCT output mapping"
2026-09-12T21:21:08.733788Z DEBUG logical_optimizer: logical binding uses a legacy path reason="value-producing subquery lowering"
2026-09-12T21:21:08.734290Z DEBUG logical_optimizer: logical binding uses a legacy path reason="DISTINCT output mapping"
2026-09-12T21:21:08.734419Z DEBUG logical_optimizer: logical binding uses a legacy path reason="value-producing subquery lowering"
2026-09-12T21:21:08.735025Z DEBUG logical_optimizer: logical binding uses a legacy path reason="DISTINCT output mapping"
2026-09-12T21:21:08.735143Z DEBUG logical_optimizer: logical binding uses a legacy path reason="value-producing subquery lowering"
2026-09-12T21:21:08.735990Z DEBUG logical_optimizer: logical binding uses a legacy path reason="DISTINCT output mapping"
2026-09-12T21:21:08.736103Z DEBUG logical_optimizer: logical binding uses a legacy path reason="value-producing subquery lowering"
2026-09-12T21:21:08.737332Z DEBUG logical_optimizer: logical binding uses a legacy path reason="value-producing subquery lowering"
2026-09-12T21:21:08.737459Z DEBUG logical_optimizer: logical binding uses a legacy path reason="aggregate lowering"
2026-09-12T21:21:08.738015Z DEBUG logical_optimizer: logical binding uses a legacy path reason="value-producing subquery lowering"
2026-09-12T21:21:08.738154Z DEBUG logical_optimizer: logical binding uses a legacy path reason="aggregate lowering"
2026-09-12T21:21:08.738957Z DEBUG logical_optimizer: logical binding uses a legacy path reason="value-producing subquery lowering"
2026-09-12T21:21:08.739074Z DEBUG logical_optimizer: logical binding uses a legacy path reason="aggregate lowering"
2026-09-12T21:21:08.739830Z DEBUG logical_optimizer: logical binding uses a legacy path reason="value-producing subquery lowering"
2026-09-12T21:21:08.739946Z DEBUG logical_optimizer: logical binding uses a legacy path reason="aggregate lowering"
2026-09-12T21:21:08.740955Z DEBUG logical_optimizer: logical binding uses a legacy path reason="aggregate lowering"
2026-09-12T21:21:08.741404Z DEBUG logical_optimizer: logical binding uses a legacy path reason="aggregate lowering"
2026-09-12T21:21:08.741758Z DEBUG logical_optimizer: logical binding uses a legacy path reason="aggregate lowering"
2026-09-12T21:21:08.742298Z DEBUG logical_optimizer: logical binding uses a legacy path reason="aggregate lowering"
2026-09-12T21:21:08.742853Z DEBUG logical_optimizer: logical binding uses a legacy path reason="aggregate lowering"
2026-09-12T21:21:08.743400Z DEBUG logical_optimizer: logical binding uses a legacy path reason="aggregate lowering"
2026-09-12T21:21:08.744191Z TRACE logical_optimizer: applied logical rule rule="MergeSelectInnerJoin"
2026-09-12T21:21:08.744288Z TRACE logical_optimizer: applied logical rule rule="PullDependentFilter"
2026-09-12T21:21:08.744387Z DEBUG logical_optimizer: applied=2 dependent_filters_pulled=1 remaining_dependencies=0 visited=7 exhausted=false
2026-09-12T21:21:08.745049Z TRACE logical_optimizer: applied logical rule rule="MergeSelectInnerJoin"
2026-09-12T21:21:08.745157Z TRACE logical_optimizer: applied logical rule rule="PullDependentFilter"
2026-09-12T21:21:08.745273Z DEBUG logical_optimizer: applied=2 dependent_filters_pulled=1 remaining_dependencies=0 visited=7 exhausted=false
2026-09-12T21:21:08.746615Z DEBUG logical_optimizer: logical binding uses a legacy path reason="aggregate lowering"
2026-09-12T21:21:08.746742Z DEBUG logical_optimizer: logical binding uses a legacy path reason="value-producing subquery lowering"
2026-09-12T21:21:08.747252Z DEBUG logical_optimizer: logical binding uses a legacy path reason="aggregate lowering"
2026-09-12T21:21:08.747375Z DEBUG logical_optimizer: logical binding uses a legacy path reason="value-producing subquery lowering"
2026-09-12T21:21:08.748124Z DEBUG logical_optimizer: logical binding uses a legacy path reason="aggregate lowering"
2026-09-12T21:21:08.748244Z DEBUG logical_optimizer: logical binding uses a legacy path reason="value-producing subquery lowering"
2026-09-12T21:21:08.749029Z DEBUG logical_optimizer: logical binding uses a legacy path reason="subquery outside a direct EXISTS filter"
2026-09-12T21:21:08.749475Z DEBUG logical_optimizer: logical binding uses a legacy path reason="subquery outside a direct EXISTS filter"
2026-09-12T21:21:08.750310Z DEBUG logical_optimizer: logical binding uses a legacy path reason="value-producing subquery lowering"
2026-09-12T21:21:08.750435Z DEBUG logical_optimizer: logical binding uses a legacy path reason="aggregate lowering"
2026-09-12T21:21:08.750617Z DEBUG logical_optimizer: logical binding uses a legacy path reason="aggregate lowering"
2026-09-12T21:21:08.750783Z DEBUG logical_optimizer: logical binding uses a legacy path reason="aggregate lowering"
2026-09-12T21:21:08.752119Z DEBUG logical_optimizer: logical binding uses a legacy path reason="value-producing subquery lowering"
2026-09-12T21:21:08.752293Z DEBUG logical_optimizer: logical binding uses a legacy path reason="aggregate lowering"
2026-09-12T21:21:08.752494Z DEBUG logical_optimizer: logical binding uses a legacy path reason="aggregate lowering"
2026-09-12T21:21:08.752611Z DEBUG logical_optimizer: logical binding uses a legacy path reason="aggregate lowering"
2026-09-12T21:21:08.754807Z DEBUG logical_optimizer: logical binding uses a legacy path reason="value-producing subquery lowering"
2026-09-12T21:21:08.754934Z DEBUG logical_optimizer: logical binding uses a legacy path reason="aggregate lowering"
2026-09-12T21:21:08.755124Z DEBUG logical_optimizer: logical binding uses a legacy path reason="aggregate lowering"
2026-09-12T21:21:08.755265Z DEBUG logical_optimizer: logical binding uses a legacy path reason="aggregate lowering"
2026-09-12T21:21:08.757072Z DEBUG logical_optimizer: logical binding uses a legacy path reason="value-producing subquery lowering"
2026-09-12T21:21:08.757199Z DEBUG logical_optimizer: logical binding uses a legacy path reason="aggregate lowering"
2026-09-12T21:21:08.757369Z DEBUG logical_optimizer: logical binding uses a legacy path reason="aggregate lowering"
2026-09-12T21:21:08.757483Z DEBUG logical_optimizer: logical binding uses a legacy path reason="aggregate lowering"
2026-09-12T21:21:08.759798Z DEBUG logical_optimizer: logical binding uses a legacy path reason="value-producing subquery lowering"
2026-09-12T21:21:08.760275Z DEBUG logical_optimizer: logical binding uses a legacy path reason="value-producing subquery lowering"
2026-09-12T21:21:08.760999Z DEBUG logical_optimizer: logical binding uses a legacy path reason="value-producing subquery lowering"
2026-09-12T21:21:08.761565Z DEBUG logical_optimizer: logical binding uses a legacy path reason="value-producing subquery lowering"
2026-09-12T21:21:08.763357Z DEBUG logical_optimizer: logical binding uses a legacy path reason="value-producing subquery lowering"
2026-09-12T21:21:08.763481Z DEBUG logical_optimizer: logical binding uses a legacy path reason="aggregate lowering"
2026-09-12T21:21:08.764268Z DEBUG logical_optimizer: logical binding uses a legacy path reason="value-producing subquery lowering"
2026-09-12T21:21:08.764394Z DEBUG logical_optimizer: logical binding uses a legacy path reason="aggregate lowering"
2026-09-12T21:21:08.765746Z TRACE logical_optimizer: declined logical rule rule="PullDependentFilter" reason="right_input_shape"
2026-09-12T21:21:08.765860Z TRACE logical_optimizer: applied logical rule rule="PullDependentFilterOverJoin"
2026-09-12T21:21:08.765943Z TRACE logical_optimizer: applied logical rule rule="MergeSelectInnerJoin"
2026-09-12T21:21:08.766050Z DEBUG logical_optimizer: applied=2 dependent_filters_pulled=1 remaining_dependencies=0 visited=10 exhausted=false
2026-09-12T21:21:08.766657Z TRACE logical_optimizer: declined logical rule rule="PullDependentFilter" reason="right_input_shape"
2026-09-12T21:21:08.766767Z TRACE logical_optimizer: applied logical rule rule="PullDependentFilterOverJoin"
2026-09-12T21:21:08.766847Z TRACE logical_optimizer: applied logical rule rule="MergeSelectInnerJoin"
2026-09-12T21:21:08.766937Z DEBUG logical_optimizer: applied=2 dependent_filters_pulled=1 remaining_dependencies=0 visited=10 exhausted=false
2026-09-12T21:21:08.769041Z TRACE logical_optimizer: declined logical rule rule="PullDependentFilter" reason="right_input_shape"
2026-09-12T21:21:08.769146Z TRACE logical_optimizer: applied logical rule rule="PullDependentFilterOverJoin"
2026-09-12T21:21:08.769238Z TRACE logical_optimizer: applied logical rule rule="MergeSelectInnerJoin"
2026-09-12T21:21:08.769331Z DEBUG logical_optimizer: applied=2 dependent_filters_pulled=1 remaining_dependencies=0 visited=10 exhausted=false
2026-09-12T21:21:08.770168Z TRACE logical_optimizer: declined logical rule rule="PullDependentFilter" reason="right_input_shape"
2026-09-12T21:21:08.770365Z TRACE logical_optimizer: applied logical rule rule="PullDependentFilterOverJoin"
2026-09-12T21:21:08.770454Z TRACE logical_optimizer: applied logical rule rule="MergeSelectInnerJoin"
2026-09-12T21:21:08.770546Z DEBUG logical_optimizer: applied=2 dependent_filters_pulled=1 remaining_dependencies=0 visited=10 exhausted=false
2026-09-12T21:21:08.776716Z DEBUG logical_optimizer: logical binding uses a legacy path reason="value-producing subquery lowering"
2026-09-12T21:21:08.777265Z DEBUG logical_optimizer: logical binding uses a legacy path reason="value-producing subquery lowering"
2026-09-12T21:21:08.778200Z DEBUG logical_optimizer: logical binding uses a legacy path reason="value-producing subquery lowering"
2026-09-12T21:21:08.778924Z DEBUG logical_optimizer: logical binding uses a legacy path reason="value-producing subquery lowering"
2026-09-12T21:21:08.780676Z DEBUG logical_optimizer: logical binding uses a legacy path reason="value-producing subquery lowering"
2026-09-12T21:21:08.781014Z DEBUG logical_optimizer: logical binding uses a legacy path reason="value-producing subquery lowering"
2026-09-12T21:21:08.781371Z DEBUG logical_optimizer: logical binding uses a legacy path reason="value-producing subquery lowering"
2026-09-12T21:21:08.781967Z DEBUG logical_optimizer: logical binding uses a legacy path reason="DISTINCT output mapping"
2026-09-12T21:21:08.782089Z DEBUG logical_optimizer: logical binding uses a legacy path reason="value-producing subquery lowering"
2026-09-12T21:21:08.782585Z DEBUG logical_optimizer: logical binding uses a legacy path reason="DISTINCT output mapping"
2026-09-12T21:21:08.782701Z DEBUG logical_optimizer: logical binding uses a legacy path reason="value-producing subquery lowering"
2026-09-12T21:21:08.783335Z DEBUG logical_optimizer: logical binding uses a legacy path reason="DISTINCT output mapping"
2026-09-12T21:21:08.783450Z DEBUG logical_optimizer: logical binding uses a legacy path reason="value-producing subquery lowering"
2026-09-12T21:21:08.794654Z DEBUG logical_optimizer: logical binding uses a legacy path reason="subquery outside a direct EXISTS filter"
2026-09-12T21:21:08.794823Z TRACE logical_optimizer: declined logical rule rule="PullDependentFilter" reason="right_input_shape"
2026-09-12T21:21:08.794889Z TRACE logical_optimizer: declined logical rule rule="PullDependentFilter" reason="right_input_shape"
2026-09-12T21:21:08.794955Z TRACE logical_optimizer: applied logical rule rule="PullDependentFilter"
2026-09-12T21:21:08.795012Z TRACE logical_optimizer: applied logical rule rule="PullLeftFilter"
2026-09-12T21:21:08.795069Z TRACE logical_optimizer: declined logical rule rule="PullDependentFilter" reason="right_input_shape"
2026-09-12T21:21:08.795145Z TRACE logical_optimizer: applied logical rule rule="PullDependentFilterOverJoin"
2026-09-12T21:21:08.795201Z TRACE logical_optimizer: applied logical rule rule="PullLeftFilter"
2026-09-12T21:21:08.795251Z TRACE logical_optimizer: declined logical rule rule="PullDependentFilter" reason="right_input_shape"
2026-09-12T21:21:08.795321Z TRACE logical_optimizer: applied logical rule rule="PullDependentFilterOverJoin"
2026-09-12T21:21:08.795372Z TRACE logical_optimizer: applied logical rule rule="PullLeftFilter"
2026-09-12T21:21:08.795436Z DEBUG logical_optimizer: applied=6 dependent_filters_pulled=3 remaining_dependencies=0 visited=12 exhausted=false
2026-09-12T21:21:08.795559Z TRACE logical_optimizer: declined logical rule rule="PullDependentFilter" reason="right_input_shape"
2026-09-12T21:21:08.795614Z TRACE logical_optimizer: applied logical rule rule="PullDependentFilter"
2026-09-12T21:21:08.795664Z TRACE logical_optimizer: applied logical rule rule="PullLeftFilter"
2026-09-12T21:21:08.795714Z TRACE logical_optimizer: declined logical rule rule="PullDependentFilter" reason="right_input_shape"
2026-09-12T21:21:08.795775Z TRACE logical_optimizer: applied logical rule rule="PullDependentFilterOverJoin"
2026-09-12T21:21:08.795825Z TRACE logical_optimizer: applied logical rule rule="PullLeftFilter"
2026-09-12T21:21:08.795910Z DEBUG logical_optimizer: applied=4 dependent_filters_pulled=2 remaining_dependencies=0 visited=9 exhausted=false
2026-09-12T21:21:08.796056Z TRACE logical_optimizer: applied logical rule rule="PullDependentFilter"
2026-09-12T21:21:08.796167Z TRACE logical_optimizer: applied logical rule rule="PullLeftFilter"
2026-09-12T21:21:08.796258Z DEBUG logical_optimizer: applied=2 dependent_filters_pulled=1 remaining_dependencies=0 visited=6 exhausted=false
2026-09-12T21:21:08.797249Z DEBUG logical_optimizer: logical binding uses a legacy path reason="subquery outside a direct EXISTS filter"
2026-09-12T21:21:08.797388Z TRACE logical_optimizer: declined logical rule rule="PullDependentFilter" reason="right_input_shape"
2026-09-12T21:21:08.797443Z TRACE logical_optimizer: declined logical rule rule="PullDependentFilter" reason="right_input_shape"
2026-09-12T21:21:08.797499Z TRACE logical_optimizer: applied logical rule rule="PullDependentFilter"
2026-09-12T21:21:08.797551Z TRACE logical_optimizer: applied logical rule rule="PullLeftFilter"
2026-09-12T21:21:08.797605Z TRACE logical_optimizer: declined logical rule rule="PullDependentFilter" reason="right_input_shape"
2026-09-12T21:21:08.797673Z TRACE logical_optimizer: applied logical rule rule="PullDependentFilterOverJoin"
2026-09-12T21:21:08.797725Z TRACE logical_optimizer: applied logical rule rule="PullLeftFilter"
2026-09-12T21:21:08.797775Z TRACE logical_optimizer: declined logical rule rule="PullDependentFilter" reason="right_input_shape"
2026-09-12T21:21:08.797844Z TRACE logical_optimizer: applied logical rule rule="PullDependentFilterOverJoin"
2026-09-12T21:21:08.797895Z TRACE logical_optimizer: applied logical rule rule="PullLeftFilter"
2026-09-12T21:21:08.797960Z DEBUG logical_optimizer: applied=6 dependent_filters_pulled=3 remaining_dependencies=0 visited=12 exhausted=false
2026-09-12T21:21:08.798089Z TRACE logical_optimizer: declined logical rule rule="PullDependentFilter" reason="right_input_shape"
2026-09-12T21:21:08.798144Z TRACE logical_optimizer: applied logical rule rule="PullDependentFilter"
2026-09-12T21:21:08.798199Z TRACE logical_optimizer: applied logical rule rule="PullLeftFilter"
2026-09-12T21:21:08.798249Z TRACE logical_optimizer: declined logical rule rule="PullDependentFilter" reason="right_input_shape"
2026-09-12T21:21:08.798311Z TRACE logical_optimizer: applied logical rule rule="PullDependentFilterOverJoin"
2026-09-12T21:21:08.798361Z TRACE logical_optimizer: applied logical rule rule="PullLeftFilter"
2026-09-12T21:21:08.798421Z DEBUG logical_optimizer: applied=4 dependent_filters_pulled=2 remaining_dependencies=0 visited=9 exhausted=false
2026-09-12T21:21:08.798532Z TRACE logical_optimizer: applied logical rule rule="PullDependentFilter"
2026-09-12T21:21:08.798583Z TRACE logical_optimizer: applied logical rule rule="PullLeftFilter"
2026-09-12T21:21:08.798639Z DEBUG logical_optimizer: applied=2 dependent_filters_pulled=1 remaining_dependencies=0 visited=6 exhausted=false
2026-09-12T21:21:08.800280Z DEBUG logical_optimizer: logical binding uses a legacy path reason="value-producing subquery lowering"
2026-09-12T21:21:08.800667Z DEBUG logical_optimizer: logical binding uses a legacy path reason="value-producing subquery lowering"
2026-09-12T21:21:08.801540Z DEBUG logical_optimizer: logical binding uses a legacy path reason="DISTINCT output mapping"
2026-09-12T21:21:08.801667Z DEBUG logical_optimizer: logical binding uses a legacy path reason="aggregate lowering"
2026-09-12T21:21:08.801790Z DEBUG logical_optimizer: logical binding uses a legacy path reason="aggregate lowering"
2026-09-12T21:21:08.802491Z DEBUG logical_optimizer: logical binding uses a legacy path reason="DISTINCT output mapping"
2026-09-12T21:21:08.802623Z DEBUG logical_optimizer: logical binding uses a legacy path reason="aggregate lowering"
2026-09-12T21:21:08.802740Z DEBUG logical_optimizer: logical binding uses a legacy path reason="aggregate lowering"
2026-09-12T21:21:08.803293Z DEBUG logical_optimizer: logical binding uses a legacy path reason="DISTINCT output mapping"
2026-09-12T21:21:08.803472Z DEBUG logical_optimizer: logical binding uses a legacy path reason="aggregate lowering"
2026-09-12T21:21:08.803588Z DEBUG logical_optimizer: logical binding uses a legacy path reason="aggregate lowering"
2026-09-12T21:21:08.804590Z TRACE logical_optimizer: declined logical rule rule="PullDependentFilter" reason="right_input_shape"
2026-09-12T21:21:08.804695Z TRACE logical_optimizer: applied logical rule rule="PullDependentFilterOverJoin"
2026-09-12T21:21:08.804778Z TRACE logical_optimizer: applied logical rule rule="MergeSelectInnerJoin"
2026-09-12T21:21:08.804870Z DEBUG logical_optimizer: applied=2 dependent_filters_pulled=1 remaining_dependencies=0 visited=10 exhausted=false
2026-09-12T21:21:08.805460Z TRACE logical_optimizer: declined logical rule rule="PullDependentFilter" reason="right_input_shape"
2026-09-12T21:21:08.805564Z TRACE logical_optimizer: applied logical rule rule="PullDependentFilterOverJoin"
2026-09-12T21:21:08.805646Z TRACE logical_optimizer: applied logical rule rule="MergeSelectInnerJoin"
2026-09-12T21:21:08.805736Z DEBUG logical_optimizer: applied=2 dependent_filters_pulled=1 remaining_dependencies=0 visited=10 exhausted=false
2026-09-12T21:21:08.806334Z TRACE logical_optimizer: declined logical rule rule="PullDependentFilter" reason="right_input_shape"
2026-09-12T21:21:08.806431Z TRACE logical_optimizer: applied logical rule rule="PullDependentFilterOverJoin"
2026-09-12T21:21:08.806511Z TRACE logical_optimizer: applied logical rule rule="MergeSelectInnerJoin"
2026-09-12T21:21:08.806598Z DEBUG logical_optimizer: applied=2 dependent_filters_pulled=1 remaining_dependencies=0 visited=10 exhausted=false
2026-09-12T21:21:08.807321Z TRACE logical_optimizer: declined logical rule rule="PullDependentFilter" reason="right_input_shape"
2026-09-12T21:21:08.807478Z TRACE logical_optimizer: applied logical rule rule="PullDependentFilterOverJoin"
2026-09-12T21:21:08.807570Z TRACE logical_optimizer: applied logical rule rule="MergeSelectInnerJoin"
2026-09-12T21:21:08.807680Z DEBUG logical_optimizer: applied=2 dependent_filters_pulled=1 remaining_dependencies=0 visited=10 exhausted=false
2026-09-12T21:21:08.808920Z DEBUG logical_optimizer: logical binding uses a legacy path reason="aggregate lowering"
2026-09-12T21:21:08.809075Z TRACE logical_optimizer: applied logical rule rule="PullDependentFilter"
2026-09-12T21:21:08.809158Z TRACE logical_optimizer: applied logical rule rule="PullLeftFilter"
2026-09-12T21:21:08.809246Z DEBUG logical_optimizer: applied=2 dependent_filters_pulled=1 remaining_dependencies=0 visited=5 exhausted=false
2026-09-12T21:21:08.809793Z DEBUG logical_optimizer: logical binding uses a legacy path reason="aggregate lowering"
2026-09-12T21:21:08.809938Z TRACE logical_optimizer: applied logical rule rule="PullDependentFilter"
2026-09-12T21:21:08.810016Z TRACE logical_optimizer: applied logical rule rule="PullLeftFilter"
2026-09-12T21:21:08.810100Z DEBUG logical_optimizer: applied=2 dependent_filters_pulled=1 remaining_dependencies=0 visited=5 exhausted=false
2026-09-12T21:21:08.812874Z TRACE logical_optimizer: applied logical rule rule="PullDependentFilter"
2026-09-12T21:21:08.812978Z DEBUG logical_optimizer: applied=1 dependent_filters_pulled=1 remaining_dependencies=0 visited=6 exhausted=false
2026-09-12T21:21:08.813338Z TRACE logical_optimizer: applied logical rule rule="PullDependentFilter"
2026-09-12T21:21:08.813432Z DEBUG logical_optimizer: applied=1 dependent_filters_pulled=1 remaining_dependencies=0 visited=6 exhausted=false
2026-09-12T21:21:08.813965Z DEBUG logical_optimizer: logical binding uses a legacy path reason="value-producing subquery lowering"
2026-09-12T21:21:08.814108Z DEBUG logical_optimizer: logical binding uses a legacy path reason="aggregate lowering"
2026-09-12T21:21:08.814616Z DEBUG logical_optimizer: logical binding uses a legacy path reason="value-producing subquery lowering"
2026-09-12T21:21:08.814754Z DEBUG logical_optimizer: logical binding uses a legacy path reason="aggregate lowering"
2026-09-12T21:21:08.815259Z DEBUG logical_optimizer: logical binding uses a legacy path reason="value-producing subquery lowering"
2026-09-12T21:21:08.815398Z DEBUG logical_optimizer: logical binding uses a legacy path reason="aggregate lowering"
2026-09-12T21:21:08.817661Z DEBUG logical_optimizer: logical binding uses a legacy path reason="aggregate lowering"
2026-09-12T21:21:08.817771Z DEBUG logical_optimizer: logical binding uses a legacy path reason="aggregate lowering"
2026-09-12T21:21:08.817877Z DEBUG logical_optimizer: logical binding uses a legacy path reason="value-producing subquery lowering"
2026-09-12T21:21:08.818627Z DEBUG logical_optimizer: logical binding uses a legacy path reason="aggregate lowering"
2026-09-12T21:21:08.818736Z DEBUG logical_optimizer: logical binding uses a legacy path reason="aggregate lowering"
2026-09-12T21:21:08.818840Z DEBUG logical_optimizer: logical binding uses a legacy path reason="value-producing subquery lowering"
2026-09-12T21:21:08.819401Z DEBUG logical_optimizer: logical binding uses a legacy path reason="value-producing subquery lowering"
2026-09-12T21:21:08.819771Z DEBUG logical_optimizer: logical binding uses a legacy path reason="value-producing subquery lowering"
2026-09-12T21:21:08.820255Z DEBUG logical_optimizer: logical binding uses a legacy path reason="value-producing subquery lowering"
2026-09-12T21:21:08.820364Z DEBUG logical_optimizer: logical binding uses a legacy path reason="value-producing subquery lowering"
2026-09-12T21:21:08.820907Z DEBUG logical_optimizer: logical binding uses a legacy path reason="value-producing subquery lowering"
2026-09-12T21:21:08.821021Z DEBUG logical_optimizer: logical binding uses a legacy path reason="value-producing subquery lowering"
2026-09-12T21:21:08.824015Z DEBUG logical_optimizer: logical binding uses a legacy path reason="aggregate lowering"
2026-09-12T21:21:08.824512Z DEBUG logical_optimizer: logical binding uses a legacy path reason="aggregate lowering"
2026-09-12T21:21:08.825057Z DEBUG logical_optimizer: logical binding uses a legacy path reason="value-producing subquery lowering"
2026-09-12T21:21:08.825173Z DEBUG logical_optimizer: logical binding uses a legacy path reason="aggregate lowering"
2026-09-12T21:21:08.825296Z DEBUG logical_optimizer: logical binding uses a legacy path reason="aggregate lowering"
2026-09-12T21:21:08.825871Z DEBUG logical_optimizer: logical binding uses a legacy path reason="value-producing subquery lowering"
2026-09-12T21:21:08.825991Z DEBUG logical_optimizer: logical binding uses a legacy path reason="aggregate lowering"
2026-09-12T21:21:08.826103Z DEBUG logical_optimizer: logical binding uses a legacy path reason="aggregate lowering"
2026-09-12T21:21:08.830627Z DEBUG logical_optimizer: logical binding uses a legacy path reason="aggregate lowering"
2026-09-12T21:21:08.831184Z DEBUG logical_optimizer: logical binding uses a legacy path reason="aggregate lowering"
2026-09-12T21:21:08.831644Z DEBUG logical_optimizer: logical binding uses a legacy path reason="aggregate lowering"
2026-09-12T21:21:08.832151Z DEBUG logical_optimizer: logical binding uses a legacy path reason="aggregate lowering"
2026-09-12T21:21:08.832602Z DEBUG logical_optimizer: logical binding uses a legacy path reason="aggregate lowering"
2026-09-12T21:21:08.833326Z DEBUG logical_optimizer: logical binding uses a legacy path reason="aggregate lowering"
2026-09-12T21:21:08.840783Z DEBUG logical_optimizer: logical binding uses a legacy path reason="DISTINCT output mapping"
2026-09-12T21:21:08.841499Z DEBUG logical_optimizer: logical binding uses a legacy path reason="DISTINCT output mapping"
2026-09-12T21:21:08.843266Z TRACE logical_optimizer: declined logical rule rule="PullDependentFilter" reason="right_input_shape"
2026-09-12T21:21:08.843362Z TRACE logical_optimizer: applied logical rule rule="PullDependentFilterOverJoin"
2026-09-12T21:21:08.843419Z TRACE logical_optimizer: applied logical rule rule="MergeSelectInnerJoin"
2026-09-12T21:21:08.843488Z DEBUG logical_optimizer: applied=2 dependent_filters_pulled=1 remaining_dependencies=0 visited=10 exhausted=false
2026-09-12T21:21:08.844001Z TRACE logical_optimizer: declined logical rule rule="PullDependentFilter" reason="right_input_shape"
2026-09-12T21:21:08.844084Z TRACE logical_optimizer: applied logical rule rule="PullDependentFilterOverJoin"
2026-09-12T21:21:08.844140Z TRACE logical_optimizer: applied logical rule rule="MergeSelectInnerJoin"
2026-09-12T21:21:08.844204Z DEBUG logical_optimizer: applied=2 dependent_filters_pulled=1 remaining_dependencies=0 visited=10 exhausted=false
2026-09-12T21:21:08.844640Z TRACE logical_optimizer: declined logical rule rule="PullDependentFilter" reason="right_input_shape"
2026-09-12T21:21:08.844707Z TRACE logical_optimizer: applied logical rule rule="PullDependentFilterOverJoin"
2026-09-12T21:21:08.844759Z TRACE logical_optimizer: applied logical rule rule="MergeSelectInnerJoin"
2026-09-12T21:21:08.844819Z DEBUG logical_optimizer: applied=2 dependent_filters_pulled=1 remaining_dependencies=0 visited=10 exhausted=false
2026-09-12T21:21:08.845634Z TRACE logical_optimizer: declined logical rule rule="PullDependentFilter" reason="right_input_shape"
2026-09-12T21:21:08.845713Z TRACE logical_optimizer: applied logical rule rule="PullDependentFilterOverJoin"
2026-09-12T21:21:08.845767Z TRACE logical_optimizer: applied logical rule rule="MergeSelectInnerJoin"
2026-09-12T21:21:08.845832Z DEBUG logical_optimizer: applied=2 dependent_filters_pulled=1 remaining_dependencies=0 visited=10 exhausted=false
2026-09-12T21:21:08.846716Z DEBUG logical_optimizer: logical binding uses a legacy path reason="DISTINCT output mapping"
2026-09-12T21:21:08.847112Z DEBUG logical_optimizer: logical binding uses a legacy path reason="DISTINCT output mapping"
2026-09-12T21:21:08.847443Z DEBUG logical_optimizer: logical binding uses a legacy path reason="DISTINCT output mapping"
2026-09-12T21:21:08.847977Z DEBUG logical_optimizer: logical binding uses a legacy path reason="DISTINCT output mapping"
2026-09-12T21:21:08.848415Z TRACE logical_optimizer: applied logical rule rule="PullDependentFilter"
2026-09-12T21:21:08.848496Z DEBUG logical_optimizer: applied=1 dependent_filters_pulled=1 remaining_dependencies=0 visited=5 exhausted=false
2026-09-12T21:21:08.848886Z TRACE logical_optimizer: applied logical rule rule="PullDependentFilter"
2026-09-12T21:21:08.848975Z DEBUG logical_optimizer: applied=1 dependent_filters_pulled=1 remaining_dependencies=0 visited=5 exhausted=false
2026-09-12T21:21:08.849400Z TRACE logical_optimizer: applied logical rule rule="PullDependentFilter"
2026-09-12T21:21:08.849486Z DEBUG logical_optimizer: applied=1 dependent_filters_pulled=1 remaining_dependencies=0 visited=5 exhausted=false
2026-09-12T21:21:08.850014Z TRACE logical_optimizer: applied logical rule rule="PullDependentFilter"
2026-09-12T21:21:08.850091Z DEBUG logical_optimizer: applied=1 dependent_filters_pulled=1 remaining_dependencies=0 visited=5 exhausted=false
2026-09-12T21:21:08.851095Z DEBUG logical_optimizer: logical binding uses a legacy path reason="value-producing subquery lowering"
2026-09-12T21:21:08.851226Z DEBUG logical_optimizer: logical binding uses a legacy path reason="value-producing subquery lowering"
2026-09-12T21:21:08.851442Z DEBUG logical_optimizer: logical binding uses a legacy path reason="value-producing subquery lowering"
2026-09-12T21:21:08.852580Z DEBUG logical_optimizer: logical binding uses a legacy path reason="value-producing subquery lowering"
2026-09-12T21:21:08.852689Z DEBUG logical_optimizer: logical binding uses a legacy path reason="value-producing subquery lowering"
2026-09-12T21:21:08.852856Z DEBUG logical_optimizer: logical binding uses a legacy path reason="value-producing subquery lowering"
2026-09-12T21:21:08.854437Z TRACE logical_optimizer: applied logical rule rule="PullDependentFilter"
2026-09-12T21:21:08.854505Z DEBUG logical_optimizer: applied=1 dependent_filters_pulled=1 remaining_dependencies=0 visited=5 exhausted=false
2026-09-12T21:21:08.854871Z TRACE logical_optimizer: applied logical rule rule="PullDependentFilter"
2026-09-12T21:21:08.854958Z DEBUG logical_optimizer: applied=1 dependent_filters_pulled=1 remaining_dependencies=0 visited=5 exhausted=false
2026-09-12T21:21:08.855476Z TRACE logical_optimizer: applied logical rule rule="PullDependentFilter"
2026-09-12T21:21:08.855594Z DEBUG logical_optimizer: applied=1 dependent_filters_pulled=1 remaining_dependencies=0 visited=5 exhausted=false
2026-09-12T21:21:08.856084Z TRACE logical_optimizer: applied logical rule rule="PullDependentFilter"
2026-09-12T21:21:08.856184Z DEBUG logical_optimizer: applied=1 dependent_filters_pulled=1 remaining_dependencies=0 visited=5 exhausted=false
2026-09-12T21:21:08.857240Z DEBUG logical_optimizer: logical binding uses a legacy path reason="aggregate lowering"
2026-09-12T21:21:08.857663Z DEBUG logical_optimizer: logical binding uses a legacy path reason="aggregate lowering"
2026-09-12T21:21:08.863726Z TRACE logical_optimizer: applied logical rule rule="PullDependentFilter"
2026-09-12T21:21:08.863851Z DEBUG logical_optimizer: applied=1 dependent_filters_pulled=1 remaining_dependencies=0 visited=5 exhausted=false
2026-09-12T21:21:08.864290Z TRACE logical_optimizer: applied logical rule rule="PullDependentFilter"
2026-09-12T21:21:08.864369Z DEBUG logical_optimizer: applied=1 dependent_filters_pulled=1 remaining_dependencies=0 visited=5 exhausted=false
2026-09-12T21:21:08.864737Z TRACE logical_optimizer: applied logical rule rule="PullDependentFilter"
2026-09-12T21:21:08.864799Z DEBUG logical_optimizer: applied=1 dependent_filters_pulled=1 remaining_dependencies=0 visited=5 exhausted=false
2026-09-12T21:21:08.865281Z TRACE logical_optimizer: applied logical rule rule="PullDependentFilter"
2026-09-12T21:21:08.865374Z DEBUG logical_optimizer: applied=1 dependent_filters_pulled=1 remaining_dependencies=0 visited=5 exhausted=false
2026-09-12T21:21:08.866173Z DEBUG logical_optimizer: logical binding uses a legacy path reason="DISTINCT output mapping"
2026-09-12T21:21:08.866549Z DEBUG logical_optimizer: logical binding uses a legacy path reason="DISTINCT output mapping"
2026-09-12T21:21:08.866972Z DEBUG logical_optimizer: logical binding uses a legacy path reason="DISTINCT output mapping"
2026-09-12T21:21:08.867446Z DEBUG logical_optimizer: logical binding uses a legacy path reason="DISTINCT output mapping"
2026-09-12T21:21:08.868447Z DEBUG logical_optimizer: logical binding uses a legacy path reason="value-producing subquery lowering"
2026-09-12T21:21:08.868653Z DEBUG logical_optimizer: logical binding uses a legacy path reason="value-producing subquery lowering"
2026-09-12T21:21:08.868747Z DEBUG logical_optimizer: logical binding uses a legacy path reason="aggregate lowering"
2026-09-12T21:21:08.868831Z DEBUG logical_optimizer: logical binding uses a legacy path reason="aggregate lowering"
2026-09-12T21:21:08.869135Z DEBUG logical_optimizer: logical binding uses a legacy path reason="value-producing subquery lowering"
2026-09-12T21:21:08.869259Z DEBUG logical_optimizer: logical binding uses a legacy path reason="aggregate lowering"
2026-09-12T21:21:08.869344Z DEBUG logical_optimizer: logical binding uses a legacy path reason="aggregate lowering"
2026-09-12T21:21:08.870448Z DEBUG logical_optimizer: logical binding uses a legacy path reason="value-producing subquery lowering"
2026-09-12T21:21:08.870636Z DEBUG logical_optimizer: logical binding uses a legacy path reason="value-producing subquery lowering"
2026-09-12T21:21:08.870793Z DEBUG logical_optimizer: logical binding uses a legacy path reason="aggregate lowering"
2026-09-12T21:21:08.870915Z DEBUG logical_optimizer: logical binding uses a legacy path reason="aggregate lowering"
2026-09-12T21:21:08.871286Z DEBUG logical_optimizer: logical binding uses a legacy path reason="value-producing subquery lowering"
2026-09-12T21:21:08.871414Z DEBUG logical_optimizer: logical binding uses a legacy path reason="aggregate lowering"
2026-09-12T21:21:08.871506Z DEBUG logical_optimizer: logical binding uses a legacy path reason="aggregate lowering"
2026-09-12T21:21:08.872545Z DEBUG logical_optimizer: logical binding uses a legacy path reason="value-producing subquery lowering"
2026-09-12T21:21:08.872809Z DEBUG logical_optimizer: logical binding uses a legacy path reason="value-producing subquery lowering"
2026-09-12T21:21:08.872941Z DEBUG logical_optimizer: logical binding uses a legacy path reason="aggregate lowering"
2026-09-12T21:21:08.873063Z DEBUG logical_optimizer: logical binding uses a legacy path reason="aggregate lowering"
2026-09-12T21:21:08.874690Z DEBUG logical_optimizer: logical binding uses a legacy path reason="value-producing subquery lowering"
2026-09-12T21:21:08.874911Z DEBUG logical_optimizer: logical binding uses a legacy path reason="value-producing subquery lowering"
2026-09-12T21:21:08.875046Z DEBUG logical_optimizer: logical binding uses a legacy path reason="aggregate lowering"
2026-09-12T21:21:08.875195Z DEBUG logical_optimizer: logical binding uses a legacy path reason="aggregate lowering"
2026-09-12T21:21:08.876415Z DEBUG logical_optimizer: logical binding uses a legacy path reason="aggregate lowering"
2026-09-12T21:21:08.876534Z DEBUG logical_optimizer: logical binding uses a legacy path reason="aggregate lowering"
2026-09-12T21:21:08.876651Z DEBUG logical_optimizer: logical binding uses a legacy path reason="value-producing subquery lowering"
2026-09-12T21:21:08.877332Z DEBUG logical_optimizer: logical binding uses a legacy path reason="aggregate lowering"
2026-09-12T21:21:08.877445Z DEBUG logical_optimizer: logical binding uses a legacy path reason="aggregate lowering"
2026-09-12T21:21:08.877560Z DEBUG logical_optimizer: logical binding uses a legacy path reason="value-producing subquery lowering"
2026-09-12T21:21:08.878135Z DEBUG logical_optimizer: logical binding uses a legacy path reason="aggregate lowering"
2026-09-12T21:21:08.878517Z DEBUG logical_optimizer: logical binding uses a legacy path reason="aggregate lowering"
2026-09-12T21:21:08.878939Z TRACE logical_optimizer: applied logical rule rule="PullDependentFilter"
2026-09-12T21:21:08.879034Z DEBUG logical_optimizer: applied=1 dependent_filters_pulled=1 remaining_dependencies=0 visited=5 exhausted=false
2026-09-12T21:21:08.879451Z TRACE logical_optimizer: applied logical rule rule="PullDependentFilter"
2026-09-12T21:21:08.879550Z DEBUG logical_optimizer: applied=1 dependent_filters_pulled=1 remaining_dependencies=0 visited=5 exhausted=false
2026-09-12T21:21:08.880006Z TRACE logical_optimizer: applied logical rule rule="PullDependentFilter"
2026-09-12T21:21:08.880096Z DEBUG logical_optimizer: applied=1 dependent_filters_pulled=1 remaining_dependencies=0 visited=5 exhausted=false
2026-09-12T21:21:08.880585Z TRACE logical_optimizer: applied logical rule rule="PullDependentFilter"
2026-09-12T21:21:08.880680Z DEBUG logical_optimizer: applied=1 dependent_filters_pulled=1 remaining_dependencies=0 visited=5 exhausted=false
2026-09-12T21:21:08.881839Z DEBUG logical_optimizer: logical binding uses a legacy path reason="value-producing subquery lowering"
2026-09-12T21:21:08.882372Z DEBUG logical_optimizer: logical binding uses a legacy path reason="value-producing subquery lowering"
2026-09-12T21:21:08.883085Z DEBUG logical_optimizer: logical binding uses a legacy path reason="value-producing subquery lowering"
2026-09-12T21:21:08.883721Z DEBUG logical_optimizer: logical binding uses a legacy path reason="value-producing subquery lowering"
2026-09-12T21:21:08.884795Z DEBUG logical_optimizer: logical binding uses a legacy path reason="value-producing subquery lowering"
2026-09-12T21:21:08.884907Z DEBUG logical_optimizer: logical binding uses a legacy path reason="value-producing subquery lowering"
2026-09-12T21:21:08.885020Z DEBUG logical_optimizer: logical binding uses a legacy path reason="value-producing subquery lowering"
2026-09-12T21:21:08.885647Z DEBUG logical_optimizer: logical binding uses a legacy path reason="value-producing subquery lowering"
2026-09-12T21:21:08.885763Z DEBUG logical_optimizer: logical binding uses a legacy path reason="value-producing subquery lowering"
2026-09-12T21:21:08.885884Z DEBUG logical_optimizer: logical binding uses a legacy path reason="value-producing subquery lowering"
2026-09-12T21:21:08.886570Z DEBUG logical_optimizer: logical binding uses a legacy path reason="value-producing subquery lowering"
2026-09-12T21:21:08.886676Z DEBUG logical_optimizer: logical binding uses a legacy path reason="value-producing subquery lowering"
2026-09-12T21:21:08.886787Z DEBUG logical_optimizer: logical binding uses a legacy path reason="value-producing subquery lowering"
2026-09-12T21:21:08.888737Z TRACE logical_optimizer: applied logical rule rule="PullDependentFilter"
2026-09-12T21:21:08.888833Z DEBUG logical_optimizer: applied=1 dependent_filters_pulled=1 remaining_dependencies=0 visited=5 exhausted=false
2026-09-12T21:21:08.889187Z TRACE logical_optimizer: applied logical rule rule="PullDependentFilter"
2026-09-12T21:21:08.889274Z DEBUG logical_optimizer: applied=1 dependent_filters_pulled=1 remaining_dependencies=0 visited=5 exhausted=false
2026-09-12T21:21:08.889709Z TRACE logical_optimizer: applied logical rule rule="PullDependentFilter"
2026-09-12T21:21:08.889804Z DEBUG logical_optimizer: applied=1 dependent_filters_pulled=1 remaining_dependencies=0 visited=5 exhausted=false
2026-09-12T21:21:08.890297Z TRACE logical_optimizer: applied logical rule rule="PullDependentFilter"
2026-09-12T21:21:08.890396Z DEBUG logical_optimizer: applied=1 dependent_filters_pulled=1 remaining_dependencies=0 visited=5 exhausted=false
2026-09-12T21:21:08.894268Z TRACE logical_optimizer: declined logical rule rule="PullDependentFilter" reason="right_input_shape"
2026-09-12T21:21:08.894380Z TRACE logical_optimizer: applied logical rule rule="PullDependentFilterOverJoin"
2026-09-12T21:21:08.894459Z TRACE logical_optimizer: applied logical rule rule="MergeSelectInnerJoin"
2026-09-12T21:21:08.894558Z DEBUG logical_optimizer: applied=2 dependent_filters_pulled=1 remaining_dependencies=0 visited=10 exhausted=false
2026-09-12T21:21:08.895057Z TRACE logical_optimizer: declined logical rule rule="PullDependentFilter" reason="right_input_shape"
2026-09-12T21:21:08.895144Z TRACE logical_optimizer: applied logical rule rule="PullDependentFilterOverJoin"
2026-09-12T21:21:08.895230Z TRACE logical_optimizer: applied logical rule rule="MergeSelectInnerJoin"
2026-09-12T21:21:08.895305Z DEBUG logical_optimizer: applied=2 dependent_filters_pulled=1 remaining_dependencies=0 visited=10 exhausted=false
2026-09-12T21:21:08.895823Z TRACE logical_optimizer: declined logical rule rule="PullDependentFilter" reason="right_input_shape"
2026-09-12T21:21:08.895896Z TRACE logical_optimizer: applied logical rule rule="PullDependentFilterOverJoin"
2026-09-12T21:21:08.895950Z TRACE logical_optimizer: applied logical rule rule="MergeSelectInnerJoin"
2026-09-12T21:21:08.896014Z DEBUG logical_optimizer: applied=2 dependent_filters_pulled=1 remaining_dependencies=0 visited=10 exhausted=false
2026-09-12T21:21:08.896734Z TRACE logical_optimizer: declined logical rule rule="PullDependentFilter" reason="right_input_shape"
2026-09-12T21:21:08.896833Z TRACE logical_optimizer: applied logical rule rule="PullDependentFilterOverJoin"
2026-09-12T21:21:08.896895Z TRACE logical_optimizer: applied logical rule rule="MergeSelectInnerJoin"
2026-09-12T21:21:08.896965Z DEBUG logical_optimizer: applied=2 dependent_filters_pulled=1 remaining_dependencies=0 visited=10 exhausted=false
2026-09-12T21:21:08.898113Z TRACE logical_optimizer: declined logical rule rule="PullDependentFilter" reason="right_input_shape"
2026-09-12T21:21:08.898206Z TRACE logical_optimizer: applied logical rule rule="PullDependentFilterOverJoin"
2026-09-12T21:21:08.898280Z TRACE logical_optimizer: applied logical rule rule="MergeSelectInnerJoin"
2026-09-12T21:21:08.898368Z DEBUG logical_optimizer: applied=2 dependent_filters_pulled=1 remaining_dependencies=0 visited=10 exhausted=false
2026-09-12T21:21:08.898946Z TRACE logical_optimizer: declined logical rule rule="PullDependentFilter" reason="right_input_shape"
2026-09-12T21:21:08.899029Z TRACE logical_optimizer: applied logical rule rule="PullDependentFilterOverJoin"
2026-09-12T21:21:08.899087Z TRACE logical_optimizer: applied logical rule rule="MergeSelectInnerJoin"
2026-09-12T21:21:08.899189Z DEBUG logical_optimizer: applied=2 dependent_filters_pulled=1 remaining_dependencies=0 visited=10 exhausted=false
2026-09-12T21:21:08.899862Z TRACE logical_optimizer: declined logical rule rule="PullDependentFilter" reason="right_input_shape"
2026-09-12T21:21:08.899938Z TRACE logical_optimizer: applied logical rule rule="PullDependentFilterOverJoin"
2026-09-12T21:21:08.899991Z TRACE logical_optimizer: applied logical rule rule="MergeSelectInnerJoin"
2026-09-12T21:21:08.900066Z DEBUG logical_optimizer: applied=2 dependent_filters_pulled=1 remaining_dependencies=0 visited=10 exhausted=false
2026-09-12T21:21:08.900742Z TRACE logical_optimizer: declined logical rule rule="PullDependentFilter" reason="right_input_shape"
2026-09-12T21:21:08.900827Z TRACE logical_optimizer: applied logical rule rule="PullDependentFilterOverJoin"
2026-09-12T21:21:08.900885Z TRACE logical_optimizer: applied logical rule rule="MergeSelectInnerJoin"
2026-09-12T21:21:08.900946Z DEBUG logical_optimizer: applied=2 dependent_filters_pulled=1 remaining_dependencies=0 visited=10 exhausted=false
2026-09-12T21:21:08.904860Z TRACE logical_optimizer: applied logical rule rule="PullDependentFilter"
2026-09-12T21:21:08.904973Z DEBUG logical_optimizer: applied=1 dependent_filters_pulled=1 remaining_dependencies=0 visited=6 exhausted=false
2026-09-12T21:21:08.905379Z TRACE logical_optimizer: applied logical rule rule="PullDependentFilter"
2026-09-12T21:21:08.905479Z DEBUG logical_optimizer: applied=1 dependent_filters_pulled=1 remaining_dependencies=0 visited=6 exhausted=false
2026-09-12T21:21:08.906053Z DEBUG logical_optimizer: logical binding uses a legacy path reason="value-producing subquery lowering"
2026-09-12T21:21:08.906695Z DEBUG logical_optimizer: logical binding uses a legacy path reason="value-producing subquery lowering"
2026-09-12T21:21:08.911716Z TRACE logical_optimizer: declined logical rule rule="PullDependentFilter" reason="right_input_shape"
2026-09-12T21:21:08.911834Z TRACE logical_optimizer: applied logical rule rule="PullDependentFilterOverJoin"
2026-09-12T21:21:08.911918Z TRACE logical_optimizer: applied logical rule rule="MergeSelectInnerJoin"
2026-09-12T21:21:08.912010Z DEBUG logical_optimizer: applied=2 dependent_filters_pulled=1 remaining_dependencies=0 visited=10 exhausted=false
2026-09-12T21:21:08.912554Z TRACE logical_optimizer: declined logical rule rule="PullDependentFilter" reason="right_input_shape"
2026-09-12T21:21:08.912663Z TRACE logical_optimizer: applied logical rule rule="PullDependentFilterOverJoin"
2026-09-12T21:21:08.912746Z TRACE logical_optimizer: applied logical rule rule="MergeSelectInnerJoin"
2026-09-12T21:21:08.912836Z DEBUG logical_optimizer: applied=2 dependent_filters_pulled=1 remaining_dependencies=0 visited=10 exhausted=false
2026-09-12T21:21:08.913456Z TRACE logical_optimizer: declined logical rule rule="PullDependentFilter" reason="right_input_shape"
2026-09-12T21:21:08.913561Z TRACE logical_optimizer: applied logical rule rule="PullDependentFilterOverJoin"
2026-09-12T21:21:08.913641Z TRACE logical_optimizer: applied logical rule rule="MergeSelectInnerJoin"
2026-09-12T21:21:08.913731Z DEBUG logical_optimizer: applied=2 dependent_filters_pulled=1 remaining_dependencies=0 visited=10 exhausted=false
2026-09-12T21:21:08.914558Z TRACE logical_optimizer: declined logical rule rule="PullDependentFilter" reason="right_input_shape"
2026-09-12T21:21:08.914659Z TRACE logical_optimizer: applied logical rule rule="PullDependentFilterOverJoin"
2026-09-12T21:21:08.914735Z TRACE logical_optimizer: applied logical rule rule="MergeSelectInnerJoin"
2026-09-12T21:21:08.914827Z DEBUG logical_optimizer: applied=2 dependent_filters_pulled=1 remaining_dependencies=0 visited=10 exhausted=false
2026-09-12T21:21:08.923119Z DEBUG logical_optimizer: logical binding uses a legacy path reason="value-producing subquery lowering"
2026-09-12T21:21:08.923227Z DEBUG logical_optimizer: logical binding uses a legacy path reason="aggregate lowering"
2026-09-12T21:21:08.923632Z DEBUG logical_optimizer: logical binding uses a legacy path reason="value-producing subquery lowering"
2026-09-12T21:21:08.923777Z DEBUG logical_optimizer: logical binding uses a legacy path reason="aggregate lowering"
2026-09-12T21:21:08.924205Z DEBUG logical_optimizer: logical binding uses a legacy path reason="value-producing subquery lowering"
2026-09-12T21:21:08.924287Z DEBUG logical_optimizer: logical binding uses a legacy path reason="aggregate lowering"
2026-09-12T21:21:08.925470Z DEBUG logical_optimizer: logical binding uses a legacy path reason="aggregate lowering"
2026-09-12T21:21:08.925569Z DEBUG logical_optimizer: logical binding uses a legacy path reason="aggregate lowering"
2026-09-12T21:21:08.926149Z DEBUG logical_optimizer: logical binding uses a legacy path reason="aggregate lowering"
2026-09-12T21:21:08.926263Z DEBUG logical_optimizer: logical binding uses a legacy path reason="aggregate lowering"
2026-09-12T21:21:08.926782Z DEBUG logical_optimizer: logical binding uses a legacy path reason="aggregate lowering"
2026-09-12T21:21:08.926859Z DEBUG logical_optimizer: logical binding uses a legacy path reason="aggregate lowering"
2026-09-12T21:21:08.927599Z DEBUG logical_optimizer: logical binding uses a legacy path reason="aggregate lowering"
2026-09-12T21:21:08.927690Z DEBUG logical_optimizer: logical binding uses a legacy path reason="aggregate lowering"
2026-09-12T21:21:08.928517Z DEBUG logical_optimizer: logical binding uses a legacy path reason="aggregate lowering"
2026-09-12T21:21:08.929195Z DEBUG logical_optimizer: logical binding uses a legacy path reason="aggregate lowering"
2026-09-12T21:21:08.930851Z DEBUG logical_optimizer: logical binding uses a legacy path reason="value-producing subquery lowering"
2026-09-12T21:21:08.930980Z DEBUG logical_optimizer: logical binding uses a legacy path reason="aggregate lowering"
2026-09-12T21:21:08.931530Z DEBUG logical_optimizer: logical binding uses a legacy path reason="value-producing subquery lowering"
2026-09-12T21:21:08.931654Z DEBUG logical_optimizer: logical binding uses a legacy path reason="aggregate lowering"
2026-09-12T21:21:08.932180Z DEBUG logical_optimizer: logical binding uses a legacy path reason="value-producing subquery lowering"
2026-09-12T21:21:08.932300Z DEBUG logical_optimizer: logical binding uses a legacy path reason="aggregate lowering"
2026-09-12T21:21:08.933030Z DEBUG logical_optimizer: logical binding uses a legacy path reason="value-producing subquery lowering"
2026-09-12T21:21:08.933146Z DEBUG logical_optimizer: logical binding uses a legacy path reason="aggregate lowering"
2026-09-12T21:21:08.933817Z DEBUG logical_optimizer: logical binding uses a legacy path reason="value-producing subquery lowering"
2026-09-12T21:21:08.934400Z DEBUG logical_optimizer: logical binding uses a legacy path reason="value-producing subquery lowering"
2026-09-12T21:21:08.938020Z TRACE logical_optimizer: declined logical rule rule="PullDependentFilter" reason="right_input_shape"
2026-09-12T21:21:08.938134Z TRACE logical_optimizer: applied logical rule rule="PullDependentFilterOverJoin"
2026-09-12T21:21:08.938227Z TRACE logical_optimizer: applied logical rule rule="MergeSelectInnerJoin"
2026-09-12T21:21:08.938329Z DEBUG logical_optimizer: applied=2 dependent_filters_pulled=1 remaining_dependencies=0 visited=10 exhausted=false
2026-09-12T21:21:08.938920Z TRACE logical_optimizer: declined logical rule rule="PullDependentFilter" reason="right_input_shape"
2026-09-12T21:21:08.939031Z TRACE logical_optimizer: applied logical rule rule="PullDependentFilterOverJoin"
2026-09-12T21:21:08.939128Z TRACE logical_optimizer: applied logical rule rule="MergeSelectInnerJoin"
2026-09-12T21:21:08.939243Z DEBUG logical_optimizer: applied=2 dependent_filters_pulled=1 remaining_dependencies=0 visited=10 exhausted=false
2026-09-12T21:21:08.939899Z TRACE logical_optimizer: declined logical rule rule="PullDependentFilter" reason="right_input_shape"
2026-09-12T21:21:08.940003Z TRACE logical_optimizer: applied logical rule rule="PullDependentFilterOverJoin"
2026-09-12T21:21:08.940127Z TRACE logical_optimizer: applied logical rule rule="MergeSelectInnerJoin"
2026-09-12T21:21:08.940229Z DEBUG logical_optimizer: applied=2 dependent_filters_pulled=1 remaining_dependencies=0 visited=10 exhausted=false
2026-09-12T21:21:08.940963Z TRACE logical_optimizer: declined logical rule rule="PullDependentFilter" reason="right_input_shape"
2026-09-12T21:21:08.941081Z TRACE logical_optimizer: applied logical rule rule="PullDependentFilterOverJoin"
2026-09-12T21:21:08.941183Z TRACE logical_optimizer: applied logical rule rule="MergeSelectInnerJoin"
2026-09-12T21:21:08.941284Z DEBUG logical_optimizer: applied=2 dependent_filters_pulled=1 remaining_dependencies=0 visited=10 exhausted=false
2026-09-12T21:21:08.942174Z DEBUG logical_optimizer: logical binding uses a legacy path reason="value-producing subquery lowering"
2026-09-12T21:21:08.942570Z DEBUG logical_optimizer: logical binding uses a legacy path reason="value-producing subquery lowering"
2026-09-12T21:21:08.942953Z DEBUG logical_optimizer: logical binding uses a legacy path reason="value-producing subquery lowering"
2026-09-12T21:21:08.943474Z DEBUG logical_optimizer: logical binding uses a legacy path reason="value-producing subquery lowering"
2026-09-12T21:21:08.948549Z DEBUG logical_optimizer: logical binding uses a legacy path reason="scalar execution resource or subquery result"
2026-09-12T21:21:08.948921Z DEBUG logical_optimizer: logical binding uses a legacy path reason="scalar execution resource or subquery result"
2026-09-12T21:21:08.949301Z DEBUG logical_optimizer: logical binding uses a legacy path reason="scalar execution resource or subquery result"
2026-09-12T21:21:08.949986Z DEBUG logical_optimizer: logical binding uses a legacy path reason="value-producing subquery lowering"
2026-09-12T21:21:08.950084Z DEBUG logical_optimizer: logical binding uses a legacy path reason="value-producing subquery lowering"
2026-09-12T21:21:08.950196Z DEBUG logical_optimizer: logical binding uses a legacy path reason="value-producing subquery lowering"
2026-09-12T21:21:08.950743Z DEBUG logical_optimizer: logical binding uses a legacy path reason="value-producing subquery lowering"
2026-09-12T21:21:08.950850Z DEBUG logical_optimizer: logical binding uses a legacy path reason="value-producing subquery lowering"
2026-09-12T21:21:08.950966Z DEBUG logical_optimizer: logical binding uses a legacy path reason="value-producing subquery lowering"
2026-09-12T21:21:08.951466Z DEBUG logical_optimizer: logical binding uses a legacy path reason="value-producing subquery lowering"
2026-09-12T21:21:08.951542Z DEBUG logical_optimizer: logical binding uses a legacy path reason="value-producing subquery lowering"
2026-09-12T21:21:08.951649Z DEBUG logical_optimizer: logical binding uses a legacy path reason="value-producing subquery lowering"
2026-09-12T21:21:08.953279Z TRACE logical_optimizer: applied logical rule rule="PullDependentFilter"
2026-09-12T21:21:08.953349Z DEBUG logical_optimizer: applied=1 dependent_filters_pulled=1 remaining_dependencies=0 visited=5 exhausted=false
2026-09-12T21:21:08.953718Z TRACE logical_optimizer: applied logical rule rule="PullDependentFilter"
2026-09-12T21:21:08.953810Z DEBUG logical_optimizer: applied=1 dependent_filters_pulled=1 remaining_dependencies=0 visited=5 exhausted=false
2026-09-12T21:21:08.954233Z TRACE logical_optimizer: applied logical rule rule="PullDependentFilter"
2026-09-12T21:21:08.954298Z DEBUG logical_optimizer: applied=1 dependent_filters_pulled=1 remaining_dependencies=0 visited=5 exhausted=false
2026-09-12T21:21:08.954794Z TRACE logical_optimizer: applied logical rule rule="PullDependentFilter"
2026-09-12T21:21:08.954876Z DEBUG logical_optimizer: applied=1 dependent_filters_pulled=1 remaining_dependencies=0 visited=5 exhausted=false
2026-09-12T21:21:08.955752Z TRACE logical_optimizer: applied logical rule rule="PullDependentFilter"
2026-09-12T21:21:08.955848Z DEBUG logical_optimizer: applied=1 dependent_filters_pulled=1 remaining_dependencies=0 visited=6 exhausted=false
2026-09-12T21:21:08.956210Z TRACE logical_optimizer: applied logical rule rule="PullDependentFilter"
2026-09-12T21:21:08.956354Z DEBUG logical_optimizer: applied=1 dependent_filters_pulled=1 remaining_dependencies=0 visited=6 exhausted=false
2026-09-12T21:21:08.957489Z DEBUG logical_optimizer: logical binding uses a legacy path reason="value-producing subquery lowering"
2026-09-12T21:21:08.957644Z DEBUG logical_optimizer: logical binding uses a legacy path reason="value-producing subquery lowering"
2026-09-12T21:21:08.958332Z DEBUG logical_optimizer: logical binding uses a legacy path reason="value-producing subquery lowering"
2026-09-12T21:21:08.958501Z DEBUG logical_optimizer: logical binding uses a legacy path reason="value-producing subquery lowering"
2026-09-12T21:21:08.959640Z DEBUG logical_optimizer: logical binding uses a legacy path reason="aggregate lowering"
2026-09-12T21:21:08.959798Z DEBUG logical_optimizer: logical binding uses a legacy path reason="scalar execution resource or subquery result"
2026-09-12T21:21:08.960460Z DEBUG logical_optimizer: logical binding uses a legacy path reason="aggregate lowering"
2026-09-12T21:21:08.960621Z DEBUG logical_optimizer: logical binding uses a legacy path reason="scalar execution resource or subquery result"
2026-09-12T21:21:08.961443Z DEBUG logical_optimizer: logical binding uses a legacy path reason="aggregate lowering"
2026-09-12T21:21:08.961577Z DEBUG logical_optimizer: logical binding uses a legacy path reason="aggregate lowering"
2026-09-12T21:21:08.961701Z DEBUG logical_optimizer: logical binding uses a legacy path reason="scalar execution resource or subquery result"
2026-09-12T21:21:08.961838Z DEBUG logical_optimizer: logical binding uses a legacy path reason="value-producing subquery lowering"
2026-09-12T21:21:08.963073Z DEBUG logical_optimizer: logical binding uses a legacy path reason="aggregate lowering"
2026-09-12T21:21:08.963222Z DEBUG logical_optimizer: logical binding uses a legacy path reason="aggregate lowering"
2026-09-12T21:21:08.963367Z DEBUG logical_optimizer: logical binding uses a legacy path reason="scalar execution resource or subquery result"
2026-09-12T21:21:08.963496Z DEBUG logical_optimizer: logical binding uses a legacy path reason="value-producing subquery lowering"
2026-09-12T21:21:08.964327Z DEBUG logical_optimizer: logical binding uses a legacy path reason="aggregate lowering"
2026-09-12T21:21:08.964456Z DEBUG logical_optimizer: logical binding uses a legacy path reason="aggregate lowering"
2026-09-12T21:21:08.964579Z DEBUG logical_optimizer: logical binding uses a legacy path reason="scalar execution resource or subquery result"
2026-09-12T21:21:08.964703Z DEBUG logical_optimizer: logical binding uses a legacy path reason="value-producing subquery lowering"
2026-09-12T21:21:08.971100Z DEBUG logical_optimizer: logical binding uses a legacy path reason="aggregate lowering"
2026-09-12T21:21:08.971215Z DEBUG logical_optimizer: logical binding uses a legacy path reason="value-producing subquery lowering"
2026-09-12T21:21:08.971783Z DEBUG logical_optimizer: logical binding uses a legacy path reason="aggregate lowering"
2026-09-12T21:21:08.971874Z DEBUG logical_optimizer: logical binding uses a legacy path reason="value-producing subquery lowering"
2026-09-12T21:21:08.972778Z DEBUG logical_optimizer: logical binding uses a legacy path reason="aggregate lowering"
2026-09-12T21:21:08.973477Z DEBUG logical_optimizer: logical binding uses a legacy path reason="aggregate lowering"
2026-09-12T21:21:08.974601Z TRACE logical_optimizer: applied logical rule rule="PullDependentFilter"
2026-09-12T21:21:08.974687Z DEBUG logical_optimizer: applied=1 dependent_filters_pulled=1 remaining_dependencies=0 visited=5 exhausted=false
2026-09-12T21:21:08.975095Z TRACE logical_optimizer: applied logical rule rule="PullDependentFilter"
2026-09-12T21:21:08.975181Z DEBUG logical_optimizer: applied=1 dependent_filters_pulled=1 remaining_dependencies=0 visited=5 exhausted=false
2026-09-12T21:21:08.975606Z TRACE logical_optimizer: applied logical rule rule="PullDependentFilter"
2026-09-12T21:21:08.975669Z DEBUG logical_optimizer: applied=1 dependent_filters_pulled=1 remaining_dependencies=0 visited=5 exhausted=false
2026-09-12T21:21:08.976268Z TRACE logical_optimizer: applied logical rule rule="PullDependentFilter"
2026-09-12T21:21:08.976352Z DEBUG logical_optimizer: applied=1 dependent_filters_pulled=1 remaining_dependencies=0 visited=5 exhausted=false
2026-09-12T21:21:08.977150Z DEBUG logical_optimizer: logical binding uses a legacy path reason="DISTINCT output mapping"
2026-09-12T21:21:08.977562Z DEBUG logical_optimizer: logical binding uses a legacy path reason="DISTINCT output mapping"
2026-09-12T21:21:08.978791Z DEBUG logical_optimizer: logical binding uses a legacy path reason="aggregate lowering"
2026-09-12T21:21:08.978980Z DEBUG logical_optimizer: logical binding uses a legacy path reason="value-producing subquery lowering"
2026-09-12T21:21:08.979933Z DEBUG logical_optimizer: logical binding uses a legacy path reason="aggregate lowering"
2026-09-12T21:21:08.980120Z DEBUG logical_optimizer: logical binding uses a legacy path reason="value-producing subquery lowering"
2026-09-12T21:21:08.980778Z DEBUG logical_optimizer: logical binding uses a legacy path reason="aggregate lowering"
2026-09-12T21:21:08.980949Z DEBUG logical_optimizer: logical binding uses a legacy path reason="value-producing subquery lowering"
2026-09-12T21:21:08.982099Z DEBUG logical_optimizer: logical binding uses a legacy path reason="aggregate lowering"
2026-09-12T21:21:08.982313Z DEBUG logical_optimizer: logical binding uses a legacy path reason="value-producing subquery lowering"
2026-09-12T21:21:08.983310Z DEBUG logical_optimizer: logical binding uses a legacy path reason="aggregate lowering"
2026-09-12T21:21:08.983427Z DEBUG logical_optimizer: logical binding uses a legacy path reason="aggregate lowering"
2026-09-12T21:21:08.983544Z DEBUG logical_optimizer: logical binding uses a legacy path reason="value-producing subquery lowering"
2026-09-12T21:21:08.984306Z DEBUG logical_optimizer: logical binding uses a legacy path reason="aggregate lowering"
2026-09-12T21:21:08.984424Z DEBUG logical_optimizer: logical binding uses a legacy path reason="aggregate lowering"
2026-09-12T21:21:08.984535Z DEBUG logical_optimizer: logical binding uses a legacy path reason="value-producing subquery lowering"
2026-09-12T21:21:08.985072Z DEBUG logical_optimizer: logical binding uses a legacy path reason="aggregate lowering"
2026-09-12T21:21:08.985195Z DEBUG logical_optimizer: logical binding uses a legacy path reason="aggregate lowering"
2026-09-12T21:21:08.985311Z DEBUG logical_optimizer: logical binding uses a legacy path reason="value-producing subquery lowering"
2026-09-12T21:21:08.986709Z DEBUG logical_optimizer: logical binding uses a legacy path reason="aggregate lowering"
2026-09-12T21:21:08.987328Z DEBUG logical_optimizer: logical binding uses a legacy path reason="aggregate lowering"
2026-09-12T21:21:08.988015Z DEBUG logical_optimizer: logical binding uses a legacy path reason="aggregate lowering"
2026-09-12T21:21:08.988721Z DEBUG logical_optimizer: logical binding uses a legacy path reason="aggregate lowering"
2026-09-12T21:21:08.990967Z TRACE logical_optimizer: applied logical rule rule="PullDependentFilter"
2026-09-12T21:21:08.991080Z DEBUG logical_optimizer: applied=1 dependent_filters_pulled=1 remaining_dependencies=0 visited=5 exhausted=false
2026-09-12T21:21:08.991488Z TRACE logical_optimizer: applied logical rule rule="PullDependentFilter"
2026-09-12T21:21:08.991593Z DEBUG logical_optimizer: applied=1 dependent_filters_pulled=1 remaining_dependencies=0 visited=5 exhausted=false
2026-09-12T21:21:08.991958Z TRACE logical_optimizer: applied logical rule rule="PullDependentFilter"
2026-09-12T21:21:08.992059Z DEBUG logical_optimizer: applied=1 dependent_filters_pulled=1 remaining_dependencies=0 visited=5 exhausted=false
2026-09-12T21:21:08.992604Z TRACE logical_optimizer: applied logical rule rule="PullDependentFilter"
2026-09-12T21:21:08.992703Z DEBUG logical_optimizer: applied=1 dependent_filters_pulled=1 remaining_dependencies=0 visited=5 exhausted=false
2026-09-12T21:21:08.993641Z DEBUG logical_optimizer: logical binding uses a legacy path reason="value-producing subquery lowering"
2026-09-12T21:21:08.994150Z DEBUG logical_optimizer: logical binding uses a legacy path reason="value-producing subquery lowering"
2026-09-12T21:21:08.995587Z DEBUG logical_optimizer: logical binding uses a legacy path reason="value-producing subquery lowering"
2026-09-12T21:21:08.995756Z DEBUG logical_optimizer: logical binding uses a legacy path reason="aggregate lowering"
2026-09-12T21:21:08.995895Z DEBUG logical_optimizer: logical binding uses a legacy path reason="value-producing subquery lowering"
2026-09-12T21:21:08.997008Z DEBUG logical_optimizer: logical binding uses a legacy path reason="value-producing subquery lowering"
2026-09-12T21:21:08.997148Z DEBUG logical_optimizer: logical binding uses a legacy path reason="aggregate lowering"
2026-09-12T21:21:08.997274Z DEBUG logical_optimizer: logical binding uses a legacy path reason="value-producing subquery lowering"
2026-09-12T21:21:08.999150Z DEBUG logical_optimizer: logical binding uses a legacy path reason="DISTINCT output mapping"
2026-09-12T21:21:08.999256Z DEBUG logical_optimizer: logical binding uses a legacy path reason="value-producing subquery lowering"
2026-09-12T21:21:08.999776Z DEBUG logical_optimizer: logical binding uses a legacy path reason="DISTINCT output mapping"
2026-09-12T21:21:08.999903Z DEBUG logical_optimizer: logical binding uses a legacy path reason="value-producing subquery lowering"
2026-09-12T21:21:09.000380Z TRACE logical_optimizer: declined logical rule rule="PullDependentFilter" reason="right_input_shape"
2026-09-12T21:21:09.000492Z TRACE logical_optimizer: applied logical rule rule="PullDependentFilterOverJoin"
2026-09-12T21:21:09.000574Z TRACE logical_optimizer: applied logical rule rule="MergeSelectInnerJoin"
2026-09-12T21:21:09.000664Z DEBUG logical_optimizer: applied=2 dependent_filters_pulled=1 remaining_dependencies=0 visited=10 exhausted=false
2026-09-12T21:21:09.001255Z TRACE logical_optimizer: declined logical rule rule="PullDependentFilter" reason="right_input_shape"
2026-09-12T21:21:09.001356Z TRACE logical_optimizer: applied logical rule rule="PullDependentFilterOverJoin"
2026-09-12T21:21:09.001438Z TRACE logical_optimizer: applied logical rule rule="MergeSelectInnerJoin"
2026-09-12T21:21:09.001529Z DEBUG logical_optimizer: applied=2 dependent_filters_pulled=1 remaining_dependencies=0 visited=10 exhausted=false
2026-09-12T21:21:09.002133Z TRACE logical_optimizer: declined logical rule rule="PullDependentFilter" reason="right_input_shape"
2026-09-12T21:21:09.002233Z TRACE logical_optimizer: applied logical rule rule="PullDependentFilterOverJoin"
2026-09-12T21:21:09.002321Z TRACE logical_optimizer: applied logical rule rule="MergeSelectInnerJoin"
2026-09-12T21:21:09.002468Z DEBUG logical_optimizer: applied=2 dependent_filters_pulled=1 remaining_dependencies=0 visited=10 exhausted=false
2026-09-12T21:21:09.003648Z TRACE logical_optimizer: declined logical rule rule="PullDependentFilter" reason="right_input_shape"
2026-09-12T21:21:09.005296Z TRACE logical_optimizer: applied logical rule rule="PullDependentFilterOverJoin"
2026-09-12T21:21:09.006562Z TRACE logical_optimizer: applied logical rule rule="MergeSelectInnerJoin"
2026-09-12T21:21:09.006689Z DEBUG logical_optimizer: applied=2 dependent_filters_pulled=1 remaining_dependencies=0 visited=10 exhausted=false
2026-09-12T21:21:09.008030Z DEBUG logical_optimizer: logical binding uses a legacy path reason="scalar execution resource or subquery result"
2026-09-12T21:21:09.008382Z DEBUG logical_optimizer: logical binding uses a legacy path reason="scalar execution resource or subquery result"
2026-09-12T21:21:09.008879Z DEBUG logical_optimizer: logical binding uses a legacy path reason="value-producing subquery lowering"
2026-09-12T21:21:09.009333Z DEBUG logical_optimizer: logical binding uses a legacy path reason="value-producing subquery lowering"
2026-09-12T21:21:09.010356Z DEBUG logical_optimizer: logical binding uses a legacy path reason="aggregate lowering"
2026-09-12T21:21:09.010885Z DEBUG logical_optimizer: logical binding uses a legacy path reason="aggregate lowering"
2026-09-12T21:21:09.011419Z DEBUG logical_optimizer: logical binding uses a legacy path reason="aggregate lowering"
2026-09-12T21:21:09.012069Z DEBUG logical_optimizer: logical binding uses a legacy path reason="aggregate lowering"
2026-09-12T21:21:09.012486Z DEBUG logical_optimizer: logical binding uses a legacy path reason="aggregate lowering"
2026-09-12T21:21:09.012898Z DEBUG logical_optimizer: logical binding uses a legacy path reason="aggregate lowering"
2026-09-12T21:21:09.014429Z TRACE logical_optimizer: applied logical rule rule="PullDependentFilter"
2026-09-12T21:21:09.014522Z DEBUG logical_optimizer: applied=1 dependent_filters_pulled=1 remaining_dependencies=0 visited=5 exhausted=false
2026-09-12T21:21:09.014886Z TRACE logical_optimizer: applied logical rule rule="PullDependentFilter"
2026-09-12T21:21:09.014978Z DEBUG logical_optimizer: applied=1 dependent_filters_pulled=1 remaining_dependencies=0 visited=5 exhausted=false
2026-09-12T21:21:09.015344Z TRACE logical_optimizer: applied logical rule rule="PullDependentFilter"
2026-09-12T21:21:09.015436Z DEBUG logical_optimizer: applied=1 dependent_filters_pulled=1 remaining_dependencies=0 visited=5 exhausted=false
2026-09-12T21:21:09.015963Z TRACE logical_optimizer: applied logical rule rule="PullDependentFilter"
2026-09-12T21:21:09.016059Z DEBUG logical_optimizer: applied=1 dependent_filters_pulled=1 remaining_dependencies=0 visited=5 exhausted=false
2026-09-12T21:21:09.017341Z DEBUG logical_optimizer: logical binding uses a legacy path reason="scalar execution resource or subquery result"
2026-09-12T21:21:09.017465Z DEBUG logical_optimizer: logical binding uses a legacy path reason="scalar execution resource or subquery result"
2026-09-12T21:21:09.017592Z DEBUG logical_optimizer: logical binding uses a legacy path reason="scalar execution resource or subquery result"
2026-09-12T21:21:09.017712Z DEBUG logical_optimizer: logical binding uses a legacy path reason="scalar execution resource or subquery result"
2026-09-12T21:21:09.018222Z DEBUG logical_optimizer: logical binding uses a legacy path reason="scalar execution resource or subquery result"
2026-09-12T21:21:09.018342Z DEBUG logical_optimizer: logical binding uses a legacy path reason="scalar execution resource or subquery result"
2026-09-12T21:21:09.018457Z DEBUG logical_optimizer: logical binding uses a legacy path reason="scalar execution resource or subquery result"
2026-09-12T21:21:09.018573Z DEBUG logical_optimizer: logical binding uses a legacy path reason="scalar execution resource or subquery result"
2026-09-12T21:21:09.019104Z DEBUG logical_optimizer: logical binding uses a legacy path reason="scalar execution resource or subquery result"
2026-09-12T21:21:09.019240Z DEBUG logical_optimizer: logical binding uses a legacy path reason="scalar execution resource or subquery result"
2026-09-12T21:21:09.019355Z DEBUG logical_optimizer: logical binding uses a legacy path reason="scalar execution resource or subquery result"
2026-09-12T21:21:09.019467Z DEBUG logical_optimizer: logical binding uses a legacy path reason="scalar execution resource or subquery result"
2026-09-12T21:21:09.020280Z DEBUG logical_optimizer: logical binding uses a legacy path reason="DISTINCT output mapping"
2026-09-12T21:21:09.020620Z DEBUG logical_optimizer: logical binding uses a legacy path reason="DISTINCT output mapping"
2026-09-12T21:21:09.022091Z DEBUG logical_optimizer: logical binding uses a legacy path reason="value-producing subquery lowering"
2026-09-12T21:21:09.022616Z DEBUG logical_optimizer: logical binding uses a legacy path reason="value-producing subquery lowering"
2026-09-12T21:21:09.023322Z DEBUG logical_optimizer: logical binding uses a legacy path reason="value-producing subquery lowering"
2026-09-12T21:21:09.023690Z DEBUG logical_optimizer: logical binding uses a legacy path reason="value-producing subquery lowering"
2026-09-12T21:21:09.024011Z DEBUG logical_optimizer: logical binding uses a legacy path reason="value-producing subquery lowering"
2026-09-12T21:21:09.024571Z DEBUG logical_optimizer: logical binding uses a legacy path reason="value-producing subquery lowering"
2026-09-12T21:21:09.027573Z TRACE logical_optimizer: applied logical rule rule="PullDependentFilter"
2026-09-12T21:21:09.027693Z DEBUG logical_optimizer: applied=1 dependent_filters_pulled=1 remaining_dependencies=0 visited=5 exhausted=false
2026-09-12T21:21:09.028040Z TRACE logical_optimizer: applied logical rule rule="PullDependentFilter"
2026-09-12T21:21:09.028136Z DEBUG logical_optimizer: applied=1 dependent_filters_pulled=1 remaining_dependencies=0 visited=5 exhausted=false
2026-09-12T21:21:09.028617Z TRACE logical_optimizer: applied logical rule rule="PullDependentFilter"
2026-09-12T21:21:09.028712Z DEBUG logical_optimizer: applied=1 dependent_filters_pulled=1 remaining_dependencies=0 visited=5 exhausted=false
2026-09-12T21:21:09.029263Z TRACE logical_optimizer: applied logical rule rule="PullDependentFilter"
2026-09-12T21:21:09.029351Z DEBUG logical_optimizer: applied=1 dependent_filters_pulled=1 remaining_dependencies=0 visited=5 exhausted=false
2026-09-12T21:21:09.032959Z DEBUG logical_optimizer: logical binding uses a legacy path reason="value-producing subquery lowering"
2026-09-12T21:21:09.033095Z TRACE logical_optimizer: applied logical rule rule="PullDependentFilter"
2026-09-12T21:21:09.033181Z TRACE logical_optimizer: applied logical rule rule="PullLeftFilter"
2026-09-12T21:21:09.033282Z DEBUG logical_optimizer: applied=2 dependent_filters_pulled=1 remaining_dependencies=0 visited=5 exhausted=false
2026-09-12T21:21:09.033794Z DEBUG logical_optimizer: logical binding uses a legacy path reason="value-producing subquery lowering"
2026-09-12T21:21:09.033931Z TRACE logical_optimizer: applied logical rule rule="PullDependentFilter"
2026-09-12T21:21:09.034011Z TRACE logical_optimizer: applied logical rule rule="PullLeftFilter"
2026-09-12T21:21:09.034098Z DEBUG logical_optimizer: applied=2 dependent_filters_pulled=1 remaining_dependencies=0 visited=5 exhausted=false
2026-09-12T21:21:09.034658Z DEBUG logical_optimizer: logical binding uses a legacy path reason="value-producing subquery lowering"
2026-09-12T21:21:09.034790Z TRACE logical_optimizer: applied logical rule rule="PullDependentFilter"
2026-09-12T21:21:09.034871Z TRACE logical_optimizer: applied logical rule rule="PullLeftFilter"
2026-09-12T21:21:09.034958Z DEBUG logical_optimizer: applied=2 dependent_filters_pulled=1 remaining_dependencies=0 visited=5 exhausted=false
2026-09-12T21:21:09.035599Z DEBUG logical_optimizer: logical binding uses a legacy path reason="value-producing subquery lowering"
2026-09-12T21:21:09.035725Z TRACE logical_optimizer: applied logical rule rule="PullDependentFilter"
2026-09-12T21:21:09.035802Z TRACE logical_optimizer: applied logical rule rule="PullLeftFilter"
2026-09-12T21:21:09.035907Z DEBUG logical_optimizer: applied=2 dependent_filters_pulled=1 remaining_dependencies=0 visited=5 exhausted=false
2026-09-12T21:21:09.037053Z DEBUG logical_optimizer: logical binding uses a legacy path reason="value-producing subquery lowering"
2026-09-12T21:21:09.037397Z DEBUG logical_optimizer: logical binding uses a legacy path reason="value-producing subquery lowering"
2026-09-12T21:21:09.037730Z DEBUG logical_optimizer: logical binding uses a legacy path reason="value-producing subquery lowering"
2026-09-12T21:21:09.038201Z TRACE logical_optimizer: applied logical rule rule="PullDependentFilter"
2026-09-12T21:21:09.038297Z DEBUG logical_optimizer: applied=1 dependent_filters_pulled=1 remaining_dependencies=0 visited=5 exhausted=false
2026-09-12T21:21:09.038622Z TRACE logical_optimizer: applied logical rule rule="PullDependentFilter"
2026-09-12T21:21:09.038727Z DEBUG logical_optimizer: applied=1 dependent_filters_pulled=1 remaining_dependencies=0 visited=5 exhausted=false
2026-09-12T21:21:09.039118Z TRACE logical_optimizer: applied logical rule rule="PullDependentFilter"
2026-09-12T21:21:09.039210Z DEBUG logical_optimizer: applied=1 dependent_filters_pulled=1 remaining_dependencies=0 visited=5 exhausted=false
2026-09-12T21:21:09.039728Z TRACE logical_optimizer: applied logical rule rule="PullDependentFilter"
2026-09-12T21:21:09.039821Z DEBUG logical_optimizer: applied=1 dependent_filters_pulled=1 remaining_dependencies=0 visited=5 exhausted=false
2026-09-12T21:21:09.041325Z TRACE logical_optimizer: declined logical rule rule="PullDependentFilter" reason="right_input_shape"
2026-09-12T21:21:09.041439Z TRACE logical_optimizer: applied logical rule rule="PullDependentFilterOverJoin"
2026-09-12T21:21:09.041523Z TRACE logical_optimizer: applied logical rule rule="MergeSelectInnerJoin"
2026-09-12T21:21:09.041617Z DEBUG logical_optimizer: applied=2 dependent_filters_pulled=1 remaining_dependencies=0 visited=10 exhausted=false
2026-09-12T21:21:09.042113Z TRACE logical_optimizer: declined logical rule rule="PullDependentFilter" reason="right_input_shape"
2026-09-12T21:21:09.042217Z TRACE logical_optimizer: applied logical rule rule="PullDependentFilterOverJoin"
2026-09-12T21:21:09.042314Z TRACE logical_optimizer: applied logical rule rule="MergeSelectInnerJoin"
2026-09-12T21:21:09.042415Z DEBUG logical_optimizer: applied=2 dependent_filters_pulled=1 remaining_dependencies=0 visited=10 exhausted=false
2026-09-12T21:21:09.042945Z TRACE logical_optimizer: declined logical rule rule="PullDependentFilter" reason="right_input_shape"
2026-09-12T21:21:09.043052Z TRACE logical_optimizer: applied logical rule rule="PullDependentFilterOverJoin"
2026-09-12T21:21:09.043132Z TRACE logical_optimizer: applied logical rule rule="MergeSelectInnerJoin"
2026-09-12T21:21:09.043236Z DEBUG logical_optimizer: applied=2 dependent_filters_pulled=1 remaining_dependencies=0 visited=10 exhausted=false
2026-09-12T21:21:09.043902Z TRACE logical_optimizer: declined logical rule rule="PullDependentFilter" reason="right_input_shape"
2026-09-12T21:21:09.044006Z TRACE logical_optimizer: applied logical rule rule="PullDependentFilterOverJoin"
2026-09-12T21:21:09.044102Z TRACE logical_optimizer: applied logical rule rule="MergeSelectInnerJoin"
2026-09-12T21:21:09.044203Z DEBUG logical_optimizer: applied=2 dependent_filters_pulled=1 remaining_dependencies=0 visited=10 exhausted=false
2026-09-12T21:21:09.045244Z DEBUG logical_optimizer: logical binding uses a legacy path reason="aggregate lowering"
2026-09-12T21:21:09.045855Z DEBUG logical_optimizer: logical binding uses a legacy path reason="aggregate lowering"
2026-09-12T21:21:09.046553Z DEBUG logical_optimizer: logical binding uses a legacy path reason="aggregate lowering"
2026-09-12T21:21:09.047338Z DEBUG logical_optimizer: logical binding uses a legacy path reason="aggregate lowering"
2026-09-12T21:21:09.049154Z TRACE logical_optimizer: applied logical rule rule="PullDependentFilter"
2026-09-12T21:21:09.049262Z DEBUG logical_optimizer: applied=1 dependent_filters_pulled=1 remaining_dependencies=0 visited=6 exhausted=false
2026-09-12T21:21:09.049697Z TRACE logical_optimizer: applied logical rule rule="PullDependentFilter"
2026-09-12T21:21:09.049792Z DEBUG logical_optimizer: applied=1 dependent_filters_pulled=1 remaining_dependencies=0 visited=6 exhausted=false
2026-09-12T21:21:09.050809Z DEBUG logical_optimizer: logical binding uses a legacy path reason="value-producing subquery lowering"
2026-09-12T21:21:09.051250Z DEBUG logical_optimizer: logical binding uses a legacy path reason="value-producing subquery lowering"
2026-09-12T21:21:09.053539Z DEBUG logical_optimizer: logical binding uses a legacy path reason="aggregate lowering"
2026-09-12T21:21:09.054190Z DEBUG logical_optimizer: logical binding uses a legacy path reason="aggregate lowering"
2026-09-12T21:21:09.054735Z DEBUG logical_optimizer: logical binding uses a legacy path reason="aggregate lowering"
2026-09-12T21:21:09.055653Z DEBUG logical_optimizer: logical binding uses a legacy path reason="DISTINCT output mapping"
2026-09-12T21:21:09.056032Z DEBUG logical_optimizer: logical binding uses a legacy path reason="DISTINCT output mapping"
2026-09-12T21:21:09.056566Z DEBUG logical_optimizer: logical binding uses a legacy path reason="DISTINCT output mapping"
2026-09-12T21:21:09.058573Z TRACE logical_optimizer: applied logical rule rule="MergeSelectInnerJoin"
2026-09-12T21:21:09.058692Z TRACE logical_optimizer: applied logical rule rule="PullDependentFilter"
2026-09-12T21:21:09.058791Z DEBUG logical_optimizer: applied=2 dependent_filters_pulled=1 remaining_dependencies=0 visited=7 exhausted=false
2026-09-12T21:21:09.059423Z TRACE logical_optimizer: applied logical rule rule="MergeSelectInnerJoin"
2026-09-12T21:21:09.059528Z TRACE logical_optimizer: applied logical rule rule="PullDependentFilter"
2026-09-12T21:21:09.059620Z DEBUG logical_optimizer: applied=2 dependent_filters_pulled=1 remaining_dependencies=0 visited=7 exhausted=false
2026-09-12T21:21:09.061525Z DEBUG logical_optimizer: logical binding uses a legacy path reason="aggregate lowering"
2026-09-12T21:21:09.061650Z DEBUG logical_optimizer: logical binding uses a legacy path reason="aggregate lowering"
2026-09-12T21:21:09.061865Z DEBUG logical_optimizer: logical binding uses a legacy path reason="aggregate lowering"
2026-09-12T21:21:09.063442Z DEBUG logical_optimizer: logical binding uses a legacy path reason="aggregate lowering"
2026-09-12T21:21:09.063558Z DEBUG logical_optimizer: logical binding uses a legacy path reason="aggregate lowering"
2026-09-12T21:21:09.063806Z DEBUG logical_optimizer: logical binding uses a legacy path reason="aggregate lowering"
2026-09-12T21:21:09.064817Z DEBUG logical_optimizer: logical binding uses a legacy path reason="aggregate lowering"
2026-09-12T21:21:09.064930Z DEBUG logical_optimizer: logical binding uses a legacy path reason="aggregate lowering"
2026-09-12T21:21:09.065110Z DEBUG logical_optimizer: logical binding uses a legacy path reason="aggregate lowering"
2026-09-12T21:21:09.066810Z DEBUG logical_optimizer: logical binding uses a legacy path reason="aggregate lowering"
2026-09-12T21:21:09.066925Z DEBUG logical_optimizer: logical binding uses a legacy path reason="aggregate lowering"
2026-09-12T21:21:09.067084Z DEBUG logical_optimizer: logical binding uses a legacy path reason="aggregate lowering"
2026-09-12T21:21:09.068115Z TRACE logical_optimizer: applied logical rule rule="PullDependentFilter"
2026-09-12T21:21:09.068214Z DEBUG logical_optimizer: applied=1 dependent_filters_pulled=1 remaining_dependencies=0 visited=5 exhausted=false
2026-09-12T21:21:09.068573Z TRACE logical_optimizer: applied logical rule rule="PullDependentFilter"
2026-09-12T21:21:09.068682Z DEBUG logical_optimizer: applied=1 dependent_filters_pulled=1 remaining_dependencies=0 visited=5 exhausted=false
2026-09-12T21:21:09.069394Z TRACE logical_optimizer: applied logical rule rule="PullDependentFilter"
2026-09-12T21:21:09.069501Z DEBUG logical_optimizer: applied=1 dependent_filters_pulled=1 remaining_dependencies=0 visited=5 exhausted=false
2026-09-12T21:21:09.070082Z TRACE logical_optimizer: applied logical rule rule="PullDependentFilter"
2026-09-12T21:21:09.070204Z DEBUG logical_optimizer: applied=1 dependent_filters_pulled=1 remaining_dependencies=0 visited=5 exhausted=false
2026-09-12T21:21:09.071228Z DEBUG logical_optimizer: logical binding uses a legacy path reason="value-producing subquery lowering"
2026-09-12T21:21:09.071665Z DEBUG logical_optimizer: logical binding uses a legacy path reason="value-producing subquery lowering"
2026-09-12T21:21:09.072050Z TRACE logical_optimizer: declined logical rule rule="PullDependentFilter" reason="right_input_shape"
2026-09-12T21:21:09.072167Z TRACE logical_optimizer: applied logical rule rule="PullDependentFilterOverJoin"
2026-09-12T21:21:09.072258Z TRACE logical_optimizer: applied logical rule rule="MergeSelectInnerJoin"
2026-09-12T21:21:09.072368Z DEBUG logical_optimizer: applied=2 dependent_filters_pulled=1 remaining_dependencies=0 visited=10 exhausted=false
2026-09-12T21:21:09.072868Z TRACE logical_optimizer: declined logical rule rule="PullDependentFilter" reason="right_input_shape"
2026-09-12T21:21:09.072971Z TRACE logical_optimizer: applied logical rule rule="PullDependentFilterOverJoin"
2026-09-12T21:21:09.073121Z TRACE logical_optimizer: applied logical rule rule="MergeSelectInnerJoin"
2026-09-12T21:21:09.073237Z DEBUG logical_optimizer: applied=2 dependent_filters_pulled=1 remaining_dependencies=0 visited=10 exhausted=false
2026-09-12T21:21:09.073786Z TRACE logical_optimizer: declined logical rule rule="PullDependentFilter" reason="right_input_shape"
2026-09-12T21:21:09.073901Z TRACE logical_optimizer: applied logical rule rule="PullDependentFilterOverJoin"
2026-09-12T21:21:09.073991Z TRACE logical_optimizer: applied logical rule rule="MergeSelectInnerJoin"
2026-09-12T21:21:09.074089Z DEBUG logical_optimizer: applied=2 dependent_filters_pulled=1 remaining_dependencies=0 visited=10 exhausted=false
2026-09-12T21:21:09.074794Z TRACE logical_optimizer: declined logical rule rule="PullDependentFilter" reason="right_input_shape"
2026-09-12T21:21:09.074901Z TRACE logical_optimizer: applied logical rule rule="PullDependentFilterOverJoin"
2026-09-12T21:21:09.074983Z TRACE logical_optimizer: applied logical rule rule="MergeSelectInnerJoin"
2026-09-12T21:21:09.075085Z DEBUG logical_optimizer: applied=2 dependent_filters_pulled=1 remaining_dependencies=0 visited=10 exhausted=false
2026-09-12T21:21:09.076305Z DEBUG logical_optimizer: logical binding uses a legacy path reason="value-producing subquery lowering"
2026-09-12T21:21:09.076458Z DEBUG logical_optimizer: logical binding uses a legacy path reason="aggregate lowering"
2026-09-12T21:21:09.077452Z DEBUG logical_optimizer: logical binding uses a legacy path reason="value-producing subquery lowering"
2026-09-12T21:21:09.077614Z DEBUG logical_optimizer: logical binding uses a legacy path reason="aggregate lowering"
2026-09-12T21:21:09.078628Z DEBUG logical_optimizer: logical binding uses a legacy path reason="value-producing subquery lowering"
2026-09-12T21:21:09.078778Z DEBUG logical_optimizer: logical binding uses a legacy path reason="aggregate lowering"
2026-09-12T21:21:09.080006Z DEBUG logical_optimizer: logical binding uses a legacy path reason="value-producing subquery lowering"
2026-09-12T21:21:09.080174Z DEBUG logical_optimizer: logical binding uses a legacy path reason="aggregate lowering"
2026-09-12T21:21:09.081485Z TRACE logical_optimizer: applied logical rule rule="PullDependentFilter"
2026-09-12T21:21:09.081579Z DEBUG logical_optimizer: applied=1 dependent_filters_pulled=1 remaining_dependencies=0 visited=5 exhausted=false
2026-09-12T21:21:09.082036Z TRACE logical_optimizer: applied logical rule rule="PullDependentFilter"
2026-09-12T21:21:09.082132Z DEBUG logical_optimizer: applied=1 dependent_filters_pulled=1 remaining_dependencies=0 visited=5 exhausted=false
2026-09-12T21:21:09.082628Z TRACE logical_optimizer: applied logical rule rule="PullDependentFilter"
2026-09-12T21:21:09.082727Z DEBUG logical_optimizer: applied=1 dependent_filters_pulled=1 remaining_dependencies=0 visited=5 exhausted=false
2026-09-12T21:21:09.083267Z TRACE logical_optimizer: applied logical rule rule="PullDependentFilter"
2026-09-12T21:21:09.083367Z DEBUG logical_optimizer: applied=1 dependent_filters_pulled=1 remaining_dependencies=0 visited=5 exhausted=false
2026-09-12T21:21:09.089173Z DEBUG logical_optimizer: logical binding uses a legacy path reason="aggregate lowering"
2026-09-12T21:21:09.089705Z DEBUG logical_optimizer: logical binding uses a legacy path reason="aggregate lowering"
2026-09-12T21:21:09.090109Z DEBUG logical_optimizer: logical binding uses a legacy path reason="aggregate lowering"
2026-09-12T21:21:09.091877Z DEBUG logical_optimizer: logical binding uses a legacy path reason="value-producing subquery lowering"
2026-09-12T21:21:09.091957Z DEBUG logical_optimizer: logical binding uses a legacy path reason="aggregate lowering"
2026-09-12T21:21:09.092041Z DEBUG logical_optimizer: logical binding uses a legacy path reason="value-producing subquery lowering"
2026-09-12T21:21:09.092861Z DEBUG logical_optimizer: logical binding uses a legacy path reason="value-producing subquery lowering"
2026-09-12T21:21:09.092971Z DEBUG logical_optimizer: logical binding uses a legacy path reason="aggregate lowering"
2026-09-12T21:21:09.093090Z DEBUG logical_optimizer: logical binding uses a legacy path reason="value-producing subquery lowering"
2026-09-12T21:21:09.096046Z DEBUG logical_optimizer: logical binding uses a legacy path reason="aggregate lowering"
2026-09-12T21:21:09.096169Z DEBUG logical_optimizer: logical binding uses a legacy path reason="aggregate lowering"
2026-09-12T21:21:09.096326Z TRACE logical_optimizer: applied logical rule rule="PullDependentFilter"
2026-09-12T21:21:09.096408Z TRACE logical_optimizer: applied logical rule rule="PullLeftFilter"
2026-09-12T21:21:09.096495Z DEBUG logical_optimizer: applied=2 dependent_filters_pulled=1 remaining_dependencies=0 visited=5 exhausted=false
2026-09-12T21:21:09.097170Z DEBUG logical_optimizer: logical binding uses a legacy path reason="aggregate lowering"
2026-09-12T21:21:09.097282Z DEBUG logical_optimizer: logical binding uses a legacy path reason="aggregate lowering"
2026-09-12T21:21:09.097413Z TRACE logical_optimizer: applied logical rule rule="PullDependentFilter"
2026-09-12T21:21:09.097491Z TRACE logical_optimizer: applied logical rule rule="PullLeftFilter"
2026-09-12T21:21:09.097579Z DEBUG logical_optimizer: applied=2 dependent_filters_pulled=1 remaining_dependencies=0 visited=5 exhausted=false
2026-09-12T21:21:09.098168Z DEBUG logical_optimizer: logical binding uses a legacy path reason="aggregate lowering"
2026-09-12T21:21:09.098279Z DEBUG logical_optimizer: logical binding uses a legacy path reason="aggregate lowering"
2026-09-12T21:21:09.098409Z TRACE logical_optimizer: applied logical rule rule="PullDependentFilter"
2026-09-12T21:21:09.098486Z TRACE logical_optimizer: applied logical rule rule="PullLeftFilter"
2026-09-12T21:21:09.098572Z DEBUG logical_optimizer: applied=2 dependent_filters_pulled=1 remaining_dependencies=0 visited=5 exhausted=false
2026-09-12T21:21:09.099457Z DEBUG logical_optimizer: logical binding uses a legacy path reason="aggregate lowering"
2026-09-12T21:21:09.099569Z DEBUG logical_optimizer: logical binding uses a legacy path reason="aggregate lowering"
2026-09-12T21:21:09.099695Z TRACE logical_optimizer: applied logical rule rule="PullDependentFilter"
2026-09-12T21:21:09.099772Z TRACE logical_optimizer: applied logical rule rule="PullLeftFilter"
2026-09-12T21:21:09.099857Z DEBUG logical_optimizer: applied=2 dependent_filters_pulled=1 remaining_dependencies=0 visited=5 exhausted=false
2026-09-12T21:21:09.103854Z DEBUG logical_optimizer: logical binding uses a legacy path reason="value-producing subquery lowering"
2026-09-12T21:21:09.104189Z DEBUG logical_optimizer: logical binding uses a legacy path reason="value-producing subquery lowering"
2026-09-12T21:21:09.107899Z DEBUG logical_optimizer: logical binding uses a legacy path reason="value-producing subquery lowering"
2026-09-12T21:21:09.108481Z DEBUG logical_optimizer: logical binding uses a legacy path reason="value-producing subquery lowering"
2026-09-12T21:21:09.112854Z DEBUG logical_optimizer: logical binding uses a legacy path reason="value-producing subquery lowering"
2026-09-12T21:21:09.113333Z DEBUG logical_optimizer: logical binding uses a legacy path reason="value-producing subquery lowering"
2026-09-12T21:21:09.113754Z DEBUG logical_optimizer: logical binding uses a legacy path reason="value-producing subquery lowering"
2026-09-12T21:21:09.114348Z DEBUG logical_optimizer: logical binding uses a legacy path reason="value-producing subquery lowering"
2026-09-12T21:21:09.115270Z TRACE logical_optimizer: applied logical rule rule="PullDependentFilter"
2026-09-12T21:21:09.115352Z TRACE logical_optimizer: applied logical rule rule="PullLeftFilter"
2026-09-12T21:21:09.115421Z DEBUG logical_optimizer: applied=2 dependent_filters_pulled=1 remaining_dependencies=0 visited=6 exhausted=false
2026-09-12T21:21:09.115896Z TRACE logical_optimizer: applied logical rule rule="PullDependentFilter"
2026-09-12T21:21:09.115972Z TRACE logical_optimizer: applied logical rule rule="PullLeftFilter"
2026-09-12T21:21:09.116031Z DEBUG logical_optimizer: applied=2 dependent_filters_pulled=1 remaining_dependencies=0 visited=6 exhausted=false
2026-09-12T21:21:09.116550Z TRACE logical_optimizer: applied logical rule rule="PullDependentFilter"
2026-09-12T21:21:09.116609Z TRACE logical_optimizer: applied logical rule rule="PullLeftFilter"
2026-09-12T21:21:09.116667Z DEBUG logical_optimizer: applied=2 dependent_filters_pulled=1 remaining_dependencies=0 visited=6 exhausted=false
2026-09-12T21:21:09.117260Z TRACE logical_optimizer: applied logical rule rule="PullDependentFilter"
2026-09-12T21:21:09.117336Z TRACE logical_optimizer: applied logical rule rule="PullLeftFilter"
2026-09-12T21:21:09.117400Z DEBUG logical_optimizer: applied=2 dependent_filters_pulled=1 remaining_dependencies=0 visited=6 exhausted=false
2026-09-12T21:21:09.119477Z TRACE logical_optimizer: applied logical rule rule="PullDependentFilter"
2026-09-12T21:21:09.119566Z DEBUG logical_optimizer: applied=1 dependent_filters_pulled=1 remaining_dependencies=0 visited=5 exhausted=false
2026-09-12T21:21:09.119975Z TRACE logical_optimizer: applied logical rule rule="PullDependentFilter"
2026-09-12T21:21:09.120064Z DEBUG logical_optimizer: applied=1 dependent_filters_pulled=1 remaining_dependencies=0 visited=5 exhausted=false
2026-09-12T21:21:09.120499Z TRACE logical_optimizer: applied logical rule rule="PullDependentFilter"
2026-09-12T21:21:09.120562Z DEBUG logical_optimizer: applied=1 dependent_filters_pulled=1 remaining_dependencies=0 visited=5 exhausted=false
2026-09-12T21:21:09.121040Z TRACE logical_optimizer: applied logical rule rule="PullDependentFilter"
2026-09-12T21:21:09.121132Z DEBUG logical_optimizer: applied=1 dependent_filters_pulled=1 remaining_dependencies=0 visited=5 exhausted=false
2026-09-12T21:21:09.122076Z DEBUG logical_optimizer: logical binding uses a legacy path reason="value-producing subquery lowering"
2026-09-12T21:21:09.122173Z DEBUG logical_optimizer: logical binding uses a legacy path reason="aggregate lowering"
2026-09-12T21:21:09.122700Z DEBUG logical_optimizer: logical binding uses a legacy path reason="value-producing subquery lowering"
2026-09-12T21:21:09.122798Z DEBUG logical_optimizer: logical binding uses a legacy path reason="aggregate lowering"
2026-09-12T21:21:09.123184Z DEBUG logical_optimizer: logical binding uses a legacy path reason="value-producing subquery lowering"
2026-09-12T21:21:09.123315Z DEBUG logical_optimizer: logical binding uses a legacy path reason="aggregate lowering"
2026-09-12T21:21:09.129683Z DEBUG logical_optimizer: logical binding uses a legacy path reason="value-producing subquery lowering"
2026-09-12T21:21:09.130280Z DEBUG logical_optimizer: logical binding uses a legacy path reason="value-producing subquery lowering"
2026-09-12T21:21:09.132709Z DEBUG logical_optimizer: logical binding uses a legacy path reason="value-producing subquery lowering"
2026-09-12T21:21:09.133445Z DEBUG logical_optimizer: logical binding uses a legacy path reason="value-producing subquery lowering"
2026-09-12T21:21:09.134540Z DEBUG logical_optimizer: logical binding uses a legacy path reason="aggregate lowering"
2026-09-12T21:21:09.134944Z DEBUG logical_optimizer: logical binding uses a legacy path reason="aggregate lowering"
2026-09-12T21:21:09.135429Z DEBUG logical_optimizer: logical binding uses a legacy path reason="value-producing subquery lowering"
2026-09-12T21:21:09.136018Z DEBUG logical_optimizer: logical binding uses a legacy path reason="value-producing subquery lowering"
2026-09-12T21:21:09.137749Z DEBUG logical_optimizer: logical binding uses a legacy path reason="DISTINCT output mapping"
2026-09-12T21:21:09.138137Z DEBUG logical_optimizer: logical binding uses a legacy path reason="DISTINCT output mapping"
2026-09-12T21:21:09.138680Z DEBUG logical_optimizer: logical binding uses a legacy path reason="value-producing subquery lowering"
2026-09-12T21:21:09.139107Z DEBUG logical_optimizer: logical binding uses a legacy path reason="value-producing subquery lowering"
2026-09-12T21:21:09.139528Z TRACE logical_optimizer: applied logical rule rule="PullDependentFilter"
2026-09-12T21:21:09.139653Z TRACE logical_optimizer: applied logical rule rule="PullLeftFilter"
2026-09-12T21:21:09.139748Z DEBUG logical_optimizer: applied=2 dependent_filters_pulled=1 remaining_dependencies=0 visited=5 exhausted=false
2026-09-12T21:21:09.140078Z TRACE logical_optimizer: applied logical rule rule="PullDependentFilter"
2026-09-12T21:21:09.140162Z TRACE logical_optimizer: applied logical rule rule="PullLeftFilter"
2026-09-12T21:21:09.140255Z DEBUG logical_optimizer: applied=2 dependent_filters_pulled=1 remaining_dependencies=0 visited=5 exhausted=false
2026-09-12T21:21:09.140589Z TRACE logical_optimizer: applied logical rule rule="PullDependentFilter"
2026-09-12T21:21:09.140672Z TRACE logical_optimizer: applied logical rule rule="PullLeftFilter"
2026-09-12T21:21:09.140759Z DEBUG logical_optimizer: applied=2 dependent_filters_pulled=1 remaining_dependencies=0 visited=5 exhausted=false
2026-09-12T21:21:09.141254Z TRACE logical_optimizer: applied logical rule rule="PullDependentFilter"
2026-09-12T21:21:09.141335Z TRACE logical_optimizer: applied logical rule rule="PullLeftFilter"
2026-09-12T21:21:09.141420Z DEBUG logical_optimizer: applied=2 dependent_filters_pulled=1 remaining_dependencies=0 visited=5 exhausted=false
2026-09-12T21:21:09.144941Z DEBUG logical_optimizer: logical binding uses a legacy path reason="aggregate lowering"
2026-09-12T21:21:09.145098Z TRACE logical_optimizer: applied logical rule rule="PullDependentFilter"
2026-09-12T21:21:09.145207Z TRACE logical_optimizer: applied logical rule rule="PullLeftFilter"
2026-09-12T21:21:09.145306Z DEBUG logical_optimizer: applied=2 dependent_filters_pulled=1 remaining_dependencies=0 visited=6 exhausted=false
2026-09-12T21:21:09.145634Z DEBUG logical_optimizer: logical binding uses a legacy path reason="scalar execution resource or subquery result"
2026-09-12T21:21:09.145819Z DEBUG logical_optimizer: logical binding uses a legacy path reason="value-producing subquery lowering"
2026-09-12T21:21:09.147136Z DEBUG logical_optimizer: logical binding uses a legacy path reason="aggregate lowering"
2026-09-12T21:21:09.147330Z TRACE logical_optimizer: applied logical rule rule="PullDependentFilter"
2026-09-12T21:21:09.147418Z TRACE logical_optimizer: applied logical rule rule="PullLeftFilter"
2026-09-12T21:21:09.147507Z DEBUG logical_optimizer: applied=2 dependent_filters_pulled=1 remaining_dependencies=0 visited=6 exhausted=false
2026-09-12T21:21:09.147770Z DEBUG logical_optimizer: logical binding uses a legacy path reason="scalar execution resource or subquery result"
2026-09-12T21:21:09.147900Z DEBUG logical_optimizer: logical binding uses a legacy path reason="value-producing subquery lowering"
2026-09-12T21:21:09.151697Z DEBUG logical_optimizer: logical binding uses a legacy path reason="aggregate lowering"
2026-09-12T21:21:09.151830Z DEBUG logical_optimizer: logical binding uses a legacy path reason="value-producing subquery lowering"
2026-09-12T21:21:09.152484Z DEBUG logical_optimizer: logical binding uses a legacy path reason="aggregate lowering"
2026-09-12T21:21:09.152604Z DEBUG logical_optimizer: logical binding uses a legacy path reason="value-producing subquery lowering"
2026-09-12T21:21:09.153304Z DEBUG logical_optimizer: logical binding uses a legacy path reason="value-producing subquery lowering"
2026-09-12T21:21:09.153681Z DEBUG logical_optimizer: logical binding uses a legacy path reason="value-producing subquery lowering"
2026-09-12T21:21:09.154275Z DEBUG logical_optimizer: logical binding uses a legacy path reason="DISTINCT output mapping"
2026-09-12T21:21:09.154695Z DEBUG logical_optimizer: logical binding uses a legacy path reason="DISTINCT output mapping"
2026-09-12T21:21:09.155222Z DEBUG logical_optimizer: logical binding uses a legacy path reason="aggregate lowering"
2026-09-12T21:21:09.155341Z DEBUG logical_optimizer: logical binding uses a legacy path reason="value-producing subquery lowering"
2026-09-12T21:21:09.155921Z DEBUG logical_optimizer: logical binding uses a legacy path reason="aggregate lowering"
2026-09-12T21:21:09.156034Z DEBUG logical_optimizer: logical binding uses a legacy path reason="value-producing subquery lowering"
2026-09-12T21:21:09.156702Z TRACE logical_optimizer: declined logical rule rule="PullDependentFilter" reason="right_input_shape"
2026-09-12T21:21:09.156810Z TRACE logical_optimizer: applied logical rule rule="PullDependentFilterOverJoin"
2026-09-12T21:21:09.156890Z TRACE logical_optimizer: applied logical rule rule="MergeSelectInnerJoin"
2026-09-12T21:21:09.156983Z DEBUG logical_optimizer: applied=2 dependent_filters_pulled=1 remaining_dependencies=0 visited=10 exhausted=false
2026-09-12T21:21:09.157456Z TRACE logical_optimizer: declined logical rule rule="PullDependentFilter" reason="right_input_shape"
2026-09-12T21:21:09.157562Z TRACE logical_optimizer: applied logical rule rule="PullDependentFilterOverJoin"
2026-09-12T21:21:09.157641Z TRACE logical_optimizer: applied logical rule rule="MergeSelectInnerJoin"
2026-09-12T21:21:09.157734Z DEBUG logical_optimizer: applied=2 dependent_filters_pulled=1 remaining_dependencies=0 visited=10 exhausted=false
2026-09-12T21:21:09.158277Z TRACE logical_optimizer: declined logical rule rule="PullDependentFilter" reason="right_input_shape"
2026-09-12T21:21:09.158379Z TRACE logical_optimizer: applied logical rule rule="PullDependentFilterOverJoin"
2026-09-12T21:21:09.158457Z TRACE logical_optimizer: applied logical rule rule="MergeSelectInnerJoin"
2026-09-12T21:21:09.158551Z DEBUG logical_optimizer: applied=2 dependent_filters_pulled=1 remaining_dependencies=0 visited=10 exhausted=false
2026-09-12T21:21:09.159220Z TRACE logical_optimizer: declined logical rule rule="PullDependentFilter" reason="right_input_shape"
2026-09-12T21:21:09.159322Z TRACE logical_optimizer: applied logical rule rule="PullDependentFilterOverJoin"
2026-09-12T21:21:09.159399Z TRACE logical_optimizer: applied logical rule rule="MergeSelectInnerJoin"
2026-09-12T21:21:09.159489Z DEBUG logical_optimizer: applied=2 dependent_filters_pulled=1 remaining_dependencies=0 visited=10 exhausted=false
2026-09-12T21:21:09.160688Z TRACE logical_optimizer: applied logical rule rule="PullDependentFilter"
2026-09-12T21:21:09.160781Z DEBUG logical_optimizer: applied=1 dependent_filters_pulled=1 remaining_dependencies=0 visited=5 exhausted=false
2026-09-12T21:21:09.161149Z TRACE logical_optimizer: applied logical rule rule="PullDependentFilter"
2026-09-12T21:21:09.161241Z DEBUG logical_optimizer: applied=1 dependent_filters_pulled=1 remaining_dependencies=0 visited=5 exhausted=false
2026-09-12T21:21:09.161793Z TRACE logical_optimizer: applied logical rule rule="PullDependentFilter"
2026-09-12T21:21:09.161883Z DEBUG logical_optimizer: applied=1 dependent_filters_pulled=1 remaining_dependencies=0 visited=5 exhausted=false
2026-09-12T21:21:09.162338Z TRACE logical_optimizer: applied logical rule rule="PullDependentFilter"
2026-09-12T21:21:09.162433Z DEBUG logical_optimizer: applied=1 dependent_filters_pulled=1 remaining_dependencies=0 visited=5 exhausted=false
2026-09-12T21:21:09.164413Z DEBUG logical_optimizer: logical binding uses a legacy path reason="aggregate lowering"
2026-09-12T21:21:09.164814Z DEBUG logical_optimizer: logical binding uses a legacy path reason="aggregate lowering"
2026-09-12T21:21:09.165311Z DEBUG logical_optimizer: logical binding uses a legacy path reason="value-producing subquery lowering"
2026-09-12T21:21:09.165751Z DEBUG logical_optimizer: logical binding uses a legacy path reason="value-producing subquery lowering"
2026-09-12T21:21:09.166626Z DEBUG logical_optimizer: logical binding uses a legacy path reason="aggregate lowering"
2026-09-12T21:21:09.166747Z DEBUG logical_optimizer: logical binding uses a legacy path reason="scalar execution resource or subquery result"
2026-09-12T21:21:09.166899Z DEBUG logical_optimizer: logical binding uses a legacy path reason="value-producing subquery lowering"
2026-09-12T21:21:09.167694Z DEBUG logical_optimizer: logical binding uses a legacy path reason="aggregate lowering"
2026-09-12T21:21:09.167813Z DEBUG logical_optimizer: logical binding uses a legacy path reason="scalar execution resource or subquery result"
2026-09-12T21:21:09.168005Z DEBUG logical_optimizer: logical binding uses a legacy path reason="value-producing subquery lowering"
2026-09-12T21:21:09.173940Z DEBUG logical_optimizer: logical binding uses a legacy path reason="value-producing subquery lowering"
2026-09-12T21:21:09.174291Z DEBUG logical_optimizer: logical binding uses a legacy path reason="value-producing subquery lowering"
2026-09-12T21:21:09.174814Z DEBUG logical_optimizer: logical binding uses a legacy path reason="DISTINCT output mapping"
2026-09-12T21:21:09.175445Z DEBUG logical_optimizer: logical binding uses a legacy path reason="DISTINCT output mapping"
2026-09-12T21:21:09.176265Z DEBUG logical_optimizer: logical binding uses a legacy path reason="DISTINCT output mapping"
2026-09-12T21:21:09.177106Z DEBUG logical_optimizer: logical binding uses a legacy path reason="DISTINCT output mapping"
2026-09-12T21:21:09.178232Z TRACE logical_optimizer: applied logical rule rule="PullDependentFilter"
2026-09-12T21:21:09.178329Z DEBUG logical_optimizer: applied=1 dependent_filters_pulled=1 remaining_dependencies=0 visited=5 exhausted=false
2026-09-12T21:21:09.178738Z TRACE logical_optimizer: applied logical rule rule="PullDependentFilter"
2026-09-12T21:21:09.178849Z DEBUG logical_optimizer: applied=1 dependent_filters_pulled=1 remaining_dependencies=0 visited=5 exhausted=false
2026-09-12T21:21:09.179288Z TRACE logical_optimizer: applied logical rule rule="PullDependentFilter"
2026-09-12T21:21:09.179389Z DEBUG logical_optimizer: applied=1 dependent_filters_pulled=1 remaining_dependencies=0 visited=5 exhausted=false
2026-09-12T21:21:09.179855Z TRACE logical_optimizer: applied logical rule rule="PullDependentFilter"
2026-09-12T21:21:09.179954Z DEBUG logical_optimizer: applied=1 dependent_filters_pulled=1 remaining_dependencies=0 visited=5 exhausted=false
2026-09-12T21:21:09.180786Z DEBUG logical_optimizer: logical binding uses a legacy path reason="DISTINCT output mapping"
2026-09-12T21:21:09.181235Z DEBUG logical_optimizer: logical binding uses a legacy path reason="DISTINCT output mapping"
2026-09-12T21:21:09.182084Z DEBUG logical_optimizer: logical binding uses a legacy path reason="value-producing subquery lowering"
2026-09-12T21:21:09.182223Z DEBUG logical_optimizer: logical binding uses a legacy path reason="aggregate lowering"
2026-09-12T21:21:09.182601Z DEBUG logical_optimizer: logical binding uses a legacy path reason="value-producing subquery lowering"
2026-09-12T21:21:09.182718Z DEBUG logical_optimizer: logical binding uses a legacy path reason="aggregate lowering"
2026-09-12T21:21:09.183281Z DEBUG logical_optimizer: logical binding uses a legacy path reason="value-producing subquery lowering"
2026-09-12T21:21:09.183706Z DEBUG logical_optimizer: logical binding uses a legacy path reason="value-producing subquery lowering"
2026-09-12T21:21:09.188577Z DEBUG logical_optimizer: logical binding uses a legacy path reason="value-producing subquery lowering"
2026-09-12T21:21:09.188948Z DEBUG logical_optimizer: logical binding uses a legacy path reason="value-producing subquery lowering"
2026-09-12T21:21:09.189377Z DEBUG logical_optimizer: logical binding uses a legacy path reason="value-producing subquery lowering"
2026-09-12T21:21:09.189867Z DEBUG logical_optimizer: logical binding uses a legacy path reason="value-producing subquery lowering"
2026-09-12T21:21:09.190493Z DEBUG logical_optimizer: logical binding uses a legacy path reason="DISTINCT output mapping"
2026-09-12T21:21:09.191133Z DEBUG logical_optimizer: logical binding uses a legacy path reason="DISTINCT output mapping"
2026-09-12T21:21:09.193893Z DEBUG logical_optimizer: logical binding uses a legacy path reason="value-producing subquery lowering"
2026-09-12T21:21:09.194283Z DEBUG logical_optimizer: logical binding uses a legacy path reason="value-producing subquery lowering"
2026-09-12T21:21:09.194583Z DEBUG logical_optimizer: logical binding uses a legacy path reason="value-producing subquery lowering"
2026-09-12T21:21:09.195173Z DEBUG logical_optimizer: logical binding uses a legacy path reason="value-producing subquery lowering"
2026-09-12T21:21:09.196653Z DEBUG logical_optimizer: logical binding uses a legacy path reason="value-producing subquery lowering"
2026-09-12T21:21:09.197047Z DEBUG logical_optimizer: logical binding uses a legacy path reason="value-producing subquery lowering"
2026-09-12T21:21:09.198391Z DEBUG logical_optimizer: logical binding uses a legacy path reason="value-producing subquery lowering"
2026-09-12T21:21:09.198496Z DEBUG logical_optimizer: logical binding uses a legacy path reason="aggregate lowering"
2026-09-12T21:21:09.199118Z DEBUG logical_optimizer: logical binding uses a legacy path reason="value-producing subquery lowering"
2026-09-12T21:21:09.199231Z DEBUG logical_optimizer: logical binding uses a legacy path reason="aggregate lowering"
2026-09-12T21:21:09.206803Z DEBUG logical_optimizer: logical binding uses a legacy path reason="subquery outside a direct EXISTS filter"
2026-09-12T21:21:09.207112Z DEBUG logical_optimizer: logical binding uses a legacy path reason="subquery outside a direct EXISTS filter"
2026-09-12T21:21:09.207493Z DEBUG logical_optimizer: logical binding uses a legacy path reason="scalar execution resource or subquery result"
2026-09-12T21:21:09.207813Z DEBUG logical_optimizer: logical binding uses a legacy path reason="scalar execution resource or subquery result"
2026-09-12T21:21:09.208112Z DEBUG logical_optimizer: logical binding uses a legacy path reason="scalar execution resource or subquery result"
2026-09-12T21:21:09.208685Z DEBUG logical_optimizer: logical binding uses a legacy path reason="value-producing subquery lowering"
2026-09-12T21:21:09.209056Z DEBUG logical_optimizer: logical binding uses a legacy path reason="value-producing subquery lowering"
2026-09-12T21:21:09.209456Z DEBUG logical_optimizer: logical binding uses a legacy path reason="value-producing subquery lowering"
2026-09-12T21:21:09.210055Z DEBUG logical_optimizer: logical binding uses a legacy path reason="value-producing subquery lowering"
2026-09-12T21:21:09.210665Z DEBUG logical_optimizer: logical binding uses a legacy path reason="value-producing subquery lowering"
2026-09-12T21:21:09.214380Z DEBUG logical_optimizer: logical binding uses a legacy path reason="value-producing subquery lowering"
2026-09-12T21:21:09.214517Z DEBUG logical_optimizer: logical binding uses a legacy path reason="aggregate lowering"
2026-09-12T21:21:09.214687Z TRACE logical_optimizer: applied logical rule rule="PullDependentFilter"
2026-09-12T21:21:09.214769Z TRACE logical_optimizer: applied logical rule rule="PullLeftFilter"
2026-09-12T21:21:09.214859Z DEBUG logical_optimizer: applied=2 dependent_filters_pulled=1 remaining_dependencies=0 visited=6 exhausted=false
2026-09-12T21:21:09.215485Z DEBUG logical_optimizer: logical binding uses a legacy path reason="value-producing subquery lowering"
2026-09-12T21:21:09.215617Z DEBUG logical_optimizer: logical binding uses a legacy path reason="aggregate lowering"
2026-09-12T21:21:09.215761Z TRACE logical_optimizer: applied logical rule rule="PullDependentFilter"
2026-09-12T21:21:09.215855Z TRACE logical_optimizer: applied logical rule rule="PullLeftFilter"
2026-09-12T21:21:09.215969Z DEBUG logical_optimizer: applied=2 dependent_filters_pulled=1 remaining_dependencies=0 visited=6 exhausted=false
2026-09-12T21:21:09.217086Z DEBUG logical_optimizer: logical binding uses a legacy path reason="aggregate lowering"
2026-09-12T21:21:09.217896Z DEBUG logical_optimizer: logical binding uses a legacy path reason="aggregate lowering"
2026-09-12T21:21:09.218812Z TRACE logical_optimizer: applied logical rule rule="PullDependentFilter"
2026-09-12T21:21:09.218916Z DEBUG logical_optimizer: applied=1 dependent_filters_pulled=1 remaining_dependencies=0 visited=5 exhausted=false
2026-09-12T21:21:09.219308Z TRACE logical_optimizer: applied logical rule rule="PullDependentFilter"
2026-09-12T21:21:09.219406Z DEBUG logical_optimizer: applied=1 dependent_filters_pulled=1 remaining_dependencies=0 visited=5 exhausted=false
2026-09-12T21:21:09.219995Z TRACE logical_optimizer: applied logical rule rule="PullDependentFilter"
2026-09-12T21:21:09.220146Z DEBUG logical_optimizer: applied=1 dependent_filters_pulled=1 remaining_dependencies=0 visited=5 exhausted=false
2026-09-12T21:21:09.220643Z TRACE logical_optimizer: applied logical rule rule="PullDependentFilter"
2026-09-12T21:21:09.220742Z DEBUG logical_optimizer: applied=1 dependent_filters_pulled=1 remaining_dependencies=0 visited=5 exhausted=false
2026-09-12T21:21:09.221822Z DEBUG logical_optimizer: logical binding uses a legacy path reason="value-producing subquery lowering"
2026-09-12T21:21:09.222248Z DEBUG logical_optimizer: logical binding uses a legacy path reason="value-producing subquery lowering"
2026-09-12T21:21:09.224469Z DEBUG logical_optimizer: logical binding uses a legacy path reason="value-producing subquery lowering"
2026-09-12T21:21:09.225073Z DEBUG logical_optimizer: logical binding uses a legacy path reason="value-producing subquery lowering"
2026-09-12T21:21:09.225845Z DEBUG logical_optimizer: logical binding uses a legacy path reason="aggregate lowering"
2026-09-12T21:21:09.226321Z DEBUG logical_optimizer: logical binding uses a legacy path reason="aggregate lowering"
2026-09-12T21:21:09.226753Z DEBUG logical_optimizer: logical binding uses a legacy path reason="aggregate lowering"
2026-09-12T21:21:09.227702Z DEBUG logical_optimizer: logical binding uses a legacy path reason="value-producing subquery lowering"
2026-09-12T21:21:09.228252Z DEBUG logical_optimizer: logical binding uses a legacy path reason="value-producing subquery lowering"
2026-09-12T21:21:09.230097Z DEBUG logical_optimizer: logical binding uses a legacy path reason="aggregate lowering"
2026-09-12T21:21:09.230544Z DEBUG logical_optimizer: logical binding uses a legacy path reason="aggregate lowering"
2026-09-12T21:21:09.230932Z DEBUG logical_optimizer: logical binding uses a legacy path reason="aggregate lowering"
2026-09-12T21:21:09.234816Z DEBUG logical_optimizer: logical binding uses a legacy path reason="aggregate lowering"
2026-09-12T21:21:09.235232Z DEBUG logical_optimizer: logical binding uses a legacy path reason="aggregate lowering"
2026-09-12T21:21:09.235610Z DEBUG logical_optimizer: logical binding uses a legacy path reason="aggregate lowering"
2026-09-12T21:21:09.236255Z DEBUG logical_optimizer: logical binding uses a legacy path reason="aggregate lowering"
2026-09-12T21:21:09.236372Z DEBUG logical_optimizer: logical binding uses a legacy path reason="aggregate lowering"
2026-09-12T21:21:09.236903Z DEBUG logical_optimizer: logical binding uses a legacy path reason="aggregate lowering"
2026-09-12T21:21:09.237031Z DEBUG logical_optimizer: logical binding uses a legacy path reason="aggregate lowering"
2026-09-12T21:21:09.238023Z DEBUG logical_optimizer: logical binding uses a legacy path reason="aggregate lowering"
2026-09-12T21:21:09.238159Z DEBUG logical_optimizer: logical binding uses a legacy path reason="value-producing subquery lowering"
2026-09-12T21:21:09.238306Z DEBUG logical_optimizer: logical binding uses a legacy path reason="aggregate lowering"
2026-09-12T21:21:09.238914Z DEBUG logical_optimizer: logical binding uses a legacy path reason="aggregate lowering"
2026-09-12T21:21:09.239036Z DEBUG logical_optimizer: logical binding uses a legacy path reason="value-producing subquery lowering"
2026-09-12T21:21:09.239156Z DEBUG logical_optimizer: logical binding uses a legacy path reason="aggregate lowering"
2026-09-12T21:21:09.239788Z DEBUG logical_optimizer: logical binding uses a legacy path reason="aggregate lowering"
2026-09-12T21:21:09.239924Z DEBUG logical_optimizer: logical binding uses a legacy path reason="value-producing subquery lowering"
2026-09-12T21:21:09.240077Z DEBUG logical_optimizer: logical binding uses a legacy path reason="aggregate lowering"
2026-09-12T21:21:09.241096Z DEBUG logical_optimizer: logical binding uses a legacy path reason="DISTINCT output mapping"
2026-09-12T21:21:09.241666Z DEBUG logical_optimizer: logical binding uses a legacy path reason="DISTINCT output mapping"
2026-09-12T21:21:09.242463Z DEBUG logical_optimizer: logical binding uses a legacy path reason="DISTINCT output mapping"
2026-09-12T21:21:09.243043Z DEBUG logical_optimizer: logical binding uses a legacy path reason="DISTINCT output mapping"
2026-09-12T21:21:09.249700Z DEBUG logical_optimizer: logical binding uses a legacy path reason="value-producing subquery lowering"
2026-09-12T21:21:09.250095Z DEBUG logical_optimizer: logical binding uses a legacy path reason="value-producing subquery lowering"
2026-09-12T21:21:09.250398Z DEBUG logical_optimizer: logical binding uses a legacy path reason="value-producing subquery lowering"
2026-09-12T21:21:09.250891Z DEBUG logical_optimizer: logical binding uses a legacy path reason="value-producing subquery lowering"
2026-09-12T21:21:09.251890Z DEBUG logical_optimizer: logical binding uses a legacy path reason="aggregate lowering"
2026-09-12T21:21:09.251994Z DEBUG logical_optimizer: logical binding uses a legacy path reason="value-producing subquery lowering"
2026-09-12T21:21:09.252081Z DEBUG logical_optimizer: logical binding uses a legacy path reason="aggregate lowering"
2026-09-12T21:21:09.252831Z DEBUG logical_optimizer: logical binding uses a legacy path reason="aggregate lowering"
2026-09-12T21:21:09.252954Z DEBUG logical_optimizer: logical binding uses a legacy path reason="value-producing subquery lowering"
2026-09-12T21:21:09.253041Z DEBUG logical_optimizer: logical binding uses a legacy path reason="aggregate lowering"
2026-09-12T21:21:09.258320Z DEBUG logical_optimizer: logical binding uses a legacy path reason="scalar execution resource or subquery result"
2026-09-12T21:21:09.258464Z DEBUG logical_optimizer: logical binding uses a legacy path reason="scalar execution resource or subquery result"
2026-09-12T21:21:09.258628Z DEBUG logical_optimizer: logical binding uses a legacy path reason="scalar execution resource or subquery result"
2026-09-12T21:21:09.259195Z DEBUG logical_optimizer: logical binding uses a legacy path reason="scalar execution resource or subquery result"
2026-09-12T21:21:09.259325Z DEBUG logical_optimizer: logical binding uses a legacy path reason="scalar execution resource or subquery result"
2026-09-12T21:21:09.259459Z DEBUG logical_optimizer: logical binding uses a legacy path reason="scalar execution resource or subquery result"
2026-09-12T21:21:09.260013Z DEBUG logical_optimizer: logical binding uses a legacy path reason="scalar execution resource or subquery result"
2026-09-12T21:21:09.260416Z DEBUG logical_optimizer: logical binding uses a legacy path reason="scalar execution resource or subquery result"
2026-09-12T21:21:09.263168Z TRACE logical_optimizer: declined logical rule rule="PullDependentFilter" reason="right_input_shape"
2026-09-12T21:21:09.263292Z TRACE logical_optimizer: applied logical rule rule="PullDependentFilterOverJoin"
2026-09-12T21:21:09.263376Z TRACE logical_optimizer: applied logical rule rule="MergeSelectInnerJoin"
2026-09-12T21:21:09.263476Z DEBUG logical_optimizer: applied=2 dependent_filters_pulled=1 remaining_dependencies=0 visited=10 exhausted=false
2026-09-12T21:21:09.264153Z TRACE logical_optimizer: declined logical rule rule="PullDependentFilter" reason="right_input_shape"
2026-09-12T21:21:09.264276Z TRACE logical_optimizer: applied logical rule rule="PullDependentFilterOverJoin"
2026-09-12T21:21:09.264358Z TRACE logical_optimizer: applied logical rule rule="MergeSelectInnerJoin"
2026-09-12T21:21:09.264454Z DEBUG logical_optimizer: applied=2 dependent_filters_pulled=1 remaining_dependencies=0 visited=10 exhausted=false
2026-09-12T21:21:09.264999Z TRACE logical_optimizer: declined logical rule rule="PullDependentFilter" reason="right_input_shape"
2026-09-12T21:21:09.265111Z TRACE logical_optimizer: applied logical rule rule="PullDependentFilterOverJoin"
2026-09-12T21:21:09.265199Z TRACE logical_optimizer: applied logical rule rule="MergeSelectInnerJoin"
2026-09-12T21:21:09.265301Z DEBUG logical_optimizer: applied=2 dependent_filters_pulled=1 remaining_dependencies=0 visited=10 exhausted=false
2026-09-12T21:21:09.266210Z TRACE logical_optimizer: declined logical rule rule="PullDependentFilter" reason="right_input_shape"
2026-09-12T21:21:09.266373Z TRACE logical_optimizer: applied logical rule rule="PullDependentFilterOverJoin"
2026-09-12T21:21:09.266472Z TRACE logical_optimizer: applied logical rule rule="MergeSelectInnerJoin"
2026-09-12T21:21:09.266601Z DEBUG logical_optimizer: applied=2 dependent_filters_pulled=1 remaining_dependencies=0 visited=10 exhausted=false
2026-09-12T21:21:09.271724Z DEBUG logical_optimizer: logical binding uses a legacy path reason="value-producing subquery lowering"
2026-09-12T21:21:09.272107Z DEBUG logical_optimizer: logical binding uses a legacy path reason="value-producing subquery lowering"
2026-09-12T21:21:09.272421Z DEBUG logical_optimizer: logical binding uses a legacy path reason="value-producing subquery lowering"
2026-09-12T21:21:09.272968Z DEBUG logical_optimizer: logical binding uses a legacy path reason="value-producing subquery lowering"
2026-09-12T21:21:09.273321Z DEBUG logical_optimizer: logical binding uses a legacy path reason="value-producing subquery lowering"
2026-09-12T21:21:09.273925Z DEBUG logical_optimizer: logical binding uses a legacy path reason="value-producing subquery lowering"
2026-09-12T21:21:09.275315Z DEBUG logical_optimizer: logical binding uses a legacy path reason="value-producing subquery lowering"
2026-09-12T21:21:09.275426Z DEBUG logical_optimizer: logical binding uses a legacy path reason="aggregate lowering"
2026-09-12T21:21:09.275690Z DEBUG logical_optimizer: logical binding uses a legacy path reason="value-producing subquery lowering"
2026-09-12T21:21:09.275777Z DEBUG logical_optimizer: logical binding uses a legacy path reason="scalar execution resource or subquery result"
2026-09-12T21:21:09.276720Z DEBUG logical_optimizer: logical binding uses a legacy path reason="value-producing subquery lowering"
2026-09-12T21:21:09.276814Z DEBUG logical_optimizer: logical binding uses a legacy path reason="aggregate lowering"
2026-09-12T21:21:09.277040Z DEBUG logical_optimizer: logical binding uses a legacy path reason="value-producing subquery lowering"
2026-09-12T21:21:09.277125Z DEBUG logical_optimizer: logical binding uses a legacy path reason="scalar execution resource or subquery result"
2026-09-12T21:21:09.278103Z DEBUG logical_optimizer: logical binding uses a legacy path reason="value-producing subquery lowering"
2026-09-12T21:21:09.278209Z DEBUG logical_optimizer: logical binding uses a legacy path reason="aggregate lowering"
2026-09-12T21:21:09.278383Z DEBUG logical_optimizer: logical binding uses a legacy path reason="value-producing subquery lowering"
2026-09-12T21:21:09.278465Z DEBUG logical_optimizer: logical binding uses a legacy path reason="scalar execution resource or subquery result"
2026-09-12T21:21:09.279899Z DEBUG logical_optimizer: logical binding uses a legacy path reason="value-producing subquery lowering"
2026-09-12T21:21:09.280017Z DEBUG logical_optimizer: logical binding uses a legacy path reason="aggregate lowering"
2026-09-12T21:21:09.280236Z DEBUG logical_optimizer: logical binding uses a legacy path reason="value-producing subquery lowering"
2026-09-12T21:21:09.280393Z DEBUG logical_optimizer: logical binding uses a legacy path reason="scalar execution resource or subquery result"
2026-09-12T21:21:09.282475Z DEBUG logical_optimizer: logical binding uses a legacy path reason="value-producing subquery lowering"
2026-09-12T21:21:09.282864Z DEBUG logical_optimizer: logical binding uses a legacy path reason="value-producing subquery lowering"
2026-09-12T21:21:09.283288Z TRACE logical_optimizer: applied logical rule rule="PullDependentFilter"
2026-09-12T21:21:09.283385Z DEBUG logical_optimizer: applied=1 dependent_filters_pulled=1 remaining_dependencies=0 visited=6 exhausted=false
2026-09-12T21:21:09.283933Z TRACE logical_optimizer: applied logical rule rule="PullDependentFilter"
2026-09-12T21:21:09.284033Z DEBUG logical_optimizer: applied=1 dependent_filters_pulled=1 remaining_dependencies=0 visited=6 exhausted=false
2026-09-12T21:21:09.284613Z TRACE logical_optimizer: applied logical rule rule="PullDependentFilter"
2026-09-12T21:21:09.284779Z DEBUG logical_optimizer: applied=1 dependent_filters_pulled=1 remaining_dependencies=0 visited=6 exhausted=false
2026-09-12T21:21:09.285367Z TRACE logical_optimizer: applied logical rule rule="PullDependentFilter"
2026-09-12T21:21:09.285463Z DEBUG logical_optimizer: applied=1 dependent_filters_pulled=1 remaining_dependencies=0 visited=6 exhausted=false
2026-09-12T21:21:09.286072Z DEBUG logical_optimizer: logical binding uses a legacy path reason="DISTINCT output mapping"
2026-09-12T21:21:09.286183Z DEBUG logical_optimizer: logical binding uses a legacy path reason="aggregate lowering"
2026-09-12T21:21:09.286677Z DEBUG logical_optimizer: logical binding uses a legacy path reason="DISTINCT output mapping"
2026-09-12T21:21:09.286794Z DEBUG logical_optimizer: logical binding uses a legacy path reason="aggregate lowering"
2026-09-12T21:21:09.287342Z TRACE logical_optimizer: applied logical rule rule="PullDependentFilter"
2026-09-12T21:21:09.287442Z DEBUG logical_optimizer: applied=1 dependent_filters_pulled=1 remaining_dependencies=0 visited=5 exhausted=false
2026-09-12T21:21:09.287895Z TRACE logical_optimizer: applied logical rule rule="PullDependentFilter"
2026-09-12T21:21:09.287998Z DEBUG logical_optimizer: applied=1 dependent_filters_pulled=1 remaining_dependencies=0 visited=5 exhausted=false
2026-09-12T21:21:09.288499Z TRACE logical_optimizer: applied logical rule rule="PullDependentFilter"
2026-09-12T21:21:09.288593Z DEBUG logical_optimizer: applied=1 dependent_filters_pulled=1 remaining_dependencies=0 visited=5 exhausted=false
2026-09-12T21:21:09.289070Z TRACE logical_optimizer: applied logical rule rule="PullDependentFilter"
2026-09-12T21:21:09.289164Z DEBUG logical_optimizer: applied=1 dependent_filters_pulled=1 remaining_dependencies=0 visited=5 exhausted=false
2026-09-12T21:21:09.290087Z DEBUG logical_optimizer: logical binding uses a legacy path reason="value-producing subquery lowering"
2026-09-12T21:21:09.290274Z TRACE logical_optimizer: declined logical rule rule="PullDependentFilter" reason="predicate_effects"
2026-09-12T21:21:09.290356Z TRACE logical_optimizer: declined logical rule rule="PullDependentFilterOverJoin" reason="right_input_shape"
2026-09-12T21:21:09.290440Z DEBUG logical_optimizer: applied=0 dependent_filters_pulled=0 remaining_dependencies=1 visited=7 exhausted=false
2026-09-12T21:21:09.291158Z DEBUG logical_optimizer: logical binding uses a legacy path reason="value-producing subquery lowering"
2026-09-12T21:21:09.291335Z TRACE logical_optimizer: declined logical rule rule="PullDependentFilter" reason="predicate_effects"
2026-09-12T21:21:09.291419Z TRACE logical_optimizer: declined logical rule rule="PullDependentFilterOverJoin" reason="right_input_shape"
2026-09-12T21:21:09.291502Z DEBUG logical_optimizer: applied=0 dependent_filters_pulled=0 remaining_dependencies=1 visited=7 exhausted=false
2026-09-12T21:21:09.292490Z DEBUG logical_optimizer: logical binding uses a legacy path reason="value-producing subquery lowering"
2026-09-12T21:21:09.292679Z TRACE logical_optimizer: declined logical rule rule="PullDependentFilter" reason="predicate_effects"
2026-09-12T21:21:09.292758Z TRACE logical_optimizer: declined logical rule rule="PullDependentFilterOverJoin" reason="right_input_shape"
2026-09-12T21:21:09.292840Z DEBUG logical_optimizer: applied=0 dependent_filters_pulled=0 remaining_dependencies=1 visited=7 exhausted=false
2026-09-12T21:21:09.293834Z DEBUG logical_optimizer: logical binding uses a legacy path reason="value-producing subquery lowering"
2026-09-12T21:21:09.294068Z TRACE logical_optimizer: declined logical rule rule="PullDependentFilter" reason="predicate_effects"
2026-09-12T21:21:09.294154Z TRACE logical_optimizer: declined logical rule rule="PullDependentFilterOverJoin" reason="right_input_shape"
2026-09-12T21:21:09.294247Z DEBUG logical_optimizer: applied=0 dependent_filters_pulled=0 remaining_dependencies=1 visited=7 exhausted=false
2026-09-12T21:21:09.296731Z DEBUG logical_optimizer: logical binding uses a legacy path reason="value-producing subquery lowering"
2026-09-12T21:21:09.296921Z DEBUG logical_optimizer: logical binding uses a legacy path reason="aggregate lowering"
2026-09-12T21:21:09.297049Z DEBUG logical_optimizer: logical binding uses a legacy path reason="aggregate lowering"
2026-09-12T21:21:09.297180Z DEBUG logical_optimizer: logical binding uses a legacy path reason="aggregate lowering"
2026-09-12T21:21:09.298259Z DEBUG logical_optimizer: logical binding uses a legacy path reason="value-producing subquery lowering"
2026-09-12T21:21:09.298388Z DEBUG logical_optimizer: logical binding uses a legacy path reason="aggregate lowering"
2026-09-12T21:21:09.298530Z DEBUG logical_optimizer: logical binding uses a legacy path reason="aggregate lowering"
2026-09-12T21:21:09.298662Z DEBUG logical_optimizer: logical binding uses a legacy path reason="aggregate lowering"
2026-09-12T21:21:09.299348Z TRACE logical_optimizer: applied logical rule rule="PullDependentFilter"
2026-09-12T21:21:09.299451Z DEBUG logical_optimizer: applied=1 dependent_filters_pulled=1 remaining_dependencies=0 visited=5 exhausted=false
2026-09-12T21:21:09.299857Z TRACE logical_optimizer: applied logical rule rule="PullDependentFilter"
2026-09-12T21:21:09.299956Z DEBUG logical_optimizer: applied=1 dependent_filters_pulled=1 remaining_dependencies=0 visited=5 exhausted=false
2026-09-12T21:21:09.300524Z TRACE logical_optimizer: applied logical rule rule="PullDependentFilter"
2026-09-12T21:21:09.300618Z DEBUG logical_optimizer: applied=1 dependent_filters_pulled=1 remaining_dependencies=0 visited=5 exhausted=false
2026-09-12T21:21:09.301107Z TRACE logical_optimizer: applied logical rule rule="PullDependentFilter"
2026-09-12T21:21:09.301211Z DEBUG logical_optimizer: applied=1 dependent_filters_pulled=1 remaining_dependencies=0 visited=5 exhausted=false
2026-09-12T21:21:09.302124Z DEBUG logical_optimizer: logical binding uses a legacy path reason="value-producing subquery lowering"
2026-09-12T21:21:09.302261Z DEBUG logical_optimizer: logical binding uses a legacy path reason="value-producing subquery lowering"
2026-09-12T21:21:09.302582Z DEBUG logical_optimizer: logical binding uses a legacy path reason="aggregate lowering"
2026-09-12T21:21:09.302751Z DEBUG logical_optimizer: logical binding uses a legacy path reason="value-producing subquery lowering"
2026-09-12T21:21:09.303827Z DEBUG logical_optimizer: logical binding uses a legacy path reason="value-producing subquery lowering"
2026-09-12T21:21:09.303965Z DEBUG logical_optimizer: logical binding uses a legacy path reason="value-producing subquery lowering"
2026-09-12T21:21:09.304262Z DEBUG logical_optimizer: logical binding uses a legacy path reason="aggregate lowering"
2026-09-12T21:21:09.304414Z DEBUG logical_optimizer: logical binding uses a legacy path reason="value-producing subquery lowering"
2026-09-12T21:21:09.305481Z DEBUG logical_optimizer: logical binding uses a legacy path reason="aggregate lowering"
2026-09-12T21:21:09.305599Z DEBUG logical_optimizer: logical binding uses a legacy path reason="aggregate lowering"
2026-09-12T21:21:09.306220Z DEBUG logical_optimizer: logical binding uses a legacy path reason="aggregate lowering"
2026-09-12T21:21:09.306332Z DEBUG logical_optimizer: logical binding uses a legacy path reason="aggregate lowering"
2026-09-12T21:21:09.308866Z DEBUG logical_optimizer: logical binding uses a legacy path reason="value-producing subquery lowering"
2026-09-12T21:21:09.308981Z DEBUG logical_optimizer: logical binding uses a legacy path reason="value-producing subquery lowering"
2026-09-12T21:21:09.309491Z DEBUG logical_optimizer: logical binding uses a legacy path reason="value-producing subquery lowering"
2026-09-12T21:21:09.309606Z DEBUG logical_optimizer: logical binding uses a legacy path reason="value-producing subquery lowering"
2026-09-12T21:21:09.310196Z DEBUG logical_optimizer: logical binding uses a legacy path reason="value-producing subquery lowering"
2026-09-12T21:21:09.310307Z DEBUG logical_optimizer: logical binding uses a legacy path reason="value-producing subquery lowering"
2026-09-12T21:21:09.312410Z TRACE logical_optimizer: applied logical rule rule="PullDependentFilter"
2026-09-12T21:21:09.312502Z DEBUG logical_optimizer: applied=1 dependent_filters_pulled=1 remaining_dependencies=0 visited=5 exhausted=false
2026-09-12T21:21:09.312835Z TRACE logical_optimizer: applied logical rule rule="PullDependentFilter"
2026-09-12T21:21:09.312934Z DEBUG logical_optimizer: applied=1 dependent_filters_pulled=1 remaining_dependencies=0 visited=5 exhausted=false
2026-09-12T21:21:09.313332Z TRACE logical_optimizer: applied logical rule rule="PullDependentFilter"
2026-09-12T21:21:09.313433Z DEBUG logical_optimizer: applied=1 dependent_filters_pulled=1 remaining_dependencies=0 visited=5 exhausted=false
2026-09-12T21:21:09.313877Z TRACE logical_optimizer: applied logical rule rule="PullDependentFilter"
2026-09-12T21:21:09.313971Z DEBUG logical_optimizer: applied=1 dependent_filters_pulled=1 remaining_dependencies=0 visited=5 exhausted=false
2026-09-12T21:21:09.316395Z TRACE logical_optimizer: applied logical rule rule="PullDependentFilter"
2026-09-12T21:21:09.316492Z DEBUG logical_optimizer: applied=1 dependent_filters_pulled=1 remaining_dependencies=0 visited=4 exhausted=false
2026-09-12T21:21:09.316812Z TRACE logical_optimizer: applied logical rule rule="PullDependentFilter"
2026-09-12T21:21:09.316907Z DEBUG logical_optimizer: applied=1 dependent_filters_pulled=1 remaining_dependencies=0 visited=4 exhausted=false
2026-09-12T21:21:09.332299Z DEBUG logical_optimizer: logical binding uses a legacy path reason="value-producing subquery lowering"
2026-09-12T21:21:09.332414Z DEBUG logical_optimizer: logical binding uses a legacy path reason="value-producing subquery lowering"
2026-09-12T21:21:09.332880Z DEBUG logical_optimizer: logical binding uses a legacy path reason="value-producing subquery lowering"
2026-09-12T21:21:09.332971Z DEBUG logical_optimizer: logical binding uses a legacy path reason="value-producing subquery lowering"
2026-09-12T21:21:09.333421Z DEBUG logical_optimizer: logical binding uses a legacy path reason="scalar execution resource or subquery result"
2026-09-12T21:21:09.333787Z DEBUG logical_optimizer: logical binding uses a legacy path reason="scalar execution resource or subquery result"
2026-09-12T21:21:09.334409Z DEBUG logical_optimizer: logical binding uses a legacy path reason="scalar execution resource or subquery result"
2026-09-12T21:21:09.335286Z TRACE logical_optimizer: applied logical rule rule="PullDependentFilter"
2026-09-12T21:21:09.335371Z DEBUG logical_optimizer: applied=1 dependent_filters_pulled=1 remaining_dependencies=0 visited=5 exhausted=false
2026-09-12T21:21:09.335772Z TRACE logical_optimizer: applied logical rule rule="PullDependentFilter"
2026-09-12T21:21:09.335855Z DEBUG logical_optimizer: applied=1 dependent_filters_pulled=1 remaining_dependencies=0 visited=5 exhausted=false
2026-09-12T21:21:09.336230Z TRACE logical_optimizer: applied logical rule rule="PullDependentFilter"
2026-09-12T21:21:09.336325Z DEBUG logical_optimizer: applied=1 dependent_filters_pulled=1 remaining_dependencies=0 visited=5 exhausted=false
2026-09-12T21:21:09.336860Z TRACE logical_optimizer: applied logical rule rule="PullDependentFilter"
2026-09-12T21:21:09.336941Z DEBUG logical_optimizer: applied=1 dependent_filters_pulled=1 remaining_dependencies=0 visited=5 exhausted=false
2026-09-12T21:21:09.338585Z DEBUG logical_optimizer: logical binding uses a legacy path reason="value-producing subquery lowering"
2026-09-12T21:21:09.338880Z DEBUG logical_optimizer: logical binding uses a legacy path reason="value-producing subquery lowering"
2026-09-12T21:21:09.339424Z DEBUG logical_optimizer: logical binding uses a legacy path reason="value-producing subquery lowering"
2026-09-12T21:21:09.339694Z DEBUG logical_optimizer: logical binding uses a legacy path reason="value-producing subquery lowering"
2026-09-12T21:21:09.341568Z DEBUG logical_optimizer: logical binding uses a legacy path reason="DISTINCT output mapping"
2026-09-12T21:21:09.341907Z DEBUG logical_optimizer: logical binding uses a legacy path reason="DISTINCT output mapping"
2026-09-12T21:21:09.342324Z DEBUG logical_optimizer: logical binding uses a legacy path reason="DISTINCT output mapping"
2026-09-12T21:21:09.347723Z DEBUG logical_optimizer: logical binding uses a legacy path reason="aggregate lowering"
2026-09-12T21:21:09.347871Z DEBUG logical_optimizer: logical binding uses a legacy path reason="value-producing subquery lowering"
2026-09-12T21:21:09.347979Z DEBUG logical_optimizer: logical binding uses a legacy path reason="value-producing subquery lowering"
2026-09-12T21:21:09.348109Z DEBUG logical_optimizer: logical binding uses a legacy path reason="value-producing subquery lowering"
2026-09-12T21:21:09.348205Z DEBUG logical_optimizer: logical binding uses a legacy path reason="value-producing subquery lowering"
2026-09-12T21:21:09.349787Z DEBUG logical_optimizer: logical binding uses a legacy path reason="aggregate lowering"
2026-09-12T21:21:09.349897Z DEBUG logical_optimizer: logical binding uses a legacy path reason="value-producing subquery lowering"
2026-09-12T21:21:09.349996Z DEBUG logical_optimizer: logical binding uses a legacy path reason="value-producing subquery lowering"
2026-09-12T21:21:09.350125Z DEBUG logical_optimizer: logical binding uses a legacy path reason="value-producing subquery lowering"
2026-09-12T21:21:09.350214Z DEBUG logical_optimizer: logical binding uses a legacy path reason="value-producing subquery lowering"
2026-09-12T21:21:09.351589Z DEBUG logical_optimizer: logical binding uses a legacy path reason="value-producing subquery lowering"
2026-09-12T21:21:09.351697Z DEBUG logical_optimizer: logical binding uses a legacy path reason="value-producing subquery lowering"
2026-09-12T21:21:09.352300Z DEBUG logical_optimizer: logical binding uses a legacy path reason="value-producing subquery lowering"
2026-09-12T21:21:09.352396Z DEBUG logical_optimizer: logical binding uses a legacy path reason="value-producing subquery lowering"
2026-09-12T21:21:09.352891Z DEBUG logical_optimizer: logical binding uses a legacy path reason="value-producing subquery lowering"
2026-09-12T21:21:09.352969Z DEBUG logical_optimizer: logical binding uses a legacy path reason="value-producing subquery lowering"
2026-09-12T21:21:09.353713Z DEBUG logical_optimizer: logical binding uses a legacy path reason="value-producing subquery lowering"
2026-09-12T21:21:09.353821Z DEBUG logical_optimizer: logical binding uses a legacy path reason="value-producing subquery lowering"
2026-09-12T21:21:09.354411Z TRACE logical_optimizer: declined logical rule rule="PullDependentFilter" reason="right_input_shape"
2026-09-12T21:21:09.354503Z TRACE logical_optimizer: applied logical rule rule="PullDependentFilterOverJoin"
2026-09-12T21:21:09.354559Z TRACE logical_optimizer: applied logical rule rule="MergeSelectInnerJoin"
2026-09-12T21:21:09.354625Z DEBUG logical_optimizer: applied=2 dependent_filters_pulled=1 remaining_dependencies=0 visited=10 exhausted=false
2026-09-12T21:21:09.355062Z TRACE logical_optimizer: declined logical rule rule="PullDependentFilter" reason="right_input_shape"
2026-09-12T21:21:09.355169Z TRACE logical_optimizer: applied logical rule rule="PullDependentFilterOverJoin"
2026-09-12T21:21:09.355259Z TRACE logical_optimizer: applied logical rule rule="MergeSelectInnerJoin"
2026-09-12T21:21:09.355353Z DEBUG logical_optimizer: applied=2 dependent_filters_pulled=1 remaining_dependencies=0 visited=10 exhausted=false
2026-09-12T21:21:09.355735Z TRACE logical_optimizer: declined logical rule rule="PullDependentFilter" reason="right_input_shape"
2026-09-12T21:21:09.355847Z TRACE logical_optimizer: applied logical rule rule="PullDependentFilterOverJoin"
2026-09-12T21:21:09.355932Z TRACE logical_optimizer: applied logical rule rule="MergeSelectInnerJoin"
2026-09-12T21:21:09.356026Z DEBUG logical_optimizer: applied=2 dependent_filters_pulled=1 remaining_dependencies=0 visited=10 exhausted=false
2026-09-12T21:21:09.356680Z TRACE logical_optimizer: declined logical rule rule="PullDependentFilter" reason="right_input_shape"
2026-09-12T21:21:09.356835Z TRACE logical_optimizer: applied logical rule rule="PullDependentFilterOverJoin"
2026-09-12T21:21:09.356916Z TRACE logical_optimizer: applied logical rule rule="MergeSelectInnerJoin"
2026-09-12T21:21:09.357010Z DEBUG logical_optimizer: applied=2 dependent_filters_pulled=1 remaining_dependencies=0 visited=10 exhausted=false
2026-09-12T21:21:09.357831Z TRACE logical_optimizer: declined logical rule rule="PullDependentFilter" reason="right_input_shape"
2026-09-12T21:21:09.357934Z TRACE logical_optimizer: applied logical rule rule="PullDependentFilterOverJoin"
2026-09-12T21:21:09.358018Z TRACE logical_optimizer: applied logical rule rule="MergeSelectInnerJoin"
2026-09-12T21:21:09.358109Z DEBUG logical_optimizer: applied=2 dependent_filters_pulled=1 remaining_dependencies=0 visited=10 exhausted=false
2026-09-12T21:21:09.358661Z TRACE logical_optimizer: declined logical rule rule="PullDependentFilter" reason="right_input_shape"
2026-09-12T21:21:09.358764Z TRACE logical_optimizer: applied logical rule rule="PullDependentFilterOverJoin"
2026-09-12T21:21:09.358842Z TRACE logical_optimizer: applied logical rule rule="MergeSelectInnerJoin"
2026-09-12T21:21:09.358932Z DEBUG logical_optimizer: applied=2 dependent_filters_pulled=1 remaining_dependencies=0 visited=10 exhausted=false
2026-09-12T21:21:09.359466Z TRACE logical_optimizer: declined logical rule rule="PullDependentFilter" reason="right_input_shape"
2026-09-12T21:21:09.359574Z TRACE logical_optimizer: applied logical rule rule="PullDependentFilterOverJoin"
2026-09-12T21:21:09.359659Z TRACE logical_optimizer: applied logical rule rule="MergeSelectInnerJoin"
2026-09-12T21:21:09.359753Z DEBUG logical_optimizer: applied=2 dependent_filters_pulled=1 remaining_dependencies=0 visited=10 exhausted=false
2026-09-12T21:21:09.360443Z TRACE logical_optimizer: declined logical rule rule="PullDependentFilter" reason="right_input_shape"
2026-09-12T21:21:09.360566Z TRACE logical_optimizer: applied logical rule rule="PullDependentFilterOverJoin"
2026-09-12T21:21:09.360650Z TRACE logical_optimizer: applied logical rule rule="MergeSelectInnerJoin"
2026-09-12T21:21:09.360746Z DEBUG logical_optimizer: applied=2 dependent_filters_pulled=1 remaining_dependencies=0 visited=10 exhausted=false
2026-09-12T21:21:09.361739Z DEBUG logical_optimizer: logical binding uses a legacy path reason="DISTINCT output mapping"
2026-09-12T21:21:09.362227Z DEBUG logical_optimizer: logical binding uses a legacy path reason="DISTINCT output mapping"
2026-09-12T21:21:09.363036Z DEBUG logical_optimizer: logical binding uses a legacy path reason="DISTINCT output mapping"
2026-09-12T21:21:09.363620Z DEBUG logical_optimizer: logical binding uses a legacy path reason="DISTINCT output mapping"
2026-09-12T21:21:09.367549Z DEBUG logical_optimizer: logical binding uses a legacy path reason="DISTINCT output mapping"
2026-09-12T21:21:09.367686Z DEBUG logical_optimizer: logical binding uses a legacy path reason="scalar execution resource or subquery result"
2026-09-12T21:21:09.367877Z DEBUG logical_optimizer: logical binding uses a legacy path reason="aggregate lowering"
2026-09-12T21:21:09.368823Z DEBUG logical_optimizer: logical binding uses a legacy path reason="DISTINCT output mapping"
2026-09-12T21:21:09.368966Z DEBUG logical_optimizer: logical binding uses a legacy path reason="scalar execution resource or subquery result"
2026-09-12T21:21:09.369133Z DEBUG logical_optimizer: logical binding uses a legacy path reason="aggregate lowering"
2026-09-12T21:21:09.369968Z DEBUG logical_optimizer: logical binding uses a legacy path reason="DISTINCT output mapping"
2026-09-12T21:21:09.370097Z DEBUG logical_optimizer: logical binding uses a legacy path reason="scalar execution resource or subquery result"
2026-09-12T21:21:09.370260Z DEBUG logical_optimizer: logical binding uses a legacy path reason="aggregate lowering"
2026-09-12T21:21:09.371941Z DEBUG logical_optimizer: logical binding uses a legacy path reason="aggregate lowering"
2026-09-12T21:21:09.372398Z DEBUG logical_optimizer: logical binding uses a legacy path reason="aggregate lowering"
2026-09-12T21:21:09.373506Z DEBUG logical_optimizer: logical binding uses a legacy path reason="value-producing subquery lowering"
2026-09-12T21:21:09.373708Z DEBUG logical_optimizer: logical binding uses a legacy path reason="value-producing subquery lowering"
2026-09-12T21:21:09.373880Z DEBUG logical_optimizer: logical binding uses a legacy path reason="scalar execution resource or subquery result"
2026-09-12T21:21:09.374581Z DEBUG logical_optimizer: logical binding uses a legacy path reason="value-producing subquery lowering"
2026-09-12T21:21:09.374715Z DEBUG logical_optimizer: logical binding uses a legacy path reason="value-producing subquery lowering"
2026-09-12T21:21:09.374860Z DEBUG logical_optimizer: logical binding uses a legacy path reason="scalar execution resource or subquery result"
2026-09-12T21:21:09.375410Z DEBUG logical_optimizer: logical binding uses a legacy path reason="value-producing subquery lowering"
2026-09-12T21:21:09.375546Z DEBUG logical_optimizer: logical binding uses a legacy path reason="value-producing subquery lowering"
2026-09-12T21:21:09.375690Z DEBUG logical_optimizer: logical binding uses a legacy path reason="scalar execution resource or subquery result"
2026-09-12T21:21:09.377150Z DEBUG logical_optimizer: logical binding uses a legacy path reason="DISTINCT output mapping"
2026-09-12T21:21:09.377801Z DEBUG logical_optimizer: logical binding uses a legacy path reason="DISTINCT output mapping"
2026-09-12T21:21:09.378662Z DEBUG logical_optimizer: logical binding uses a legacy path reason="aggregate lowering"
2026-09-12T21:21:09.379171Z DEBUG logical_optimizer: logical binding uses a legacy path reason="aggregate lowering"
2026-09-12T21:21:09.380023Z DEBUG logical_optimizer: logical binding uses a legacy path reason="value-producing subquery lowering"
2026-09-12T21:21:09.380439Z DEBUG logical_optimizer: logical binding uses a legacy path reason="value-producing subquery lowering"
2026-09-12T21:21:09.380969Z DEBUG logical_optimizer: logical binding uses a legacy path reason="value-producing subquery lowering"
2026-09-12T21:21:09.381588Z DEBUG logical_optimizer: logical binding uses a legacy path reason="value-producing subquery lowering"
2026-09-12T21:21:09.382349Z TRACE logical_optimizer: applied logical rule rule="PullDependentFilter"
2026-09-12T21:21:09.382448Z DEBUG logical_optimizer: applied=1 dependent_filters_pulled=1 remaining_dependencies=0 visited=5 exhausted=false
2026-09-12T21:21:09.382859Z TRACE logical_optimizer: applied logical rule rule="PullDependentFilter"
2026-09-12T21:21:09.382954Z DEBUG logical_optimizer: applied=1 dependent_filters_pulled=1 remaining_dependencies=0 visited=5 exhausted=false
2026-09-12T21:21:09.383429Z TRACE logical_optimizer: applied logical rule rule="PullDependentFilter"
2026-09-12T21:21:09.383529Z DEBUG logical_optimizer: applied=1 dependent_filters_pulled=1 remaining_dependencies=0 visited=5 exhausted=false
2026-09-12T21:21:09.384076Z TRACE logical_optimizer: applied logical rule rule="PullDependentFilter"
2026-09-12T21:21:09.384186Z DEBUG logical_optimizer: applied=1 dependent_filters_pulled=1 remaining_dependencies=0 visited=5 exhausted=false
2026-09-12T21:21:09.385597Z TRACE logical_optimizer: applied logical rule rule="PullDependentFilter"
2026-09-12T21:21:09.385692Z DEBUG logical_optimizer: applied=1 dependent_filters_pulled=1 remaining_dependencies=0 visited=5 exhausted=false
2026-09-12T21:21:09.386051Z TRACE logical_optimizer: applied logical rule rule="PullDependentFilter"
2026-09-12T21:21:09.386142Z DEBUG logical_optimizer: applied=1 dependent_filters_pulled=1 remaining_dependencies=0 visited=5 exhausted=false
2026-09-12T21:21:09.386607Z TRACE logical_optimizer: applied logical rule rule="PullDependentFilter"
2026-09-12T21:21:09.386694Z DEBUG logical_optimizer: applied=1 dependent_filters_pulled=1 remaining_dependencies=0 visited=5 exhausted=false
2026-09-12T21:21:09.387170Z TRACE logical_optimizer: applied logical rule rule="PullDependentFilter"
2026-09-12T21:21:09.387261Z DEBUG logical_optimizer: applied=1 dependent_filters_pulled=1 remaining_dependencies=0 visited=5 exhausted=false
2026-09-12T21:21:09.388752Z DEBUG logical_optimizer: logical binding uses a legacy path reason="DISTINCT output mapping"
2026-09-12T21:21:09.389444Z DEBUG logical_optimizer: logical binding uses a legacy path reason="DISTINCT output mapping"
2026-09-12T21:21:09.390208Z DEBUG logical_optimizer: logical binding uses a legacy path reason="DISTINCT output mapping"
2026-09-12T21:21:09.391169Z DEBUG logical_optimizer: logical binding uses a legacy path reason="DISTINCT output mapping"
2026-09-12T21:21:09.392154Z DEBUG logical_optimizer: logical binding uses a legacy path reason="aggregate lowering"
2026-09-12T21:21:09.392355Z DEBUG logical_optimizer: logical binding uses a legacy path reason="aggregate lowering"
2026-09-12T21:21:09.393189Z DEBUG logical_optimizer: logical binding uses a legacy path reason="aggregate lowering"
2026-09-12T21:21:09.393380Z DEBUG logical_optimizer: logical binding uses a legacy path reason="aggregate lowering"
2026-09-12T21:21:09.396033Z TRACE logical_optimizer: applied logical rule rule="PullDependentFilter"
2026-09-12T21:21:09.396131Z DEBUG logical_optimizer: applied=1 dependent_filters_pulled=1 remaining_dependencies=0 visited=6 exhausted=false
2026-09-12T21:21:09.396464Z TRACE logical_optimizer: applied logical rule rule="PullDependentFilter"
2026-09-12T21:21:09.396555Z DEBUG logical_optimizer: applied=1 dependent_filters_pulled=1 remaining_dependencies=0 visited=6 exhausted=false
2026-09-12T21:21:09.397136Z DEBUG logical_optimizer: logical binding uses a legacy path reason="value-producing subquery lowering"
2026-09-12T21:21:09.397268Z DEBUG logical_optimizer: logical binding uses a legacy path reason="aggregate lowering"
2026-09-12T21:21:09.397384Z DEBUG logical_optimizer: logical binding uses a legacy path reason="aggregate lowering"
2026-09-12T21:21:09.397502Z DEBUG logical_optimizer: logical binding uses a legacy path reason="aggregate lowering"
2026-09-12T21:21:09.398190Z DEBUG logical_optimizer: logical binding uses a legacy path reason="value-producing subquery lowering"
2026-09-12T21:21:09.398305Z DEBUG logical_optimizer: logical binding uses a legacy path reason="aggregate lowering"
2026-09-12T21:21:09.398417Z DEBUG logical_optimizer: logical binding uses a legacy path reason="aggregate lowering"
2026-09-12T21:21:09.398536Z DEBUG logical_optimizer: logical binding uses a legacy path reason="aggregate lowering"
2026-09-12T21:21:09.399148Z DEBUG logical_optimizer: logical binding uses a legacy path reason="value-producing subquery lowering"
2026-09-12T21:21:09.399266Z DEBUG logical_optimizer: logical binding uses a legacy path reason="aggregate lowering"
2026-09-12T21:21:09.399394Z DEBUG logical_optimizer: logical binding uses a legacy path reason="aggregate lowering"
2026-09-12T21:21:09.399511Z DEBUG logical_optimizer: logical binding uses a legacy path reason="aggregate lowering"
2026-09-12T21:21:09.400635Z DEBUG logical_optimizer: logical binding uses a legacy path reason="value-producing subquery lowering"
2026-09-12T21:21:09.400760Z DEBUG logical_optimizer: logical binding uses a legacy path reason="aggregate lowering"
2026-09-12T21:21:09.400884Z DEBUG logical_optimizer: logical binding uses a legacy path reason="aggregate lowering"
2026-09-12T21:21:09.401004Z DEBUG logical_optimizer: logical binding uses a legacy path reason="aggregate lowering"
2026-09-12T21:21:09.401753Z TRACE logical_optimizer: declined logical rule rule="PullDependentFilter" reason="right_input_shape"
2026-09-12T21:21:09.401860Z TRACE logical_optimizer: applied logical rule rule="PullDependentFilterOverJoin"
2026-09-12T21:21:09.401941Z TRACE logical_optimizer: applied logical rule rule="MergeSelectInnerJoin"
2026-09-12T21:21:09.402035Z DEBUG logical_optimizer: applied=2 dependent_filters_pulled=1 remaining_dependencies=0 visited=10 exhausted=false
2026-09-12T21:21:09.402718Z TRACE logical_optimizer: declined logical rule rule="PullDependentFilter" reason="right_input_shape"
2026-09-12T21:21:09.402824Z TRACE logical_optimizer: applied logical rule rule="PullDependentFilterOverJoin"
2026-09-12T21:21:09.402970Z TRACE logical_optimizer: applied logical rule rule="MergeSelectInnerJoin"
2026-09-12T21:21:09.403057Z DEBUG logical_optimizer: applied=2 dependent_filters_pulled=1 remaining_dependencies=0 visited=10 exhausted=false
2026-09-12T21:21:09.403762Z TRACE logical_optimizer: declined logical rule rule="PullDependentFilter" reason="right_input_shape"
2026-09-12T21:21:09.403878Z TRACE logical_optimizer: applied logical rule rule="PullDependentFilterOverJoin"
2026-09-12T21:21:09.403976Z TRACE logical_optimizer: applied logical rule rule="MergeSelectInnerJoin"
2026-09-12T21:21:09.404080Z DEBUG logical_optimizer: applied=2 dependent_filters_pulled=1 remaining_dependencies=0 visited=10 exhausted=false
2026-09-12T21:21:09.404878Z TRACE logical_optimizer: declined logical rule rule="PullDependentFilter" reason="right_input_shape"
2026-09-12T21:21:09.404982Z TRACE logical_optimizer: applied logical rule rule="PullDependentFilterOverJoin"
2026-09-12T21:21:09.405063Z TRACE logical_optimizer: applied logical rule rule="MergeSelectInnerJoin"
2026-09-12T21:21:09.405163Z DEBUG logical_optimizer: applied=2 dependent_filters_pulled=1 remaining_dependencies=0 visited=10 exhausted=false
2026-09-12T21:21:09.406950Z DEBUG logical_optimizer: logical binding uses a legacy path reason="aggregate lowering"
2026-09-12T21:21:09.407314Z DEBUG logical_optimizer: logical binding uses a legacy path reason="aggregate lowering"
2026-09-12T21:21:09.408095Z DEBUG logical_optimizer: logical binding uses a legacy path reason="value-producing subquery lowering"
2026-09-12T21:21:09.408215Z DEBUG logical_optimizer: logical binding uses a legacy path reason="value-producing subquery lowering"
2026-09-12T21:21:09.408455Z TRACE logical_optimizer: declined logical rule rule="PullDependentFilter" reason="predicate_effects"
2026-09-12T21:21:09.408534Z TRACE logical_optimizer: declined logical rule rule="PullDependentFilterOverJoin" reason="right_input_shape"
2026-09-12T21:21:09.408620Z DEBUG logical_optimizer: applied=0 dependent_filters_pulled=0 remaining_dependencies=1 visited=6 exhausted=false
2026-09-12T21:21:09.410265Z DEBUG logical_optimizer: logical binding uses a legacy path reason="value-producing subquery lowering"
2026-09-12T21:21:09.410394Z DEBUG logical_optimizer: logical binding uses a legacy path reason="value-producing subquery lowering"
2026-09-12T21:21:09.410727Z TRACE logical_optimizer: declined logical rule rule="PullDependentFilter" reason="predicate_effects"
2026-09-12T21:21:09.410841Z TRACE logical_optimizer: declined logical rule rule="PullDependentFilterOverJoin" reason="right_input_shape"
2026-09-12T21:21:09.410930Z DEBUG logical_optimizer: applied=0 dependent_filters_pulled=0 remaining_dependencies=1 visited=6 exhausted=false
2026-09-12T21:21:09.419116Z DEBUG logical_optimizer: logical binding uses a legacy path reason="value-producing subquery lowering"
2026-09-12T21:21:09.419252Z DEBUG logical_optimizer: logical binding uses a legacy path reason="value-producing subquery lowering"
2026-09-12T21:21:09.419493Z DEBUG logical_optimizer: logical binding uses a legacy path reason="value-producing subquery lowering"
2026-09-12T21:21:09.420340Z DEBUG logical_optimizer: logical binding uses a legacy path reason="value-producing subquery lowering"
2026-09-12T21:21:09.420466Z DEBUG logical_optimizer: logical binding uses a legacy path reason="value-producing subquery lowering"
2026-09-12T21:21:09.420691Z DEBUG logical_optimizer: logical binding uses a legacy path reason="value-producing subquery lowering"
2026-09-12T21:21:09.421300Z TRACE logical_optimizer: declined logical rule rule="PullDependentFilter" reason="right_input_shape"
2026-09-12T21:21:09.421400Z TRACE logical_optimizer: applied logical rule rule="PullDependentFilterOverJoin"
2026-09-12T21:21:09.421460Z TRACE logical_optimizer: applied logical rule rule="MergeSelectInnerJoin"
2026-09-12T21:21:09.421526Z DEBUG logical_optimizer: applied=2 dependent_filters_pulled=1 remaining_dependencies=0 visited=10 exhausted=false
2026-09-12T21:21:09.422136Z TRACE logical_optimizer: declined logical rule rule="PullDependentFilter" reason="right_input_shape"
2026-09-12T21:21:09.422244Z TRACE logical_optimizer: applied logical rule rule="PullDependentFilterOverJoin"
2026-09-12T21:21:09.422300Z TRACE logical_optimizer: applied logical rule rule="MergeSelectInnerJoin"
2026-09-12T21:21:09.422369Z DEBUG logical_optimizer: applied=2 dependent_filters_pulled=1 remaining_dependencies=0 visited=10 exhausted=false
2026-09-12T21:21:09.423050Z TRACE logical_optimizer: declined logical rule rule="PullDependentFilter" reason="right_input_shape"
2026-09-12T21:21:09.423133Z TRACE logical_optimizer: applied logical rule rule="PullDependentFilterOverJoin"
2026-09-12T21:21:09.423191Z TRACE logical_optimizer: applied logical rule rule="MergeSelectInnerJoin"
2026-09-12T21:21:09.423255Z DEBUG logical_optimizer: applied=2 dependent_filters_pulled=1 remaining_dependencies=0 visited=10 exhausted=false
2026-09-12T21:21:09.424152Z TRACE logical_optimizer: declined logical rule rule="PullDependentFilter" reason="right_input_shape"
2026-09-12T21:21:09.424253Z TRACE logical_optimizer: applied logical rule rule="PullDependentFilterOverJoin"
2026-09-12T21:21:09.424315Z TRACE logical_optimizer: applied logical rule rule="MergeSelectInnerJoin"
2026-09-12T21:21:09.424387Z DEBUG logical_optimizer: applied=2 dependent_filters_pulled=1 remaining_dependencies=0 visited=10 exhausted=false
2026-09-12T21:21:09.425465Z TRACE logical_optimizer: applied logical rule rule="PullDependentFilter"
2026-09-12T21:21:09.425574Z DEBUG logical_optimizer: applied=1 dependent_filters_pulled=1 remaining_dependencies=0 visited=5 exhausted=false
2026-09-12T21:21:09.425976Z TRACE logical_optimizer: applied logical rule rule="PullDependentFilter"
2026-09-12T21:21:09.426083Z DEBUG logical_optimizer: applied=1 dependent_filters_pulled=1 remaining_dependencies=0 visited=5 exhausted=false
2026-09-12T21:21:09.426893Z TRACE logical_optimizer: applied logical rule rule="PullDependentFilter"
2026-09-12T21:21:09.426990Z DEBUG logical_optimizer: applied=1 dependent_filters_pulled=1 remaining_dependencies=0 visited=5 exhausted=false
2026-09-12T21:21:09.427578Z TRACE logical_optimizer: applied logical rule rule="PullDependentFilter"
2026-09-12T21:21:09.427679Z DEBUG logical_optimizer: applied=1 dependent_filters_pulled=1 remaining_dependencies=0 visited=5 exhausted=false
2026-09-12T21:21:09.429069Z DEBUG logical_optimizer: logical binding uses a legacy path reason="DISTINCT output mapping"
2026-09-12T21:21:09.429532Z DEBUG logical_optimizer: logical binding uses a legacy path reason="DISTINCT output mapping"
2026-09-12T21:21:09.429990Z DEBUG logical_optimizer: logical binding uses a legacy path reason="value-producing subquery lowering"
2026-09-12T21:21:09.430528Z DEBUG logical_optimizer: logical binding uses a legacy path reason="value-producing subquery lowering"
2026-09-12T21:21:09.431110Z DEBUG logical_optimizer: logical binding uses a legacy path reason="value-producing subquery lowering"
2026-09-12T21:21:09.431720Z DEBUG logical_optimizer: logical binding uses a legacy path reason="value-producing subquery lowering"
2026-09-12T21:21:09.432781Z DEBUG logical_optimizer: logical binding uses a legacy path reason="value-producing subquery lowering"
2026-09-12T21:21:09.433171Z DEBUG logical_optimizer: logical binding uses a legacy path reason="value-producing subquery lowering"
2026-09-12T21:21:09.433758Z DEBUG logical_optimizer: logical binding uses a legacy path reason="aggregate lowering"
2026-09-12T21:21:09.434453Z DEBUG logical_optimizer: logical binding uses a legacy path reason="aggregate lowering"
2026-09-12T21:21:09.435077Z DEBUG logical_optimizer: logical binding uses a legacy path reason="aggregate lowering"
2026-09-12T21:21:09.436539Z DEBUG logical_optimizer: logical binding uses a legacy path reason="scalar execution resource or subquery result"
2026-09-12T21:21:09.436882Z DEBUG logical_optimizer: logical binding uses a legacy path reason="scalar execution resource or subquery result"
2026-09-12T21:21:09.437253Z DEBUG logical_optimizer: logical binding uses a legacy path reason="value-producing subquery lowering"
2026-09-12T21:21:09.437679Z DEBUG logical_optimizer: logical binding uses a legacy path reason="value-producing subquery lowering"
2026-09-12T21:21:09.437983Z DEBUG logical_optimizer: logical binding uses a legacy path reason="value-producing subquery lowering"
2026-09-12T21:21:09.438463Z DEBUG logical_optimizer: logical binding uses a legacy path reason="value-producing subquery lowering"
2026-09-12T21:21:09.438952Z DEBUG logical_optimizer: logical binding uses a legacy path reason="value-producing subquery lowering"
2026-09-12T21:21:09.439441Z DEBUG logical_optimizer: logical binding uses a legacy path reason="value-producing subquery lowering"
2026-09-12T21:21:09.439839Z TRACE logical_optimizer: applied logical rule rule="PullDependentFilter"
2026-09-12T21:21:09.439934Z DEBUG logical_optimizer: applied=1 dependent_filters_pulled=1 remaining_dependencies=0 visited=4 exhausted=false
2026-09-12T21:21:09.440245Z TRACE logical_optimizer: applied logical rule rule="PullDependentFilter"
2026-09-12T21:21:09.440335Z DEBUG logical_optimizer: applied=1 dependent_filters_pulled=1 remaining_dependencies=0 visited=4 exhausted=false
2026-09-12T21:21:09.440614Z TRACE logical_optimizer: applied logical rule rule="PullDependentFilter"
2026-09-12T21:21:09.440708Z DEBUG logical_optimizer: applied=1 dependent_filters_pulled=1 remaining_dependencies=0 visited=4 exhausted=false
2026-09-12T21:21:09.441205Z TRACE logical_optimizer: applied logical rule rule="PullDependentFilter"
2026-09-12T21:21:09.441296Z DEBUG logical_optimizer: applied=1 dependent_filters_pulled=1 remaining_dependencies=0 visited=4 exhausted=false
2026-09-12T21:21:09.444878Z TRACE logical_optimizer: applied logical rule rule="PullDependentFilter"
2026-09-12T21:21:09.444975Z DEBUG logical_optimizer: applied=1 dependent_filters_pulled=1 remaining_dependencies=0 visited=4 exhausted=false
2026-09-12T21:21:09.445366Z TRACE logical_optimizer: applied logical rule rule="PullDependentFilter"
2026-09-12T21:21:09.445465Z DEBUG logical_optimizer: applied=1 dependent_filters_pulled=1 remaining_dependencies=0 visited=4 exhausted=false
2026-09-12T21:21:09.445758Z TRACE logical_optimizer: applied logical rule rule="PullDependentFilter"
2026-09-12T21:21:09.445851Z DEBUG logical_optimizer: applied=1 dependent_filters_pulled=1 remaining_dependencies=0 visited=4 exhausted=false
2026-09-12T21:21:09.446302Z TRACE logical_optimizer: applied logical rule rule="PullDependentFilter"
2026-09-12T21:21:09.446402Z DEBUG logical_optimizer: applied=1 dependent_filters_pulled=1 remaining_dependencies=0 visited=4 exhausted=false
2026-09-12T21:21:09.447810Z DEBUG logical_optimizer: logical binding uses a legacy path reason="value-producing subquery lowering"
2026-09-12T21:21:09.448274Z DEBUG logical_optimizer: logical binding uses a legacy path reason="value-producing subquery lowering"
2026-09-12T21:21:09.448623Z DEBUG logical_optimizer: logical binding uses a legacy path reason="value-producing subquery lowering"
2026-09-12T21:21:09.449184Z DEBUG logical_optimizer: logical binding uses a legacy path reason="value-producing subquery lowering"
2026-09-12T21:21:09.449692Z DEBUG logical_optimizer: logical binding uses a legacy path reason="DISTINCT output mapping"
2026-09-12T21:21:09.450058Z DEBUG logical_optimizer: logical binding uses a legacy path reason="DISTINCT output mapping"
2026-09-12T21:21:09.450404Z TRACE logical_optimizer: declined logical rule rule="PullDependentFilter" reason="right_input_shape"
2026-09-12T21:21:09.450511Z TRACE logical_optimizer: applied logical rule rule="PullDependentFilterOverJoin"
2026-09-12T21:21:09.450594Z TRACE logical_optimizer: applied logical rule rule="MergeSelectInnerJoin"
2026-09-12T21:21:09.450695Z DEBUG logical_optimizer: applied=2 dependent_filters_pulled=1 remaining_dependencies=0 visited=10 exhausted=false
2026-09-12T21:21:09.451288Z TRACE logical_optimizer: declined logical rule rule="PullDependentFilter" reason="right_input_shape"
2026-09-12T21:21:09.451424Z TRACE logical_optimizer: applied logical rule rule="PullDependentFilterOverJoin"
2026-09-12T21:21:09.451503Z TRACE logical_optimizer: applied logical rule rule="MergeSelectInnerJoin"
2026-09-12T21:21:09.451593Z DEBUG logical_optimizer: applied=2 dependent_filters_pulled=1 remaining_dependencies=0 visited=10 exhausted=false
2026-09-12T21:21:09.452057Z TRACE logical_optimizer: declined logical rule rule="PullDependentFilter" reason="right_input_shape"
2026-09-12T21:21:09.452167Z TRACE logical_optimizer: applied logical rule rule="PullDependentFilterOverJoin"
2026-09-12T21:21:09.452254Z TRACE logical_optimizer: applied logical rule rule="MergeSelectInnerJoin"
2026-09-12T21:21:09.452367Z DEBUG logical_optimizer: applied=2 dependent_filters_pulled=1 remaining_dependencies=0 visited=10 exhausted=false
2026-09-12T21:21:09.453240Z TRACE logical_optimizer: declined logical rule rule="PullDependentFilter" reason="right_input_shape"
2026-09-12T21:21:09.453376Z TRACE logical_optimizer: applied logical rule rule="PullDependentFilterOverJoin"
2026-09-12T21:21:09.453471Z TRACE logical_optimizer: applied logical rule rule="MergeSelectInnerJoin"
2026-09-12T21:21:09.453576Z DEBUG logical_optimizer: applied=2 dependent_filters_pulled=1 remaining_dependencies=0 visited=10 exhausted=false
2026-09-12T21:21:09.458460Z DEBUG logical_optimizer: logical binding uses a legacy path reason="value-producing subquery lowering"
2026-09-12T21:21:09.458585Z DEBUG logical_optimizer: logical binding uses a legacy path reason="aggregate lowering"
2026-09-12T21:21:09.458762Z DEBUG logical_optimizer: logical binding uses a legacy path reason="value-producing subquery lowering"
2026-09-12T21:21:09.459620Z DEBUG logical_optimizer: logical binding uses a legacy path reason="value-producing subquery lowering"
2026-09-12T21:21:09.459730Z DEBUG logical_optimizer: logical binding uses a legacy path reason="aggregate lowering"
2026-09-12T21:21:09.459873Z DEBUG logical_optimizer: logical binding uses a legacy path reason="value-producing subquery lowering"
2026-09-12T21:21:09.460467Z DEBUG logical_optimizer: logical binding uses a legacy path reason="DISTINCT output mapping"
2026-09-12T21:21:09.460912Z DEBUG logical_optimizer: logical binding uses a legacy path reason="DISTINCT output mapping"
2026-09-12T21:21:09.461547Z DEBUG logical_optimizer: logical binding uses a legacy path reason="DISTINCT output mapping"
2026-09-12T21:21:09.462073Z DEBUG logical_optimizer: logical binding uses a legacy path reason="DISTINCT output mapping"
2026-09-12T21:21:09.463089Z TRACE logical_optimizer: declined logical rule rule="PullDependentFilter" reason="right_input_shape"
2026-09-12T21:21:09.463208Z TRACE logical_optimizer: applied logical rule rule="PullDependentFilterOverJoin"
2026-09-12T21:21:09.463296Z TRACE logical_optimizer: applied logical rule rule="MergeSelectInnerJoin"
2026-09-12T21:21:09.463386Z DEBUG logical_optimizer: applied=2 dependent_filters_pulled=1 remaining_dependencies=0 visited=10 exhausted=false
2026-09-12T21:21:09.464016Z TRACE logical_optimizer: declined logical rule rule="PullDependentFilter" reason="right_input_shape"
2026-09-12T21:21:09.464131Z TRACE logical_optimizer: applied logical rule rule="PullDependentFilterOverJoin"
2026-09-12T21:21:09.464219Z TRACE logical_optimizer: applied logical rule rule="MergeSelectInnerJoin"
2026-09-12T21:21:09.464321Z DEBUG logical_optimizer: applied=2 dependent_filters_pulled=1 remaining_dependencies=0 visited=10 exhausted=false
2026-09-12T21:21:09.464898Z TRACE logical_optimizer: declined logical rule rule="PullDependentFilter" reason="right_input_shape"
2026-09-12T21:21:09.465002Z TRACE logical_optimizer: applied logical rule rule="PullDependentFilterOverJoin"
2026-09-12T21:21:09.465080Z TRACE logical_optimizer: applied logical rule rule="MergeSelectInnerJoin"
2026-09-12T21:21:09.465169Z DEBUG logical_optimizer: applied=2 dependent_filters_pulled=1 remaining_dependencies=0 visited=10 exhausted=false
2026-09-12T21:21:09.465957Z TRACE logical_optimizer: declined logical rule rule="PullDependentFilter" reason="right_input_shape"
2026-09-12T21:21:09.466104Z TRACE logical_optimizer: applied logical rule rule="PullDependentFilterOverJoin"
2026-09-12T21:21:09.466195Z TRACE logical_optimizer: applied logical rule rule="MergeSelectInnerJoin"
2026-09-12T21:21:09.466295Z DEBUG logical_optimizer: applied=2 dependent_filters_pulled=1 remaining_dependencies=0 visited=10 exhausted=false
2026-09-12T21:21:09.472578Z DEBUG logical_optimizer: logical binding uses a legacy path reason="aggregate lowering"
2026-09-12T21:21:09.472722Z DEBUG logical_optimizer: logical binding uses a legacy path reason="scalar execution resource or subquery result"
2026-09-12T21:21:09.473339Z DEBUG logical_optimizer: logical binding uses a legacy path reason="aggregate lowering"
2026-09-12T21:21:09.473475Z DEBUG logical_optimizer: logical binding uses a legacy path reason="scalar execution resource or subquery result"
2026-09-12T21:21:09.473897Z DEBUG logical_optimizer: logical binding uses a legacy path reason="aggregate lowering"
2026-09-12T21:21:09.473988Z DEBUG logical_optimizer: logical binding uses a legacy path reason="scalar execution resource or subquery result"
2026-09-12T21:21:09.474787Z DEBUG logical_optimizer: logical binding uses a legacy path reason="value-producing subquery lowering"
2026-09-12T21:21:09.475231Z DEBUG logical_optimizer: logical binding uses a legacy path reason="value-producing subquery lowering"
2026-09-12T21:21:09.479339Z TRACE logical_optimizer: applied logical rule rule="PullDependentFilter"
2026-09-12T21:21:09.479419Z DEBUG logical_optimizer: applied=1 dependent_filters_pulled=1 remaining_dependencies=0 visited=5 exhausted=false
2026-09-12T21:21:09.479759Z TRACE logical_optimizer: applied logical rule rule="PullDependentFilter"
2026-09-12T21:21:09.479820Z DEBUG logical_optimizer: applied=1 dependent_filters_pulled=1 remaining_dependencies=0 visited=5 exhausted=false
2026-09-12T21:21:09.480109Z TRACE logical_optimizer: applied logical rule rule="PullDependentFilter"
2026-09-12T21:21:09.480182Z DEBUG logical_optimizer: applied=1 dependent_filters_pulled=1 remaining_dependencies=0 visited=5 exhausted=false
2026-09-12T21:21:09.480622Z TRACE logical_optimizer: applied logical rule rule="PullDependentFilter"
2026-09-12T21:21:09.480716Z DEBUG logical_optimizer: applied=1 dependent_filters_pulled=1 remaining_dependencies=0 visited=5 exhausted=false
2026-09-12T21:21:09.483405Z DEBUG logical_optimizer: logical binding uses a legacy path reason="value-producing subquery lowering"
2026-09-12T21:21:09.483844Z DEBUG logical_optimizer: logical binding uses a legacy path reason="value-producing subquery lowering"
2026-09-12T21:21:09.484308Z DEBUG logical_optimizer: logical binding uses a legacy path reason="value-producing subquery lowering"
2026-09-12T21:21:09.484656Z DEBUG logical_optimizer: logical binding uses a legacy path reason="value-producing subquery lowering"
2026-09-12T21:21:09.488062Z DEBUG logical_optimizer: logical binding uses a legacy path reason="value-producing subquery lowering"
2026-09-12T21:21:09.488225Z TRACE logical_optimizer: applied logical rule rule="PullDependentFilter"
2026-09-12T21:21:09.488318Z TRACE logical_optimizer: applied logical rule rule="PullLeftFilter"
2026-09-12T21:21:09.488413Z DEBUG logical_optimizer: applied=2 dependent_filters_pulled=1 remaining_dependencies=0 visited=5 exhausted=false
2026-09-12T21:21:09.488982Z DEBUG logical_optimizer: logical binding uses a legacy path reason="value-producing subquery lowering"
2026-09-12T21:21:09.489128Z TRACE logical_optimizer: applied logical rule rule="PullDependentFilter"
2026-09-12T21:21:09.489212Z TRACE logical_optimizer: applied logical rule rule="PullLeftFilter"
2026-09-12T21:21:09.489313Z DEBUG logical_optimizer: applied=2 dependent_filters_pulled=1 remaining_dependencies=0 visited=5 exhausted=false
2026-09-12T21:21:09.490098Z DEBUG logical_optimizer: logical binding uses a legacy path reason="value-producing subquery lowering"
2026-09-12T21:21:09.490262Z TRACE logical_optimizer: applied logical rule rule="PullDependentFilter"
2026-09-12T21:21:09.490439Z TRACE logical_optimizer: applied logical rule rule="PullLeftFilter"
2026-09-12T21:21:09.490580Z DEBUG logical_optimizer: applied=2 dependent_filters_pulled=1 remaining_dependencies=0 visited=5 exhausted=false
2026-09-12T21:21:09.491497Z DEBUG logical_optimizer: logical binding uses a legacy path reason="value-producing subquery lowering"
2026-09-12T21:21:09.491649Z TRACE logical_optimizer: applied logical rule rule="PullDependentFilter"
2026-09-12T21:21:09.491736Z TRACE logical_optimizer: applied logical rule rule="PullLeftFilter"
2026-09-12T21:21:09.491832Z DEBUG logical_optimizer: applied=2 dependent_filters_pulled=1 remaining_dependencies=0 visited=5 exhausted=false
2026-09-12T21:21:09.495593Z DEBUG logical_optimizer: logical binding uses a legacy path reason="aggregate lowering"
2026-09-12T21:21:09.495729Z DEBUG logical_optimizer: logical binding uses a legacy path reason="aggregate lowering"
2026-09-12T21:21:09.496294Z DEBUG logical_optimizer: logical binding uses a legacy path reason="aggregate lowering"
2026-09-12T21:21:09.496420Z DEBUG logical_optimizer: logical binding uses a legacy path reason="aggregate lowering"
2026-09-12T21:21:09.496883Z DEBUG logical_optimizer: logical binding uses a legacy path reason="aggregate lowering"
2026-09-12T21:21:09.496996Z DEBUG logical_optimizer: logical binding uses a legacy path reason="aggregate lowering"
2026-09-12T21:21:09.497666Z DEBUG logical_optimizer: logical binding uses a legacy path reason="aggregate lowering"
2026-09-12T21:21:09.497789Z DEBUG logical_optimizer: logical binding uses a legacy path reason="aggregate lowering"
2026-09-12T21:21:09.498394Z DEBUG logical_optimizer: logical binding uses a legacy path reason="subquery outside a direct EXISTS filter"
2026-09-12T21:21:09.498779Z DEBUG logical_optimizer: logical binding uses a legacy path reason="subquery outside a direct EXISTS filter"
2026-09-12T21:21:09.499180Z DEBUG logical_optimizer: logical binding uses a legacy path reason="subquery outside a direct EXISTS filter"
2026-09-12T21:21:09.499723Z TRACE logical_optimizer: applied logical rule rule="PullDependentFilter"
2026-09-12T21:21:09.499824Z DEBUG logical_optimizer: applied=1 dependent_filters_pulled=1 remaining_dependencies=0 visited=5 exhausted=false
2026-09-12T21:21:09.500197Z TRACE logical_optimizer: applied logical rule rule="PullDependentFilter"
2026-09-12T21:21:09.500289Z DEBUG logical_optimizer: applied=1 dependent_filters_pulled=1 remaining_dependencies=0 visited=5 exhausted=false
2026-09-12T21:21:09.500749Z TRACE logical_optimizer: applied logical rule rule="PullDependentFilter"
2026-09-12T21:21:09.500839Z DEBUG logical_optimizer: applied=1 dependent_filters_pulled=1 remaining_dependencies=0 visited=5 exhausted=false
2026-09-12T21:21:09.501325Z TRACE logical_optimizer: applied logical rule rule="PullDependentFilter"
2026-09-12T21:21:09.501436Z DEBUG logical_optimizer: applied=1 dependent_filters_pulled=1 remaining_dependencies=0 visited=5 exhausted=false
2026-09-12T21:21:09.502364Z TRACE logical_optimizer: declined logical rule rule="PullDependentFilter" reason="right_input_shape"
2026-09-12T21:21:09.502476Z TRACE logical_optimizer: applied logical rule rule="PullDependentFilterOverJoin"
2026-09-12T21:21:09.502558Z TRACE logical_optimizer: applied logical rule rule="MergeSelectInnerJoin"
2026-09-12T21:21:09.502662Z DEBUG logical_optimizer: applied=2 dependent_filters_pulled=1 remaining_dependencies=0 visited=10 exhausted=false
2026-09-12T21:21:09.503260Z TRACE logical_optimizer: declined logical rule rule="PullDependentFilter" reason="right_input_shape"
2026-09-12T21:21:09.503359Z TRACE logical_optimizer: applied logical rule rule="PullDependentFilterOverJoin"
2026-09-12T21:21:09.503437Z TRACE logical_optimizer: applied logical rule rule="MergeSelectInnerJoin"
2026-09-12T21:21:09.503528Z DEBUG logical_optimizer: applied=2 dependent_filters_pulled=1 remaining_dependencies=0 visited=10 exhausted=false
2026-09-12T21:21:09.504154Z TRACE logical_optimizer: declined logical rule rule="PullDependentFilter" reason="right_input_shape"
2026-09-12T21:21:09.504305Z TRACE logical_optimizer: applied logical rule rule="PullDependentFilterOverJoin"
2026-09-12T21:21:09.504389Z TRACE logical_optimizer: applied logical rule rule="MergeSelectInnerJoin"
2026-09-12T21:21:09.504480Z DEBUG logical_optimizer: applied=2 dependent_filters_pulled=1 remaining_dependencies=0 visited=10 exhausted=false
2026-09-12T21:21:09.505225Z TRACE logical_optimizer: declined logical rule rule="PullDependentFilter" reason="right_input_shape"
2026-09-12T21:21:09.505326Z TRACE logical_optimizer: applied logical rule rule="PullDependentFilterOverJoin"
2026-09-12T21:21:09.505403Z TRACE logical_optimizer: applied logical rule rule="MergeSelectInnerJoin"
2026-09-12T21:21:09.505493Z DEBUG logical_optimizer: applied=2 dependent_filters_pulled=1 remaining_dependencies=0 visited=10 exhausted=false
2026-09-12T21:21:09.506910Z DEBUG logical_optimizer: logical binding uses a legacy path reason="value-producing subquery lowering"
2026-09-12T21:21:09.507043Z DEBUG logical_optimizer: logical binding uses a legacy path reason="aggregate lowering"
2026-09-12T21:21:09.507889Z DEBUG logical_optimizer: logical binding uses a legacy path reason="value-producing subquery lowering"
2026-09-12T21:21:09.508020Z DEBUG logical_optimizer: logical binding uses a legacy path reason="aggregate lowering"
2026-09-12T21:21:09.508990Z DEBUG logical_optimizer: logical binding uses a legacy path reason="value-producing subquery lowering"
2026-09-12T21:21:09.509118Z DEBUG logical_optimizer: logical binding uses a legacy path reason="aggregate lowering"
2026-09-12T21:21:09.518586Z DEBUG logical_optimizer: logical binding uses a legacy path reason="DISTINCT output mapping"
2026-09-12T21:21:09.518991Z DEBUG logical_optimizer: logical binding uses a legacy path reason="DISTINCT output mapping"
2026-09-12T21:21:09.519332Z DEBUG logical_optimizer: logical binding uses a legacy path reason="DISTINCT output mapping"
2026-09-12T21:21:09.520098Z DEBUG logical_optimizer: logical binding uses a legacy path reason="value-producing subquery lowering"
2026-09-12T21:21:09.520219Z DEBUG logical_optimizer: logical binding uses a legacy path reason="aggregate lowering"
2026-09-12T21:21:09.520367Z TRACE logical_optimizer: applied logical rule rule="PullDependentFilter"
2026-09-12T21:21:09.520435Z TRACE logical_optimizer: applied logical rule rule="PullLeftFilter"
2026-09-12T21:21:09.520502Z DEBUG logical_optimizer: applied=2 dependent_filters_pulled=1 remaining_dependencies=0 visited=5 exhausted=false
2026-09-12T21:21:09.520718Z DEBUG logical_optimizer: logical binding uses a legacy path reason="aggregate lowering"
2026-09-12T21:21:09.521415Z DEBUG logical_optimizer: logical binding uses a legacy path reason="value-producing subquery lowering"
2026-09-12T21:21:09.521515Z DEBUG logical_optimizer: logical binding uses a legacy path reason="aggregate lowering"
2026-09-12T21:21:09.521625Z TRACE logical_optimizer: applied logical rule rule="PullDependentFilter"
2026-09-12T21:21:09.521678Z TRACE logical_optimizer: applied logical rule rule="PullLeftFilter"
2026-09-12T21:21:09.521736Z DEBUG logical_optimizer: applied=2 dependent_filters_pulled=1 remaining_dependencies=0 visited=5 exhausted=false
2026-09-12T21:21:09.521926Z DEBUG logical_optimizer: logical binding uses a legacy path reason="aggregate lowering"
2026-09-12T21:21:09.522440Z DEBUG logical_optimizer: logical binding uses a legacy path reason="value-producing subquery lowering"
2026-09-12T21:21:09.522540Z DEBUG logical_optimizer: logical binding uses a legacy path reason="aggregate lowering"
2026-09-12T21:21:09.522670Z TRACE logical_optimizer: applied logical rule rule="PullDependentFilter"
2026-09-12T21:21:09.522748Z TRACE logical_optimizer: applied logical rule rule="PullLeftFilter"
2026-09-12T21:21:09.522835Z DEBUG logical_optimizer: applied=2 dependent_filters_pulled=1 remaining_dependencies=0 visited=5 exhausted=false
2026-09-12T21:21:09.522998Z DEBUG logical_optimizer: logical binding uses a legacy path reason="aggregate lowering"
2026-09-12T21:21:09.524127Z DEBUG logical_optimizer: logical binding uses a legacy path reason="value-producing subquery lowering"
2026-09-12T21:21:09.524279Z DEBUG logical_optimizer: logical binding uses a legacy path reason="aggregate lowering"
2026-09-12T21:21:09.524379Z TRACE logical_optimizer: applied logical rule rule="PullDependentFilter"
2026-09-12T21:21:09.524431Z TRACE logical_optimizer: applied logical rule rule="PullLeftFilter"
2026-09-12T21:21:09.524490Z DEBUG logical_optimizer: applied=2 dependent_filters_pulled=1 remaining_dependencies=0 visited=5 exhausted=false
2026-09-12T21:21:09.524638Z DEBUG logical_optimizer: logical binding uses a legacy path reason="aggregate lowering"
2026-09-12T21:21:09.530393Z DEBUG logical_optimizer: logical binding uses a legacy path reason="aggregate lowering"
2026-09-12T21:21:09.530522Z DEBUG logical_optimizer: logical binding uses a legacy path reason="aggregate lowering"
2026-09-12T21:21:09.531093Z DEBUG logical_optimizer: logical binding uses a legacy path reason="aggregate lowering"
2026-09-12T21:21:09.531243Z DEBUG logical_optimizer: logical binding uses a legacy path reason="aggregate lowering"
2026-09-12T21:21:09.531714Z DEBUG logical_optimizer: logical binding uses a legacy path reason="aggregate lowering"
2026-09-12T21:21:09.531810Z DEBUG logical_optimizer: logical binding uses a legacy path reason="aggregate lowering"
2026-09-12T21:21:09.538118Z DEBUG logical_optimizer: logical binding uses a legacy path reason="scalar execution resource or subquery result"
2026-09-12T21:21:09.538486Z DEBUG logical_optimizer: logical binding uses a legacy path reason="scalar execution resource or subquery result"
2026-09-12T21:21:09.548797Z DEBUG logical_optimizer: logical binding uses a legacy path reason="value-producing subquery lowering"
2026-09-12T21:21:09.549011Z DEBUG logical_optimizer: logical binding uses a legacy path reason="value-producing subquery lowering"
2026-09-12T21:21:09.549155Z DEBUG logical_optimizer: logical binding uses a legacy path reason="value-producing subquery lowering"
2026-09-12T21:21:09.549336Z DEBUG logical_optimizer: logical binding uses a legacy path reason="value-producing subquery lowering"
2026-09-12T21:21:09.551331Z DEBUG logical_optimizer: logical binding uses a legacy path reason="value-producing subquery lowering"
2026-09-12T21:21:09.551540Z DEBUG logical_optimizer: logical binding uses a legacy path reason="value-producing subquery lowering"
2026-09-12T21:21:09.551746Z DEBUG logical_optimizer: logical binding uses a legacy path reason="value-producing subquery lowering"
2026-09-12T21:21:09.551924Z DEBUG logical_optimizer: logical binding uses a legacy path reason="value-producing subquery lowering"
2026-09-12T21:21:09.559392Z DEBUG logical_optimizer: logical binding uses a legacy path reason="aggregate lowering"
2026-09-12T21:21:09.560027Z DEBUG logical_optimizer: logical binding uses a legacy path reason="aggregate lowering"
2026-09-12T21:21:09.560452Z DEBUG logical_optimizer: logical binding uses a legacy path reason="aggregate lowering"
2026-09-12T21:21:09.561463Z DEBUG logical_optimizer: logical binding uses a legacy path reason="value-producing subquery lowering"
2026-09-12T21:21:09.561590Z DEBUG logical_optimizer: logical binding uses a legacy path reason="value-producing subquery lowering"
2026-09-12T21:21:09.561701Z DEBUG logical_optimizer: logical binding uses a legacy path reason="aggregate lowering"
2026-09-12T21:21:09.562565Z DEBUG logical_optimizer: logical binding uses a legacy path reason="value-producing subquery lowering"
2026-09-12T21:21:09.562705Z DEBUG logical_optimizer: logical binding uses a legacy path reason="value-producing subquery lowering"
2026-09-12T21:21:09.562847Z DEBUG logical_optimizer: logical binding uses a legacy path reason="aggregate lowering"
2026-09-12T21:21:09.568774Z DEBUG logical_optimizer: logical binding uses a legacy path reason="value-producing subquery lowering"
2026-09-12T21:21:09.569044Z DEBUG logical_optimizer: logical binding uses a legacy path reason="aggregate lowering"
2026-09-12T21:21:09.570403Z DEBUG logical_optimizer: logical binding uses a legacy path reason="value-producing subquery lowering"
2026-09-12T21:21:09.570670Z DEBUG logical_optimizer: logical binding uses a legacy path reason="aggregate lowering"
2026-09-12T21:21:09.572096Z DEBUG logical_optimizer: logical binding uses a legacy path reason="value-producing subquery lowering"
2026-09-12T21:21:09.572904Z DEBUG logical_optimizer: logical binding uses a legacy path reason="value-producing subquery lowering"
2026-09-12T21:21:09.574494Z DEBUG logical_optimizer: logical binding uses a legacy path reason="aggregate lowering"
2026-09-12T21:21:09.574658Z DEBUG logical_optimizer: logical binding uses a legacy path reason="aggregate lowering"
2026-09-12T21:21:09.574769Z DEBUG logical_optimizer: logical binding uses a legacy path reason="aggregate lowering"
2026-09-12T21:21:09.574878Z DEBUG logical_optimizer: logical binding uses a legacy path reason="aggregate lowering"
2026-09-12T21:21:09.576134Z DEBUG logical_optimizer: logical binding uses a legacy path reason="aggregate lowering"
2026-09-12T21:21:09.576299Z DEBUG logical_optimizer: logical binding uses a legacy path reason="aggregate lowering"
2026-09-12T21:21:09.576394Z DEBUG logical_optimizer: logical binding uses a legacy path reason="aggregate lowering"
2026-09-12T21:21:09.576479Z DEBUG logical_optimizer: logical binding uses a legacy path reason="aggregate lowering"
2026-09-12T21:21:09.581025Z DEBUG logical_optimizer: logical binding uses a legacy path reason="DISTINCT output mapping"
2026-09-12T21:21:09.581606Z DEBUG logical_optimizer: logical binding uses a legacy path reason="DISTINCT output mapping"
2026-09-12T21:21:09.586225Z DEBUG logical_optimizer: logical binding uses a legacy path reason="value-producing subquery lowering"
2026-09-12T21:21:09.587094Z DEBUG logical_optimizer: logical binding uses a legacy path reason="value-producing subquery lowering"
2026-09-12T21:21:09.587997Z DEBUG logical_optimizer: logical binding uses a legacy path reason="value-producing subquery lowering"
2026-09-12T21:21:09.588533Z DEBUG logical_optimizer: logical binding uses a legacy path reason="value-producing subquery lowering"
2026-09-12T21:21:09.592728Z DEBUG logical_optimizer: logical binding uses a legacy path reason="value-producing subquery lowering"
2026-09-12T21:21:09.592962Z TRACE logical_optimizer: applied logical rule rule="PullDependentFilter"
2026-09-12T21:21:09.593077Z TRACE logical_optimizer: applied logical rule rule="PullLeftFilter"
2026-09-12T21:21:09.593200Z DEBUG logical_optimizer: applied=2 dependent_filters_pulled=1 remaining_dependencies=0 visited=5 exhausted=false
2026-09-12T21:21:09.593907Z DEBUG logical_optimizer: logical binding uses a legacy path reason="value-producing subquery lowering"
2026-09-12T21:21:09.594068Z TRACE logical_optimizer: applied logical rule rule="PullDependentFilter"
2026-09-12T21:21:09.594164Z TRACE logical_optimizer: applied logical rule rule="PullLeftFilter"
2026-09-12T21:21:09.594273Z DEBUG logical_optimizer: applied=2 dependent_filters_pulled=1 remaining_dependencies=0 visited=5 exhausted=false
2026-09-12T21:21:09.597896Z DEBUG logical_optimizer: logical binding uses a legacy path reason="aggregate lowering"
2026-09-12T21:21:09.598147Z DEBUG logical_optimizer: logical binding uses a legacy path reason="value-producing subquery lowering"
2026-09-12T21:21:09.598307Z DEBUG logical_optimizer: logical binding uses a legacy path reason="value-producing subquery lowering"
2026-09-12T21:21:09.599719Z DEBUG logical_optimizer: logical binding uses a legacy path reason="aggregate lowering"
2026-09-12T21:21:09.599913Z DEBUG logical_optimizer: logical binding uses a legacy path reason="value-producing subquery lowering"
2026-09-12T21:21:09.600049Z DEBUG logical_optimizer: logical binding uses a legacy path reason="value-producing subquery lowering"
2026-09-12T21:21:09.601951Z DEBUG logical_optimizer: logical binding uses a legacy path reason="aggregate lowering"
2026-09-12T21:21:09.602098Z DEBUG logical_optimizer: logical binding uses a legacy path reason="aggregate lowering"
2026-09-12T21:21:09.602356Z DEBUG logical_optimizer: logical binding uses a legacy path reason="aggregate lowering"
2026-09-12T21:21:09.603658Z DEBUG logical_optimizer: logical binding uses a legacy path reason="aggregate lowering"
2026-09-12T21:21:09.603789Z DEBUG logical_optimizer: logical binding uses a legacy path reason="aggregate lowering"
2026-09-12T21:21:09.604080Z DEBUG logical_optimizer: logical binding uses a legacy path reason="aggregate lowering"
2026-09-12T21:21:09.604929Z DEBUG logical_optimizer: logical binding uses a legacy path reason="DISTINCT output mapping"
2026-09-12T21:21:09.605128Z DEBUG logical_optimizer: logical binding uses a legacy path reason="aggregate lowering"
2026-09-12T21:21:09.605288Z DEBUG logical_optimizer: logical binding uses a legacy path reason="value-producing subquery lowering"
2026-09-12T21:21:09.605420Z DEBUG logical_optimizer: logical binding uses a legacy path reason="aggregate lowering"
2026-09-12T21:21:09.606118Z DEBUG logical_optimizer: logical binding uses a legacy path reason="DISTINCT output mapping"
2026-09-12T21:21:09.606270Z DEBUG logical_optimizer: logical binding uses a legacy path reason="aggregate lowering"
2026-09-12T21:21:09.606413Z DEBUG logical_optimizer: logical binding uses a legacy path reason="value-producing subquery lowering"
2026-09-12T21:21:09.606542Z DEBUG logical_optimizer: logical binding uses a legacy path reason="aggregate lowering"
2026-09-12T21:21:09.607356Z DEBUG logical_optimizer: logical binding uses a legacy path reason="DISTINCT output mapping"
2026-09-12T21:21:09.607489Z DEBUG logical_optimizer: logical binding uses a legacy path reason="aggregate lowering"
2026-09-12T21:21:09.607622Z DEBUG logical_optimizer: logical binding uses a legacy path reason="value-producing subquery lowering"
2026-09-12T21:21:09.607757Z DEBUG logical_optimizer: logical binding uses a legacy path reason="aggregate lowering"
2026-09-12T21:21:09.609641Z DEBUG logical_optimizer: logical binding uses a legacy path reason="aggregate lowering"
2026-09-12T21:21:09.610099Z DEBUG logical_optimizer: logical binding uses a legacy path reason="value-producing subquery lowering"
2026-09-12T21:21:09.610888Z DEBUG logical_optimizer: logical binding uses a legacy path reason="aggregate lowering"
2026-09-12T21:21:09.611372Z DEBUG logical_optimizer: logical binding uses a legacy path reason="value-producing subquery lowering"
2026-09-12T21:21:09.614840Z DEBUG logical_optimizer: logical binding uses a legacy path reason="value-producing subquery lowering"
2026-09-12T21:21:09.615298Z DEBUG logical_optimizer: logical binding uses a legacy path reason="value-producing subquery lowering"
2026-09-12T21:21:09.615767Z TRACE logical_optimizer: applied logical rule rule="PullDependentFilter"
2026-09-12T21:21:09.615888Z DEBUG logical_optimizer: applied=1 dependent_filters_pulled=1 remaining_dependencies=0 visited=5 exhausted=false
2026-09-12T21:21:09.616352Z TRACE logical_optimizer: applied logical rule rule="PullDependentFilter"
2026-09-12T21:21:09.616464Z DEBUG logical_optimizer: applied=1 dependent_filters_pulled=1 remaining_dependencies=0 visited=5 exhausted=false
2026-09-12T21:21:09.616835Z TRACE logical_optimizer: applied logical rule rule="PullDependentFilter"
2026-09-12T21:21:09.616941Z DEBUG logical_optimizer: applied=1 dependent_filters_pulled=1 remaining_dependencies=0 visited=5 exhausted=false
2026-09-12T21:21:09.617473Z TRACE logical_optimizer: applied logical rule rule="PullDependentFilter"
2026-09-12T21:21:09.617593Z DEBUG logical_optimizer: applied=1 dependent_filters_pulled=1 remaining_dependencies=0 visited=5 exhausted=false
2026-09-12T21:21:09.618559Z DEBUG logical_optimizer: logical binding uses a legacy path reason="value-producing subquery lowering"
2026-09-12T21:21:09.619313Z DEBUG logical_optimizer: logical binding uses a legacy path reason="value-producing subquery lowering"
2026-09-12T21:21:09.619947Z DEBUG logical_optimizer: logical binding uses a legacy path reason="value-producing subquery lowering"
2026-09-12T21:21:09.620399Z DEBUG logical_optimizer: logical binding uses a legacy path reason="value-producing subquery lowering"
2026-09-12T21:21:09.621140Z DEBUG logical_optimizer: logical binding uses a legacy path reason="value-producing subquery lowering"
2026-09-12T21:21:09.622363Z DEBUG logical_optimizer: logical binding uses a legacy path reason="aggregate lowering"
2026-09-12T21:21:09.623111Z DEBUG logical_optimizer: logical binding uses a legacy path reason="aggregate lowering"
2026-09-12T21:21:09.623970Z DEBUG logical_optimizer: logical binding uses a legacy path reason="aggregate lowering"
2026-09-12T21:21:09.625095Z DEBUG logical_optimizer: logical binding uses a legacy path reason="aggregate lowering"
2026-09-12T21:21:09.626554Z TRACE logical_optimizer: applied logical rule rule="PullDependentFilter"
2026-09-12T21:21:09.626675Z DEBUG logical_optimizer: applied=1 dependent_filters_pulled=1 remaining_dependencies=0 visited=5 exhausted=false
2026-09-12T21:21:09.627052Z TRACE logical_optimizer: applied logical rule rule="PullDependentFilter"
2026-09-12T21:21:09.627174Z DEBUG logical_optimizer: applied=1 dependent_filters_pulled=1 remaining_dependencies=0 visited=5 exhausted=false
2026-09-12T21:21:09.627533Z TRACE logical_optimizer: applied logical rule rule="PullDependentFilter"
2026-09-12T21:21:09.627678Z DEBUG logical_optimizer: applied=1 dependent_filters_pulled=1 remaining_dependencies=0 visited=5 exhausted=false
2026-09-12T21:21:09.628328Z TRACE logical_optimizer: applied logical rule rule="PullDependentFilter"
2026-09-12T21:21:09.628434Z DEBUG logical_optimizer: applied=1 dependent_filters_pulled=1 remaining_dependencies=0 visited=5 exhausted=false
2026-09-12T21:21:09.636912Z DEBUG logical_optimizer: logical binding uses a legacy path reason="DISTINCT output mapping"
2026-09-12T21:21:09.637119Z DEBUG logical_optimizer: logical binding uses a legacy path reason="value-producing subquery lowering"
2026-09-12T21:21:09.637276Z DEBUG logical_optimizer: logical binding uses a legacy path reason="aggregate lowering"
2026-09-12T21:21:09.637922Z DEBUG logical_optimizer: logical binding uses a legacy path reason="DISTINCT output mapping"
2026-09-12T21:21:09.638031Z DEBUG logical_optimizer: logical binding uses a legacy path reason="value-producing subquery lowering"
2026-09-12T21:21:09.638196Z DEBUG logical_optimizer: logical binding uses a legacy path reason="aggregate lowering"
2026-09-12T21:21:09.640399Z DEBUG logical_optimizer: logical binding uses a legacy path reason="value-producing subquery lowering"
2026-09-12T21:21:09.641331Z DEBUG logical_optimizer: logical binding uses a legacy path reason="value-producing subquery lowering"
2026-09-12T21:21:09.642765Z DEBUG logical_optimizer: logical binding uses a legacy path reason="value-producing subquery lowering"
2026-09-12T21:21:09.643358Z DEBUG logical_optimizer: logical binding uses a legacy path reason="value-producing subquery lowering"
2026-09-12T21:21:09.644053Z DEBUG logical_optimizer: logical binding uses a legacy path reason="value-producing subquery lowering"
2026-09-12T21:21:09.644714Z DEBUG logical_optimizer: logical binding uses a legacy path reason="value-producing subquery lowering"
2026-09-12T21:21:09.646681Z DEBUG logical_optimizer: logical binding uses a legacy path reason="value-producing subquery lowering"
2026-09-12T21:21:09.646775Z DEBUG logical_optimizer: logical binding uses a legacy path reason="aggregate lowering"
2026-09-12T21:21:09.646901Z DEBUG logical_optimizer: logical binding uses a legacy path reason="aggregate lowering"
2026-09-12T21:21:09.647566Z DEBUG logical_optimizer: logical binding uses a legacy path reason="value-producing subquery lowering"
2026-09-12T21:21:09.647662Z DEBUG logical_optimizer: logical binding uses a legacy path reason="aggregate lowering"
2026-09-12T21:21:09.647762Z DEBUG logical_optimizer: logical binding uses a legacy path reason="aggregate lowering"
2026-09-12T21:21:09.649052Z DEBUG logical_optimizer: logical binding uses a legacy path reason="DISTINCT output mapping"
2026-09-12T21:21:09.649135Z DEBUG logical_optimizer: logical binding uses a legacy path reason="value-producing subquery lowering"
2026-09-12T21:21:09.650338Z DEBUG logical_optimizer: logical binding uses a legacy path reason="DISTINCT output mapping"
2026-09-12T21:21:09.650437Z DEBUG logical_optimizer: logical binding uses a legacy path reason="value-producing subquery lowering"
2026-09-12T21:21:09.651869Z DEBUG logical_optimizer: logical binding uses a legacy path reason="aggregate lowering"
2026-09-12T21:21:09.652637Z DEBUG logical_optimizer: logical binding uses a legacy path reason="aggregate lowering"
2026-09-12T21:21:09.653603Z DEBUG logical_optimizer: logical binding uses a legacy path reason="aggregate lowering"
2026-09-12T21:21:09.654349Z DEBUG logical_optimizer: logical binding uses a legacy path reason="aggregate lowering"
2026-09-12T21:21:09.656090Z TRACE logical_optimizer: declined logical rule rule="PullDependentFilter" reason="right_input_shape"
2026-09-12T21:21:09.656207Z TRACE logical_optimizer: applied logical rule rule="PullDependentFilterOverJoin"
2026-09-12T21:21:09.656290Z TRACE logical_optimizer: applied logical rule rule="MergeSelectInnerJoin"
2026-09-12T21:21:09.656367Z DEBUG logical_optimizer: applied=2 dependent_filters_pulled=1 remaining_dependencies=0 visited=10 exhausted=false
2026-09-12T21:21:09.657121Z TRACE logical_optimizer: declined logical rule rule="PullDependentFilter" reason="right_input_shape"
2026-09-12T21:21:09.657215Z TRACE logical_optimizer: applied logical rule rule="PullDependentFilterOverJoin"
2026-09-12T21:21:09.657284Z TRACE logical_optimizer: applied logical rule rule="MergeSelectInnerJoin"
2026-09-12T21:21:09.657362Z DEBUG logical_optimizer: applied=2 dependent_filters_pulled=1 remaining_dependencies=0 visited=10 exhausted=false
2026-09-12T21:21:09.658387Z TRACE logical_optimizer: declined logical rule rule="PullDependentFilter" reason="right_input_shape"
2026-09-12T21:21:09.658471Z TRACE logical_optimizer: applied logical rule rule="PullDependentFilterOverJoin"
2026-09-12T21:21:09.658530Z TRACE logical_optimizer: applied logical rule rule="MergeSelectInnerJoin"
2026-09-12T21:21:09.658608Z DEBUG logical_optimizer: applied=2 dependent_filters_pulled=1 remaining_dependencies=0 visited=10 exhausted=false
2026-09-12T21:21:09.659670Z TRACE logical_optimizer: declined logical rule rule="PullDependentFilter" reason="right_input_shape"
2026-09-12T21:21:09.659762Z TRACE logical_optimizer: applied logical rule rule="PullDependentFilterOverJoin"
2026-09-12T21:21:09.659842Z TRACE logical_optimizer: applied logical rule rule="MergeSelectInnerJoin"
2026-09-12T21:21:09.659936Z DEBUG logical_optimizer: applied=2 dependent_filters_pulled=1 remaining_dependencies=0 visited=10 exhausted=false
2026-09-12T21:21:09.661863Z TRACE logical_optimizer: applied logical rule rule="PullDependentFilter"
2026-09-12T21:21:09.661936Z DEBUG logical_optimizer: applied=1 dependent_filters_pulled=1 remaining_dependencies=0 visited=5 exhausted=false
2026-09-12T21:21:09.662568Z TRACE logical_optimizer: applied logical rule rule="PullDependentFilter"
2026-09-12T21:21:09.662634Z DEBUG logical_optimizer: applied=1 dependent_filters_pulled=1 remaining_dependencies=0 visited=5 exhausted=false
2026-09-12T21:21:09.663216Z TRACE logical_optimizer: applied logical rule rule="PullDependentFilter"
2026-09-12T21:21:09.663416Z DEBUG logical_optimizer: applied=1 dependent_filters_pulled=1 remaining_dependencies=0 visited=5 exhausted=false
2026-09-12T21:21:09.664525Z TRACE logical_optimizer: applied logical rule rule="PullDependentFilter"
2026-09-12T21:21:09.664656Z DEBUG logical_optimizer: applied=1 dependent_filters_pulled=1 remaining_dependencies=0 visited=5 exhausted=false
2026-09-12T21:21:09.669444Z DEBUG logical_optimizer: logical binding uses a legacy path reason="aggregate lowering"
2026-09-12T21:21:09.670807Z DEBUG logical_optimizer: logical binding uses a legacy path reason="aggregate lowering"
2026-09-12T21:21:09.682042Z DEBUG logical_optimizer: logical binding uses a legacy path reason="value-producing subquery lowering"
2026-09-12T21:21:09.682231Z DEBUG logical_optimizer: logical binding uses a legacy path reason="value-producing subquery lowering"
2026-09-12T21:21:09.682400Z DEBUG logical_optimizer: logical binding uses a legacy path reason="aggregate lowering"
2026-09-12T21:21:09.682608Z TRACE logical_optimizer: applied logical rule rule="PullDependentFilter"
2026-09-12T21:21:09.682681Z TRACE logical_optimizer: applied logical rule rule="PullLeftFilter"
2026-09-12T21:21:09.682753Z DEBUG logical_optimizer: applied=2 dependent_filters_pulled=1 remaining_dependencies=0 visited=5 exhausted=false
2026-09-12T21:21:09.684027Z DEBUG logical_optimizer: logical binding uses a legacy path reason="value-producing subquery lowering"
2026-09-12T21:21:09.684156Z DEBUG logical_optimizer: logical binding uses a legacy path reason="value-producing subquery lowering"
2026-09-12T21:21:09.684278Z DEBUG logical_optimizer: logical binding uses a legacy path reason="aggregate lowering"
2026-09-12T21:21:09.684450Z TRACE logical_optimizer: applied logical rule rule="PullDependentFilter"
2026-09-12T21:21:09.684551Z TRACE logical_optimizer: applied logical rule rule="PullLeftFilter"
2026-09-12T21:21:09.684634Z DEBUG logical_optimizer: applied=2 dependent_filters_pulled=1 remaining_dependencies=0 visited=5 exhausted=false
2026-09-12T21:21:09.685657Z DEBUG logical_optimizer: logical binding uses a legacy path reason="value-producing subquery lowering"
2026-09-12T21:21:09.685793Z DEBUG logical_optimizer: logical binding uses a legacy path reason="value-producing subquery lowering"
2026-09-12T21:21:09.685931Z DEBUG logical_optimizer: logical binding uses a legacy path reason="aggregate lowering"
2026-09-12T21:21:09.686137Z TRACE logical_optimizer: applied logical rule rule="PullDependentFilter"
2026-09-12T21:21:09.686220Z TRACE logical_optimizer: applied logical rule rule="PullLeftFilter"
2026-09-12T21:21:09.686307Z DEBUG logical_optimizer: applied=2 dependent_filters_pulled=1 remaining_dependencies=0 visited=5 exhausted=false
2026-09-12T21:21:09.688441Z DEBUG logical_optimizer: logical binding uses a legacy path reason="value-producing subquery lowering"
2026-09-12T21:21:09.688647Z DEBUG logical_optimizer: logical binding uses a legacy path reason="value-producing subquery lowering"
2026-09-12T21:21:09.688837Z DEBUG logical_optimizer: logical binding uses a legacy path reason="aggregate lowering"
2026-09-12T21:21:09.689112Z TRACE logical_optimizer: applied logical rule rule="PullDependentFilter"
2026-09-12T21:21:09.689245Z TRACE logical_optimizer: applied logical rule rule="PullLeftFilter"
2026-09-12T21:21:09.689351Z DEBUG logical_optimizer: applied=2 dependent_filters_pulled=1 remaining_dependencies=0 visited=5 exhausted=false
2026-09-12T21:21:09.691094Z DEBUG logical_optimizer: logical binding uses a legacy path reason="aggregate lowering"
2026-09-12T21:21:09.691336Z DEBUG logical_optimizer: logical binding uses a legacy path reason="value-producing subquery lowering"
2026-09-12T21:21:09.692681Z DEBUG logical_optimizer: logical binding uses a legacy path reason="aggregate lowering"
2026-09-12T21:21:09.692860Z DEBUG logical_optimizer: logical binding uses a legacy path reason="value-producing subquery lowering"
2026-09-12T21:21:09.694169Z DEBUG logical_optimizer: logical binding uses a legacy path reason="aggregate lowering"
2026-09-12T21:21:09.694370Z DEBUG logical_optimizer: logical binding uses a legacy path reason="value-producing subquery lowering"
2026-09-12T21:21:09.696087Z DEBUG logical_optimizer: logical binding uses a legacy path reason="aggregate lowering"
2026-09-12T21:21:09.696314Z DEBUG logical_optimizer: logical binding uses a legacy path reason="value-producing subquery lowering"
2026-09-12T21:21:09.699540Z TRACE logical_optimizer: declined logical rule rule="PullDependentFilter" reason="right_input_shape"
2026-09-12T21:21:09.699748Z TRACE logical_optimizer: applied logical rule rule="PullDependentFilterOverJoin"
2026-09-12T21:21:09.699874Z TRACE logical_optimizer: applied logical rule rule="MergeSelectInnerJoin"
2026-09-12T21:21:09.700018Z DEBUG logical_optimizer: applied=2 dependent_filters_pulled=1 remaining_dependencies=0 visited=10 exhausted=false
2026-09-12T21:21:09.701170Z TRACE logical_optimizer: declined logical rule rule="PullDependentFilter" reason="right_input_shape"
2026-09-12T21:21:09.701346Z TRACE logical_optimizer: applied logical rule rule="PullDependentFilterOverJoin"
2026-09-12T21:21:09.701445Z TRACE logical_optimizer: applied logical rule rule="MergeSelectInnerJoin"
2026-09-12T21:21:09.701554Z DEBUG logical_optimizer: applied=2 dependent_filters_pulled=1 remaining_dependencies=0 visited=10 exhausted=false
2026-09-12T21:21:09.702813Z TRACE logical_optimizer: declined logical rule rule="PullDependentFilter" reason="right_input_shape"
2026-09-12T21:21:09.703008Z TRACE logical_optimizer: applied logical rule rule="PullDependentFilterOverJoin"
2026-09-12T21:21:09.703116Z TRACE logical_optimizer: applied logical rule rule="MergeSelectInnerJoin"
2026-09-12T21:21:09.703268Z DEBUG logical_optimizer: applied=2 dependent_filters_pulled=1 remaining_dependencies=0 visited=10 exhausted=false
2026-09-12T21:21:09.704715Z TRACE logical_optimizer: declined logical rule rule="PullDependentFilter" reason="right_input_shape"
2026-09-12T21:21:09.704924Z TRACE logical_optimizer: applied logical rule rule="PullDependentFilterOverJoin"
2026-09-12T21:21:09.705079Z TRACE logical_optimizer: applied logical rule rule="MergeSelectInnerJoin"
2026-09-12T21:21:09.705323Z DEBUG logical_optimizer: applied=2 dependent_filters_pulled=1 remaining_dependencies=0 visited=10 exhausted=false
2026-09-12T21:21:09.712803Z DEBUG logical_optimizer: logical binding uses a legacy path reason="value-producing subquery lowering"
2026-09-12T21:21:09.713965Z DEBUG logical_optimizer: logical binding uses a legacy path reason="value-producing subquery lowering"
2026-09-12T21:21:09.715857Z DEBUG logical_optimizer: logical binding uses a legacy path reason="DISTINCT output mapping"
2026-09-12T21:21:09.716421Z DEBUG logical_optimizer: logical binding uses a legacy path reason="DISTINCT output mapping"
2026-09-12T21:21:09.717589Z DEBUG logical_optimizer: logical binding uses a legacy path reason="aggregate lowering"
2026-09-12T21:21:09.718072Z DEBUG logical_optimizer: logical binding uses a legacy path reason="aggregate lowering"
2026-09-12T21:21:09.718494Z DEBUG logical_optimizer: logical binding uses a legacy path reason="aggregate lowering"
2026-09-12T21:21:09.719141Z TRACE logical_optimizer: applied logical rule rule="PullDependentFilter"
2026-09-12T21:21:09.719258Z DEBUG logical_optimizer: applied=1 dependent_filters_pulled=1 remaining_dependencies=0 visited=5 exhausted=false
2026-09-12T21:21:09.719710Z TRACE logical_optimizer: applied logical rule rule="PullDependentFilter"
2026-09-12T21:21:09.719817Z DEBUG logical_optimizer: applied=1 dependent_filters_pulled=1 remaining_dependencies=0 visited=5 exhausted=false
2026-09-12T21:21:09.720218Z TRACE logical_optimizer: applied logical rule rule="PullDependentFilter"
2026-09-12T21:21:09.720318Z DEBUG logical_optimizer: applied=1 dependent_filters_pulled=1 remaining_dependencies=0 visited=5 exhausted=false
2026-09-12T21:21:09.720854Z TRACE logical_optimizer: applied logical rule rule="PullDependentFilter"
2026-09-12T21:21:09.720970Z DEBUG logical_optimizer: applied=1 dependent_filters_pulled=1 remaining_dependencies=0 visited=5 exhausted=false
2026-09-12T21:21:09.721891Z DEBUG logical_optimizer: logical binding uses a legacy path reason="aggregate lowering"
2026-09-12T21:21:09.722601Z DEBUG logical_optimizer: logical binding uses a legacy path reason="aggregate lowering"
2026-09-12T21:21:09.723446Z DEBUG logical_optimizer: logical binding uses a legacy path reason="aggregate lowering"
2026-09-12T21:21:09.724934Z DEBUG logical_optimizer: logical binding uses a legacy path reason="value-producing subquery lowering"
2026-09-12T21:21:09.725144Z DEBUG logical_optimizer: logical binding uses a legacy path reason="aggregate lowering"
2026-09-12T21:21:09.726262Z DEBUG logical_optimizer: logical binding uses a legacy path reason="value-producing subquery lowering"
2026-09-12T21:21:09.726422Z DEBUG logical_optimizer: logical binding uses a legacy path reason="aggregate lowering"
2026-09-12T21:21:09.727846Z TRACE logical_optimizer: declined logical rule rule="PullDependentFilter" reason="right_input_shape"
2026-09-12T21:21:09.727973Z TRACE logical_optimizer: applied logical rule rule="PullDependentFilterOverJoin"
2026-09-12T21:21:09.728071Z TRACE logical_optimizer: applied logical rule rule="MergeSelectInnerJoin"
2026-09-12T21:21:09.728170Z DEBUG logical_optimizer: applied=2 dependent_filters_pulled=1 remaining_dependencies=0 visited=10 exhausted=false
2026-09-12T21:21:09.728947Z TRACE logical_optimizer: declined logical rule rule="PullDependentFilter" reason="right_input_shape"
2026-09-12T21:21:09.729063Z TRACE logical_optimizer: applied logical rule rule="PullDependentFilterOverJoin"
2026-09-12T21:21:09.729154Z TRACE logical_optimizer: applied logical rule rule="MergeSelectInnerJoin"
2026-09-12T21:21:09.729269Z DEBUG logical_optimizer: applied=2 dependent_filters_pulled=1 remaining_dependencies=0 visited=10 exhausted=false
2026-09-12T21:21:09.729938Z TRACE logical_optimizer: declined logical rule rule="PullDependentFilter" reason="right_input_shape"
2026-09-12T21:21:09.730056Z TRACE logical_optimizer: applied logical rule rule="PullDependentFilterOverJoin"
2026-09-12T21:21:09.730146Z TRACE logical_optimizer: applied logical rule rule="MergeSelectInnerJoin"
2026-09-12T21:21:09.730259Z DEBUG logical_optimizer: applied=2 dependent_filters_pulled=1 remaining_dependencies=0 visited=10 exhausted=false
2026-09-12T21:21:09.731272Z TRACE logical_optimizer: declined logical rule rule="PullDependentFilter" reason="right_input_shape"
2026-09-12T21:21:09.731386Z TRACE logical_optimizer: applied logical rule rule="PullDependentFilterOverJoin"
2026-09-12T21:21:09.731479Z TRACE logical_optimizer: applied logical rule rule="MergeSelectInnerJoin"
2026-09-12T21:21:09.731578Z DEBUG logical_optimizer: applied=2 dependent_filters_pulled=1 remaining_dependencies=0 visited=10 exhausted=false
2026-09-12T21:21:09.733090Z DEBUG logical_optimizer: logical binding uses a legacy path reason="aggregate lowering"
2026-09-12T21:21:09.733257Z DEBUG logical_optimizer: logical binding uses a legacy path reason="value-producing subquery lowering"
2026-09-12T21:21:09.734437Z DEBUG logical_optimizer: logical binding uses a legacy path reason="aggregate lowering"
2026-09-12T21:21:09.734578Z DEBUG logical_optimizer: logical binding uses a legacy path reason="value-producing subquery lowering"
2026-09-12T21:21:09.735474Z DEBUG logical_optimizer: logical binding uses a legacy path reason="aggregate lowering"
2026-09-12T21:21:09.735608Z DEBUG logical_optimizer: logical binding uses a legacy path reason="value-producing subquery lowering"
2026-09-12T21:21:09.736975Z DEBUG logical_optimizer: logical binding uses a legacy path reason="aggregate lowering"
2026-09-12T21:21:09.737145Z DEBUG logical_optimizer: logical binding uses a legacy path reason="value-producing subquery lowering"
2026-09-12T21:21:09.738264Z TRACE logical_optimizer: applied logical rule rule="PullDependentFilter"
2026-09-12T21:21:09.738384Z DEBUG logical_optimizer: applied=1 dependent_filters_pulled=1 remaining_dependencies=0 visited=6 exhausted=false
2026-09-12T21:21:09.738836Z TRACE logical_optimizer: applied logical rule rule="PullDependentFilter"
2026-09-12T21:21:09.738945Z DEBUG logical_optimizer: applied=1 dependent_filters_pulled=1 remaining_dependencies=0 visited=6 exhausted=false
2026-09-12T21:21:09.740016Z DEBUG logical_optimizer: logical binding uses a legacy path reason="aggregate lowering"
2026-09-12T21:21:09.740469Z DEBUG logical_optimizer: logical binding uses a legacy path reason="aggregate lowering"
2026-09-12T21:21:09.741078Z DEBUG logical_optimizer: logical binding uses a legacy path reason="aggregate lowering"
2026-09-12T21:21:09.742537Z DEBUG logical_optimizer: logical binding uses a legacy path reason="aggregate lowering"
2026-09-12T21:21:09.743318Z DEBUG logical_optimizer: logical binding uses a legacy path reason="aggregate lowering"
2026-09-12T21:21:09.743842Z DEBUG logical_optimizer: logical binding uses a legacy path reason="value-producing subquery lowering"
2026-09-12T21:21:09.744040Z DEBUG logical_optimizer: logical binding uses a legacy path reason="aggregate lowering"
2026-09-12T21:21:09.744601Z DEBUG logical_optimizer: logical binding uses a legacy path reason="value-producing subquery lowering"
2026-09-12T21:21:09.744734Z DEBUG logical_optimizer: logical binding uses a legacy path reason="aggregate lowering"
2026-09-12T21:21:09.745291Z DEBUG logical_optimizer: logical binding uses a legacy path reason="value-producing subquery lowering"
2026-09-12T21:21:09.745424Z DEBUG logical_optimizer: logical binding uses a legacy path reason="aggregate lowering"
2026-09-12T21:21:09.746227Z DEBUG logical_optimizer: logical binding uses a legacy path reason="value-producing subquery lowering"
2026-09-12T21:21:09.746369Z DEBUG logical_optimizer: logical binding uses a legacy path reason="aggregate lowering"
2026-09-12T21:21:09.747402Z DEBUG logical_optimizer: logical binding uses a legacy path reason="DISTINCT output mapping"
2026-09-12T21:21:09.747710Z DEBUG logical_optimizer: logical binding uses a legacy path reason="aggregate lowering"
2026-09-12T21:21:09.749115Z DEBUG logical_optimizer: logical binding uses a legacy path reason="DISTINCT output mapping"
2026-09-12T21:21:09.749374Z DEBUG logical_optimizer: logical binding uses a legacy path reason="aggregate lowering"
2026-09-12T21:21:09.750783Z DEBUG logical_optimizer: logical binding uses a legacy path reason="DISTINCT output mapping"
2026-09-12T21:21:09.751102Z DEBUG logical_optimizer: logical binding uses a legacy path reason="aggregate lowering"
2026-09-12T21:21:09.752805Z DEBUG logical_optimizer: logical binding uses a legacy path reason="DISTINCT output mapping"
2026-09-12T21:21:09.753186Z DEBUG logical_optimizer: logical binding uses a legacy path reason="aggregate lowering"
2026-09-12T21:21:09.754941Z DEBUG logical_optimizer: logical binding uses a legacy path reason="subquery outside a direct EXISTS filter"
2026-09-12T21:21:09.755421Z DEBUG logical_optimizer: logical binding uses a legacy path reason="subquery outside a direct EXISTS filter"
2026-09-12T21:21:09.755986Z DEBUG logical_optimizer: logical binding uses a legacy path reason="subquery outside a direct EXISTS filter"
2026-09-12T21:21:09.760039Z DEBUG logical_optimizer: logical binding uses a legacy path reason="value-producing subquery lowering"
2026-09-12T21:21:09.760819Z DEBUG logical_optimizer: logical binding uses a legacy path reason="value-producing subquery lowering"
2026-09-12T21:21:09.762806Z DEBUG logical_optimizer: logical binding uses a legacy path reason="aggregate lowering"
2026-09-12T21:21:09.762990Z DEBUG logical_optimizer: logical binding uses a legacy path reason="value-producing subquery lowering"
2026-09-12T21:21:09.763883Z DEBUG logical_optimizer: logical binding uses a legacy path reason="aggregate lowering"
2026-09-12T21:21:09.764124Z DEBUG logical_optimizer: logical binding uses a legacy path reason="value-producing subquery lowering"
2026-09-12T21:21:09.764722Z DEBUG logical_optimizer: logical binding uses a legacy path reason="aggregate lowering"
2026-09-12T21:21:09.765462Z DEBUG logical_optimizer: logical binding uses a legacy path reason="aggregate lowering"
2026-09-12T21:21:09.766270Z DEBUG logical_optimizer: logical binding uses a legacy path reason="value-producing subquery lowering"
2026-09-12T21:21:09.766679Z DEBUG logical_optimizer: logical binding uses a legacy path reason="value-producing subquery lowering"
2026-09-12T21:21:09.767066Z DEBUG logical_optimizer: logical binding uses a legacy path reason="value-producing subquery lowering"
2026-09-12T21:21:09.767691Z DEBUG logical_optimizer: logical binding uses a legacy path reason="value-producing subquery lowering"
2026-09-12T21:21:09.769233Z DEBUG logical_optimizer: logical binding uses a legacy path reason="value-producing subquery lowering"
2026-09-12T21:21:09.769740Z DEBUG logical_optimizer: logical binding uses a legacy path reason="value-producing subquery lowering"
2026-09-12T21:21:09.770326Z DEBUG logical_optimizer: logical binding uses a legacy path reason="value-producing subquery lowering"
2026-09-12T21:21:09.771285Z DEBUG logical_optimizer: logical binding uses a legacy path reason="value-producing subquery lowering"
2026-09-12T21:21:09.772108Z TRACE logical_optimizer: applied logical rule rule="PullDependentFilter"
2026-09-12T21:21:09.772252Z DEBUG logical_optimizer: applied=1 dependent_filters_pulled=1 remaining_dependencies=0 visited=5 exhausted=false
2026-09-12T21:21:09.772636Z TRACE logical_optimizer: applied logical rule rule="PullDependentFilter"
2026-09-12T21:21:09.772748Z DEBUG logical_optimizer: applied=1 dependent_filters_pulled=1 remaining_dependencies=0 visited=5 exhausted=false
2026-09-12T21:21:09.773206Z TRACE logical_optimizer: applied logical rule rule="PullDependentFilter"
2026-09-12T21:21:09.773327Z DEBUG logical_optimizer: applied=1 dependent_filters_pulled=1 remaining_dependencies=0 visited=5 exhausted=false
2026-09-12T21:21:09.773881Z TRACE logical_optimizer: applied logical rule rule="PullDependentFilter"
2026-09-12T21:21:09.773996Z DEBUG logical_optimizer: applied=1 dependent_filters_pulled=1 remaining_dependencies=0 visited=5 exhausted=false
2026-09-12T21:21:09.774792Z DEBUG logical_optimizer: logical binding uses a legacy path reason="value-producing subquery lowering"
2026-09-12T21:21:09.775146Z DEBUG logical_optimizer: logical binding uses a legacy path reason="value-producing subquery lowering"
2026-09-12T21:21:09.775521Z DEBUG logical_optimizer: logical binding uses a legacy path reason="value-producing subquery lowering"
2026-09-12T21:21:09.776057Z DEBUG logical_optimizer: logical binding uses a legacy path reason="subquery outside a direct EXISTS filter"
2026-09-12T21:21:09.776408Z DEBUG logical_optimizer: logical binding uses a legacy path reason="subquery outside a direct EXISTS filter"
2026-09-12T21:21:09.776772Z DEBUG logical_optimizer: logical binding uses a legacy path reason="subquery outside a direct EXISTS filter"
2026-09-12T21:21:09.777289Z TRACE logical_optimizer: applied logical rule rule="PullDependentFilter"
2026-09-12T21:21:09.777400Z DEBUG logical_optimizer: applied=1 dependent_filters_pulled=1 remaining_dependencies=0 visited=5 exhausted=false
2026-09-12T21:21:09.777905Z TRACE logical_optimizer: applied logical rule rule="PullDependentFilter"
2026-09-12T21:21:09.778018Z DEBUG logical_optimizer: applied=1 dependent_filters_pulled=1 remaining_dependencies=0 visited=5 exhausted=false
2026-09-12T21:21:09.778554Z TRACE logical_optimizer: applied logical rule rule="PullDependentFilter"
2026-09-12T21:21:09.778676Z DEBUG logical_optimizer: applied=1 dependent_filters_pulled=1 remaining_dependencies=0 visited=5 exhausted=false
2026-09-12T21:21:09.779337Z TRACE logical_optimizer: applied logical rule rule="PullDependentFilter"
2026-09-12T21:21:09.779444Z DEBUG logical_optimizer: applied=1 dependent_filters_pulled=1 remaining_dependencies=0 visited=5 exhausted=false
2026-09-12T21:21:09.780962Z DEBUG logical_optimizer: logical binding uses a legacy path reason="value-producing subquery lowering"
2026-09-12T21:21:09.781584Z DEBUG logical_optimizer: logical binding uses a legacy path reason="value-producing subquery lowering"
2026-09-12T21:21:09.800723Z DEBUG logical_optimizer: logical binding uses a legacy path reason="value-producing subquery lowering"
2026-09-12T21:21:09.801347Z DEBUG logical_optimizer: logical binding uses a legacy path reason="value-producing subquery lowering"
2026-09-12T21:21:09.801892Z DEBUG logical_optimizer: logical binding uses a legacy path reason="value-producing subquery lowering"
2026-09-12T21:21:09.802718Z DEBUG logical_optimizer: logical binding uses a legacy path reason="aggregate lowering"
2026-09-12T21:21:09.803195Z DEBUG logical_optimizer: logical binding uses a legacy path reason="aggregate lowering"
2026-09-12T21:21:09.803826Z DEBUG logical_optimizer: logical binding uses a legacy path reason="aggregate lowering"
2026-09-12T21:21:09.804511Z DEBUG logical_optimizer: logical binding uses a legacy path reason="value-producing subquery lowering"
2026-09-12T21:21:09.805139Z DEBUG logical_optimizer: logical binding uses a legacy path reason="value-producing subquery lowering"
2026-09-12T21:21:09.805895Z DEBUG logical_optimizer: logical binding uses a legacy path reason="value-producing subquery lowering"
2026-09-12T21:21:09.806721Z DEBUG logical_optimizer: logical binding uses a legacy path reason="value-producing subquery lowering"
2026-09-12T21:21:09.815078Z DEBUG logical_optimizer: logical binding uses a legacy path reason="aggregate lowering"
2026-09-12T21:21:09.815708Z DEBUG logical_optimizer: logical binding uses a legacy path reason="aggregate lowering"
2026-09-12T21:21:09.816185Z DEBUG logical_optimizer: logical binding uses a legacy path reason="scalar execution resource or subquery result"
2026-09-12T21:21:09.816559Z DEBUG logical_optimizer: logical binding uses a legacy path reason="scalar execution resource or subquery result"
2026-09-12T21:21:09.817952Z DEBUG logical_optimizer: logical binding uses a legacy path reason="DISTINCT output mapping"
2026-09-12T21:21:09.818777Z DEBUG logical_optimizer: logical binding uses a legacy path reason="DISTINCT output mapping"
2026-09-12T21:21:09.819678Z DEBUG logical_optimizer: logical binding uses a legacy path reason="DISTINCT output mapping"
2026-09-12T21:21:09.819825Z DEBUG logical_optimizer: logical binding uses a legacy path reason="aggregate lowering"
2026-09-12T21:21:09.820300Z DEBUG logical_optimizer: logical binding uses a legacy path reason="DISTINCT output mapping"
2026-09-12T21:21:09.820425Z DEBUG logical_optimizer: logical binding uses a legacy path reason="aggregate lowering"
2026-09-12T21:21:09.820937Z DEBUG logical_optimizer: logical binding uses a legacy path reason="DISTINCT output mapping"
2026-09-12T21:21:09.821065Z DEBUG logical_optimizer: logical binding uses a legacy path reason="aggregate lowering"
2026-09-12T21:21:09.821983Z DEBUG logical_optimizer: logical binding uses a legacy path reason="aggregate lowering"
2026-09-12T21:21:09.822479Z DEBUG logical_optimizer: logical binding uses a legacy path reason="aggregate lowering"
2026-09-12T21:21:09.823020Z DEBUG logical_optimizer: logical binding uses a legacy path reason="value-producing subquery lowering"
2026-09-12T21:21:09.823670Z DEBUG logical_optimizer: logical binding uses a legacy path reason="value-producing subquery lowering"
2026-09-12T21:21:09.824728Z DEBUG logical_optimizer: logical binding uses a legacy path reason="value-producing subquery lowering"
2026-09-12T21:21:09.825476Z DEBUG logical_optimizer: logical binding uses a legacy path reason="value-producing subquery lowering"
2026-09-12T21:21:09.826765Z TRACE logical_optimizer: declined logical rule rule="PullDependentFilter" reason="right_input_shape"
2026-09-12T21:21:09.826915Z TRACE logical_optimizer: applied logical rule rule="PullDependentFilterOverJoin"
2026-09-12T21:21:09.827015Z TRACE logical_optimizer: applied logical rule rule="MergeSelectInnerJoin"
2026-09-12T21:21:09.827136Z DEBUG logical_optimizer: applied=2 dependent_filters_pulled=1 remaining_dependencies=0 visited=10 exhausted=false
2026-09-12T21:21:09.827806Z TRACE logical_optimizer: declined logical rule rule="PullDependentFilter" reason="right_input_shape"
2026-09-12T21:21:09.827936Z TRACE logical_optimizer: applied logical rule rule="PullDependentFilterOverJoin"
2026-09-12T21:21:09.828033Z TRACE logical_optimizer: applied logical rule rule="MergeSelectInnerJoin"
2026-09-12T21:21:09.828136Z DEBUG logical_optimizer: applied=2 dependent_filters_pulled=1 remaining_dependencies=0 visited=10 exhausted=false
2026-09-12T21:21:09.828708Z TRACE logical_optimizer: declined logical rule rule="PullDependentFilter" reason="right_input_shape"
2026-09-12T21:21:09.828830Z TRACE logical_optimizer: applied logical rule rule="PullDependentFilterOverJoin"
2026-09-12T21:21:09.828926Z TRACE logical_optimizer: applied logical rule rule="MergeSelectInnerJoin"
2026-09-12T21:21:09.829023Z DEBUG logical_optimizer: applied=2 dependent_filters_pulled=1 remaining_dependencies=0 visited=10 exhausted=false
2026-09-12T21:21:09.829812Z TRACE logical_optimizer: declined logical rule rule="PullDependentFilter" reason="right_input_shape"
2026-09-12T21:21:09.829983Z TRACE logical_optimizer: applied logical rule rule="PullDependentFilterOverJoin"
2026-09-12T21:21:09.830076Z TRACE logical_optimizer: applied logical rule rule="MergeSelectInnerJoin"
2026-09-12T21:21:09.830199Z DEBUG logical_optimizer: applied=2 dependent_filters_pulled=1 remaining_dependencies=0 visited=10 exhausted=false
2026-09-12T21:21:09.834185Z DEBUG logical_optimizer: logical binding uses a legacy path reason="aggregate lowering"
2026-09-12T21:21:09.834729Z DEBUG logical_optimizer: logical binding uses a legacy path reason="aggregate lowering"
2026-09-12T21:21:09.835332Z DEBUG logical_optimizer: logical binding uses a legacy path reason="aggregate lowering"
2026-09-12T21:21:09.836530Z DEBUG logical_optimizer: logical binding uses a legacy path reason="scalar execution resource or subquery result"
2026-09-12T21:21:09.836696Z DEBUG logical_optimizer: logical binding uses a legacy path reason="value-producing subquery lowering"
2026-09-12T21:21:09.837508Z DEBUG logical_optimizer: logical binding uses a legacy path reason="scalar execution resource or subquery result"
2026-09-12T21:21:09.837693Z DEBUG logical_optimizer: logical binding uses a legacy path reason="value-producing subquery lowering"
2026-09-12T21:21:09.838306Z DEBUG logical_optimizer: logical binding uses a legacy path reason="scalar execution resource or subquery result"
2026-09-12T21:21:09.838515Z DEBUG logical_optimizer: logical binding uses a legacy path reason="value-producing subquery lowering"
2026-09-12T21:21:09.839784Z DEBUG logical_optimizer: logical binding uses a legacy path reason="scalar execution resource or subquery result"
2026-09-12T21:21:09.839963Z DEBUG logical_optimizer: logical binding uses a legacy path reason="value-producing subquery lowering"
2026-09-12T21:21:09.841055Z DEBUG logical_optimizer: logical binding uses a legacy path reason="value-producing subquery lowering"
2026-09-12T21:21:09.841443Z DEBUG logical_optimizer: logical binding uses a legacy path reason="value-producing subquery lowering"
2026-09-12T21:21:09.841950Z DEBUG logical_optimizer: logical binding uses a legacy path reason="value-producing subquery lowering"
2026-09-12T21:21:09.843479Z DEBUG logical_optimizer: logical binding uses a legacy path reason="value-producing subquery lowering"
2026-09-12T21:21:09.843662Z DEBUG logical_optimizer: logical binding uses a legacy path reason="scalar execution resource or subquery result"
2026-09-12T21:21:09.843794Z DEBUG logical_optimizer: logical binding uses a legacy path reason="scalar execution resource or subquery result"
2026-09-12T21:21:09.844795Z DEBUG logical_optimizer: logical binding uses a legacy path reason="value-producing subquery lowering"
2026-09-12T21:21:09.844960Z DEBUG logical_optimizer: logical binding uses a legacy path reason="scalar execution resource or subquery result"
2026-09-12T21:21:09.845096Z DEBUG logical_optimizer: logical binding uses a legacy path reason="scalar execution resource or subquery result"
2026-09-12T21:21:09.846207Z DEBUG logical_optimizer: logical binding uses a legacy path reason="value-producing subquery lowering"
2026-09-12T21:21:09.846384Z DEBUG logical_optimizer: logical binding uses a legacy path reason="scalar execution resource or subquery result"
2026-09-12T21:21:09.846512Z DEBUG logical_optimizer: logical binding uses a legacy path reason="scalar execution resource or subquery result"
2026-09-12T21:21:09.848118Z DEBUG logical_optimizer: logical binding uses a legacy path reason="value-producing subquery lowering"
2026-09-12T21:21:09.848268Z DEBUG logical_optimizer: logical binding uses a legacy path reason="aggregate lowering"
2026-09-12T21:21:09.849162Z DEBUG logical_optimizer: logical binding uses a legacy path reason="value-producing subquery lowering"
2026-09-12T21:21:09.849312Z DEBUG logical_optimizer: logical binding uses a legacy path reason="aggregate lowering"
2026-09-12T21:21:09.849986Z DEBUG logical_optimizer: logical binding uses a legacy path reason="value-producing subquery lowering"
2026-09-12T21:21:09.850209Z DEBUG logical_optimizer: logical binding uses a legacy path reason="aggregate lowering"
2026-09-12T21:21:09.851380Z DEBUG logical_optimizer: logical binding uses a legacy path reason="value-producing subquery lowering"
2026-09-12T21:21:09.851542Z DEBUG logical_optimizer: logical binding uses a legacy path reason="aggregate lowering"
2026-09-12T21:21:09.852711Z DEBUG logical_optimizer: logical binding uses a legacy path reason="value-producing subquery lowering"
2026-09-12T21:21:09.852895Z DEBUG logical_optimizer: logical binding uses a legacy path reason="value-producing subquery lowering"
2026-09-12T21:21:09.853029Z DEBUG logical_optimizer: logical binding uses a legacy path reason="aggregate lowering"
2026-09-12T21:21:09.853950Z DEBUG logical_optimizer: logical binding uses a legacy path reason="value-producing subquery lowering"
2026-09-12T21:21:09.854087Z DEBUG logical_optimizer: logical binding uses a legacy path reason="value-producing subquery lowering"
2026-09-12T21:21:09.854216Z DEBUG logical_optimizer: logical binding uses a legacy path reason="aggregate lowering"
2026-09-12T21:21:09.861216Z DEBUG logical_optimizer: logical binding uses a legacy path reason="aggregate lowering"
2026-09-12T21:21:09.861872Z DEBUG logical_optimizer: logical binding uses a legacy path reason="aggregate lowering"
2026-09-12T21:21:09.865303Z TRACE logical_optimizer: applied logical rule rule="PullDependentFilter"
2026-09-12T21:21:09.865395Z DEBUG logical_optimizer: applied=1 dependent_filters_pulled=1 remaining_dependencies=0 visited=5 exhausted=false
2026-09-12T21:21:09.865788Z TRACE logical_optimizer: applied logical rule rule="PullDependentFilter"
2026-09-12T21:21:09.865851Z DEBUG logical_optimizer: applied=1 dependent_filters_pulled=1 remaining_dependencies=0 visited=5 exhausted=false
2026-09-12T21:21:09.866474Z TRACE logical_optimizer: applied logical rule rule="PullDependentFilter"
2026-09-12T21:21:09.866549Z DEBUG logical_optimizer: applied=1 dependent_filters_pulled=1 remaining_dependencies=0 visited=5 exhausted=false
2026-09-12T21:21:09.867087Z TRACE logical_optimizer: applied logical rule rule="PullDependentFilter"
2026-09-12T21:21:09.867181Z DEBUG logical_optimizer: applied=1 dependent_filters_pulled=1 remaining_dependencies=0 visited=5 exhausted=false
2026-09-12T21:21:09.868527Z DEBUG logical_optimizer: logical binding uses a legacy path reason="value-producing subquery lowering"
2026-09-12T21:21:09.869401Z DEBUG logical_optimizer: logical binding uses a legacy path reason="value-producing subquery lowering"
2026-09-12T21:21:09.872645Z DEBUG logical_optimizer: logical binding uses a legacy path reason="aggregate lowering"
2026-09-12T21:21:09.873541Z DEBUG logical_optimizer: logical binding uses a legacy path reason="aggregate lowering"
2026-09-12T21:21:09.874516Z DEBUG logical_optimizer: logical binding uses a legacy path reason="DISTINCT output mapping"
2026-09-12T21:21:09.874661Z DEBUG logical_optimizer: logical binding uses a legacy path reason="value-producing subquery lowering"
2026-09-12T21:21:09.875492Z DEBUG logical_optimizer: logical binding uses a legacy path reason="DISTINCT output mapping"
2026-09-12T21:21:09.875630Z DEBUG logical_optimizer: logical binding uses a legacy path reason="value-producing subquery lowering"
2026-09-12T21:21:09.876560Z DEBUG logical_optimizer: logical binding uses a legacy path reason="DISTINCT output mapping"
2026-09-12T21:21:09.876708Z DEBUG logical_optimizer: logical binding uses a legacy path reason="aggregate lowering"
2026-09-12T21:21:09.876840Z DEBUG logical_optimizer: logical binding uses a legacy path reason="value-producing subquery lowering"
2026-09-12T21:21:09.877975Z DEBUG logical_optimizer: logical binding uses a legacy path reason="DISTINCT output mapping"
2026-09-12T21:21:09.878119Z DEBUG logical_optimizer: logical binding uses a legacy path reason="aggregate lowering"
2026-09-12T21:21:09.878250Z DEBUG logical_optimizer: logical binding uses a legacy path reason="value-producing subquery lowering"
2026-09-12T21:21:09.880056Z DEBUG logical_optimizer: logical binding uses a legacy path reason="aggregate lowering"
2026-09-12T21:21:09.880253Z DEBUG logical_optimizer: logical binding uses a legacy path reason="aggregate lowering"
2026-09-12T21:21:09.881174Z DEBUG logical_optimizer: logical binding uses a legacy path reason="aggregate lowering"
2026-09-12T21:21:09.881347Z DEBUG logical_optimizer: logical binding uses a legacy path reason="aggregate lowering"
2026-09-12T21:21:09.882215Z DEBUG logical_optimizer: logical binding uses a legacy path reason="aggregate lowering"
2026-09-12T21:21:09.882356Z DEBUG logical_optimizer: logical binding uses a legacy path reason="aggregate lowering"
2026-09-12T21:21:09.883777Z DEBUG logical_optimizer: logical binding uses a legacy path reason="aggregate lowering"
2026-09-12T21:21:09.883926Z DEBUG logical_optimizer: logical binding uses a legacy path reason="aggregate lowering"
2026-09-12T21:21:09.893059Z DEBUG logical_optimizer: logical binding uses a legacy path reason="aggregate lowering"
2026-09-12T21:21:09.893613Z DEBUG logical_optimizer: logical binding uses a legacy path reason="aggregate lowering"
2026-09-12T21:21:09.894064Z DEBUG logical_optimizer: logical binding uses a legacy path reason="aggregate lowering"
2026-09-12T21:21:09.894728Z DEBUG logical_optimizer: logical binding uses a legacy path reason="aggregate lowering"
2026-09-12T21:21:09.898200Z TRACE logical_optimizer: declined logical rule rule="PullDependentFilter" reason="right_input_shape"
2026-09-12T21:21:09.898326Z TRACE logical_optimizer: applied logical rule rule="PullDependentFilterOverJoin"
2026-09-12T21:21:09.898409Z TRACE logical_optimizer: applied logical rule rule="MergeSelectInnerJoin"
2026-09-12T21:21:09.898501Z DEBUG logical_optimizer: applied=2 dependent_filters_pulled=1 remaining_dependencies=0 visited=10 exhausted=false
2026-09-12T21:21:09.899271Z TRACE logical_optimizer: declined logical rule rule="PullDependentFilter" reason="right_input_shape"
2026-09-12T21:21:09.899389Z TRACE logical_optimizer: applied logical rule rule="PullDependentFilterOverJoin"
2026-09-12T21:21:09.899488Z TRACE logical_optimizer: applied logical rule rule="MergeSelectInnerJoin"
2026-09-12T21:21:09.899595Z DEBUG logical_optimizer: applied=2 dependent_filters_pulled=1 remaining_dependencies=0 visited=10 exhausted=false
2026-09-12T21:21:09.900721Z TRACE logical_optimizer: declined logical rule rule="PullDependentFilter" reason="right_input_shape"
2026-09-12T21:21:09.900867Z TRACE logical_optimizer: applied logical rule rule="PullDependentFilterOverJoin"
2026-09-12T21:21:09.900966Z TRACE logical_optimizer: applied logical rule rule="MergeSelectInnerJoin"
2026-09-12T21:21:09.901074Z DEBUG logical_optimizer: applied=2 dependent_filters_pulled=1 remaining_dependencies=0 visited=10 exhausted=false
2026-09-12T21:21:09.902366Z TRACE logical_optimizer: declined logical rule rule="PullDependentFilter" reason="right_input_shape"
2026-09-12T21:21:09.902492Z TRACE logical_optimizer: applied logical rule rule="PullDependentFilterOverJoin"
2026-09-12T21:21:09.902590Z TRACE logical_optimizer: applied logical rule rule="MergeSelectInnerJoin"
2026-09-12T21:21:09.902698Z DEBUG logical_optimizer: applied=2 dependent_filters_pulled=1 remaining_dependencies=0 visited=10 exhausted=false
2026-09-12T21:21:09.906235Z DEBUG logical_optimizer: logical binding uses a legacy path reason="aggregate lowering"
2026-09-12T21:21:09.907294Z DEBUG logical_optimizer: logical binding uses a legacy path reason="aggregate lowering"
2026-09-12T21:21:09.910894Z DEBUG logical_optimizer: logical binding uses a legacy path reason="value-producing subquery lowering"
2026-09-12T21:21:09.911431Z DEBUG logical_optimizer: logical binding uses a legacy path reason="value-producing subquery lowering"
2026-09-12T21:21:09.912320Z DEBUG logical_optimizer: logical binding uses a legacy path reason="value-producing subquery lowering"
2026-09-12T21:21:09.913188Z DEBUG logical_optimizer: logical binding uses a legacy path reason="value-producing subquery lowering"
2026-09-12T21:21:09.914440Z DEBUG logical_optimizer: logical binding uses a legacy path reason="DISTINCT output mapping"
2026-09-12T21:21:09.915105Z DEBUG logical_optimizer: logical binding uses a legacy path reason="DISTINCT output mapping"
2026-09-12T21:21:09.916013Z DEBUG logical_optimizer: logical binding uses a legacy path reason="aggregate lowering"
2026-09-12T21:21:09.916266Z DEBUG logical_optimizer: logical binding uses a legacy path reason="aggregate lowering"
2026-09-12T21:21:09.916421Z DEBUG logical_optimizer: logical binding uses a legacy path reason="aggregate lowering"
2026-09-12T21:21:09.918096Z DEBUG logical_optimizer: logical binding uses a legacy path reason="aggregate lowering"
2026-09-12T21:21:09.918339Z DEBUG logical_optimizer: logical binding uses a legacy path reason="aggregate lowering"
2026-09-12T21:21:09.918492Z DEBUG logical_optimizer: logical binding uses a legacy path reason="aggregate lowering"
2026-09-12T21:21:09.919757Z DEBUG logical_optimizer: logical binding uses a legacy path reason="aggregate lowering"
2026-09-12T21:21:09.920087Z DEBUG logical_optimizer: logical binding uses a legacy path reason="aggregate lowering"
2026-09-12T21:21:09.920260Z DEBUG logical_optimizer: logical binding uses a legacy path reason="aggregate lowering"
2026-09-12T21:21:09.922194Z DEBUG logical_optimizer: logical binding uses a legacy path reason="aggregate lowering"
2026-09-12T21:21:09.922463Z DEBUG logical_optimizer: logical binding uses a legacy path reason="aggregate lowering"
2026-09-12T21:21:09.922604Z DEBUG logical_optimizer: logical binding uses a legacy path reason="aggregate lowering"
2026-09-12T21:21:09.925527Z DEBUG logical_optimizer: logical binding uses a legacy path reason="value-producing subquery lowering"
2026-09-12T21:21:09.925674Z DEBUG logical_optimizer: logical binding uses a legacy path reason="aggregate lowering"
2026-09-12T21:21:09.926280Z DEBUG logical_optimizer: logical binding uses a legacy path reason="value-producing subquery lowering"
2026-09-12T21:21:09.926439Z DEBUG logical_optimizer: logical binding uses a legacy path reason="aggregate lowering"
2026-09-12T21:21:09.927025Z DEBUG logical_optimizer: logical binding uses a legacy path reason="value-producing subquery lowering"
2026-09-12T21:21:09.927152Z DEBUG logical_optimizer: logical binding uses a legacy path reason="aggregate lowering"
2026-09-12T21:21:09.929230Z DEBUG logical_optimizer: logical binding uses a legacy path reason="aggregate lowering"
2026-09-12T21:21:09.929740Z DEBUG logical_optimizer: logical binding uses a legacy path reason="aggregate lowering"
2026-09-12T21:21:09.930253Z DEBUG logical_optimizer: logical binding uses a legacy path reason="aggregate lowering"
2026-09-12T21:21:09.941917Z DEBUG logical_optimizer: logical binding uses a legacy path reason="aggregate lowering"
2026-09-12T21:21:09.942855Z DEBUG logical_optimizer: logical binding uses a legacy path reason="aggregate lowering"
2026-09-12T21:21:09.946305Z DEBUG logical_optimizer: logical binding uses a legacy path reason="aggregate lowering"
2026-09-12T21:21:09.947197Z DEBUG logical_optimizer: logical binding uses a legacy path reason="aggregate lowering"
2026-09-12T21:21:09.952066Z TRACE logical_optimizer: declined logical rule rule="PullDependentFilter" reason="right_input_shape"
2026-09-12T21:21:09.952203Z TRACE logical_optimizer: applied logical rule rule="PullDependentFilterOverJoin"
2026-09-12T21:21:09.952262Z TRACE logical_optimizer: applied logical rule rule="MergeSelectInnerJoin"
2026-09-12T21:21:09.952336Z DEBUG logical_optimizer: applied=2 dependent_filters_pulled=1 remaining_dependencies=0 visited=10 exhausted=false
2026-09-12T21:21:09.953034Z TRACE logical_optimizer: declined logical rule rule="PullDependentFilter" reason="right_input_shape"
2026-09-12T21:21:09.953119Z TRACE logical_optimizer: applied logical rule rule="PullDependentFilterOverJoin"
2026-09-12T21:21:09.953203Z TRACE logical_optimizer: applied logical rule rule="MergeSelectInnerJoin"
2026-09-12T21:21:09.953282Z DEBUG logical_optimizer: applied=2 dependent_filters_pulled=1 remaining_dependencies=0 visited=10 exhausted=false
2026-09-12T21:21:09.954203Z TRACE logical_optimizer: declined logical rule rule="PullDependentFilter" reason="right_input_shape"
2026-09-12T21:21:09.954306Z TRACE logical_optimizer: applied logical rule rule="PullDependentFilterOverJoin"
2026-09-12T21:21:09.954367Z TRACE logical_optimizer: applied logical rule rule="MergeSelectInnerJoin"
2026-09-12T21:21:09.954434Z DEBUG logical_optimizer: applied=2 dependent_filters_pulled=1 remaining_dependencies=0 visited=10 exhausted=false
2026-09-12T21:21:09.955396Z TRACE logical_optimizer: declined logical rule rule="PullDependentFilter" reason="right_input_shape"
2026-09-12T21:21:09.955504Z TRACE logical_optimizer: applied logical rule rule="PullDependentFilterOverJoin"
2026-09-12T21:21:09.955567Z TRACE logical_optimizer: applied logical rule rule="MergeSelectInnerJoin"
2026-09-12T21:21:09.955673Z DEBUG logical_optimizer: applied=2 dependent_filters_pulled=1 remaining_dependencies=0 visited=10 exhausted=false
2026-09-12T21:21:09.960562Z DEBUG logical_optimizer: logical binding uses a legacy path reason="value-producing subquery lowering"
2026-09-12T21:21:09.961289Z DEBUG logical_optimizer: logical binding uses a legacy path reason="value-producing subquery lowering"
2026-09-12T21:21:09.962268Z DEBUG logical_optimizer: logical binding uses a legacy path reason="aggregate lowering"
2026-09-12T21:21:09.962449Z DEBUG logical_optimizer: logical binding uses a legacy path reason="value-producing subquery lowering"
2026-09-12T21:21:09.963146Z DEBUG logical_optimizer: logical binding uses a legacy path reason="aggregate lowering"
2026-09-12T21:21:09.963291Z DEBUG logical_optimizer: logical binding uses a legacy path reason="value-producing subquery lowering"
2026-09-12T21:21:09.964810Z DEBUG logical_optimizer: logical binding uses a legacy path reason="aggregate lowering"
2026-09-12T21:21:09.964901Z DEBUG logical_optimizer: logical binding uses a legacy path reason="value-producing subquery lowering"
2026-09-12T21:21:09.965746Z DEBUG logical_optimizer: logical binding uses a legacy path reason="aggregate lowering"
2026-09-12T21:21:09.965910Z DEBUG logical_optimizer: logical binding uses a legacy path reason="value-producing subquery lowering"
2026-09-12T21:21:09.967984Z DEBUG logical_optimizer: logical binding uses a legacy path reason="DISTINCT output mapping"
2026-09-12T21:21:09.968547Z DEBUG logical_optimizer: logical binding uses a legacy path reason="DISTINCT output mapping"
2026-09-12T21:21:09.968900Z DEBUG logical_optimizer: logical binding uses a legacy path reason="DISTINCT output mapping"
2026-09-12T21:21:09.969566Z DEBUG logical_optimizer: logical binding uses a legacy path reason="DISTINCT output mapping"
2026-09-12T21:21:09.970153Z DEBUG logical_optimizer: logical binding uses a legacy path reason="DISTINCT output mapping"
2026-09-12T21:21:09.970742Z DEBUG logical_optimizer: logical binding uses a legacy path reason="DISTINCT output mapping"
2026-09-12T21:21:09.971800Z DEBUG logical_optimizer: logical binding uses a legacy path reason="DISTINCT output mapping"
2026-09-12T21:21:09.972630Z DEBUG logical_optimizer: logical binding uses a legacy path reason="DISTINCT output mapping"
2026-09-12T21:21:09.974369Z TRACE logical_optimizer: declined logical rule rule="PullDependentFilter" reason="predicate_effects"
2026-09-12T21:21:09.974445Z TRACE logical_optimizer: declined logical rule rule="PullDependentFilterOverJoin" reason="right_input_shape"
2026-09-12T21:21:09.974523Z DEBUG logical_optimizer: applied=0 dependent_filters_pulled=0 remaining_dependencies=1 visited=6 exhausted=false
2026-09-12T21:21:09.975319Z TRACE logical_optimizer: declined logical rule rule="PullDependentFilter" reason="predicate_effects"
2026-09-12T21:21:09.975383Z TRACE logical_optimizer: declined logical rule rule="PullDependentFilterOverJoin" reason="right_input_shape"
2026-09-12T21:21:09.975467Z DEBUG logical_optimizer: applied=0 dependent_filters_pulled=0 remaining_dependencies=1 visited=6 exhausted=false
2026-09-12T21:21:09.992750Z DEBUG logical_optimizer: logical binding uses a legacy path reason="value-producing subquery lowering"
2026-09-12T21:21:09.994132Z DEBUG logical_optimizer: logical binding uses a legacy path reason="value-producing subquery lowering"
2026-09-12T21:21:09.995329Z DEBUG logical_optimizer: logical binding uses a legacy path reason="value-producing subquery lowering"
2026-09-12T21:21:09.996013Z DEBUG logical_optimizer: logical binding uses a legacy path reason="value-producing subquery lowering"
2026-09-12T21:21:09.996815Z DEBUG logical_optimizer: logical binding uses a legacy path reason="value-producing subquery lowering"
2026-09-12T21:21:09.997468Z DEBUG logical_optimizer: logical binding uses a legacy path reason="value-producing subquery lowering"
2026-09-12T21:21:09.999814Z DEBUG logical_optimizer: logical binding uses a legacy path reason="aggregate lowering"
2026-09-12T21:21:10.000106Z DEBUG logical_optimizer: logical binding uses a legacy path reason="aggregate lowering"
2026-09-12T21:21:10.000265Z DEBUG logical_optimizer: logical binding uses a legacy path reason="aggregate lowering"
2026-09-12T21:21:10.000473Z DEBUG logical_optimizer: logical binding uses a legacy path reason="value-producing subquery lowering"
2026-09-12T21:21:10.002024Z DEBUG logical_optimizer: logical binding uses a legacy path reason="aggregate lowering"
2026-09-12T21:21:10.002130Z DEBUG logical_optimizer: logical binding uses a legacy path reason="aggregate lowering"
2026-09-12T21:21:10.002245Z DEBUG logical_optimizer: logical binding uses a legacy path reason="aggregate lowering"
2026-09-12T21:21:10.002410Z DEBUG logical_optimizer: logical binding uses a legacy path reason="value-producing subquery lowering"
2026-09-12T21:21:10.004054Z DEBUG logical_optimizer: logical binding uses a legacy path reason="aggregate lowering"
2026-09-12T21:21:10.004684Z DEBUG logical_optimizer: logical binding uses a legacy path reason="aggregate lowering"
2026-09-12T21:21:10.005520Z TRACE logical_optimizer: applied logical rule rule="PullDependentFilter"
2026-09-12T21:21:10.005588Z DEBUG logical_optimizer: applied=1 dependent_filters_pulled=1 remaining_dependencies=0 visited=6 exhausted=false
2026-09-12T21:21:10.006029Z TRACE logical_optimizer: applied logical rule rule="PullDependentFilter"
2026-09-12T21:21:10.006102Z DEBUG logical_optimizer: applied=1 dependent_filters_pulled=1 remaining_dependencies=0 visited=6 exhausted=false
2026-09-12T21:21:10.007812Z DEBUG logical_optimizer: logical binding uses a legacy path reason="value-producing subquery lowering"
2026-09-12T21:21:10.008187Z DEBUG logical_optimizer: logical binding uses a legacy path reason="value-producing subquery lowering"
2026-09-12T21:21:10.008667Z TRACE logical_optimizer: declined logical rule rule="PullDependentFilter" reason="right_input_shape"
2026-09-12T21:21:10.008775Z TRACE logical_optimizer: applied logical rule rule="PullDependentFilterOverJoin"
2026-09-12T21:21:10.008860Z TRACE logical_optimizer: applied logical rule rule="MergeSelectInnerJoin"
2026-09-12T21:21:10.009160Z DEBUG logical_optimizer: applied=2 dependent_filters_pulled=1 remaining_dependencies=0 visited=10 exhausted=false
2026-09-12T21:21:10.009992Z TRACE logical_optimizer: declined logical rule rule="PullDependentFilter" reason="right_input_shape"
2026-09-12T21:21:10.010296Z TRACE logical_optimizer: applied logical rule rule="PullDependentFilterOverJoin"
2026-09-12T21:21:10.010372Z TRACE logical_optimizer: applied logical rule rule="MergeSelectInnerJoin"
2026-09-12T21:21:10.010458Z DEBUG logical_optimizer: applied=2 dependent_filters_pulled=1 remaining_dependencies=0 visited=10 exhausted=false
2026-09-12T21:21:10.011188Z TRACE logical_optimizer: declined logical rule rule="PullDependentFilter" reason="right_input_shape"
2026-09-12T21:21:10.011331Z TRACE logical_optimizer: applied logical rule rule="PullDependentFilterOverJoin"
2026-09-12T21:21:10.011399Z TRACE logical_optimizer: applied logical rule rule="MergeSelectInnerJoin"
2026-09-12T21:21:10.011477Z DEBUG logical_optimizer: applied=2 dependent_filters_pulled=1 remaining_dependencies=0 visited=10 exhausted=false
2026-09-12T21:21:10.012391Z TRACE logical_optimizer: declined logical rule rule="PullDependentFilter" reason="right_input_shape"
2026-09-12T21:21:10.012557Z TRACE logical_optimizer: applied logical rule rule="PullDependentFilterOverJoin"
2026-09-12T21:21:10.012618Z TRACE logical_optimizer: applied logical rule rule="MergeSelectInnerJoin"
2026-09-12T21:21:10.012693Z DEBUG logical_optimizer: applied=2 dependent_filters_pulled=1 remaining_dependencies=0 visited=10 exhausted=false
2026-09-12T21:21:10.019092Z TRACE logical_optimizer: declined logical rule rule="PullDependentFilter" reason="right_input_shape"
2026-09-12T21:21:10.019233Z TRACE logical_optimizer: applied logical rule rule="PullDependentFilterOverJoin"
2026-09-12T21:21:10.019301Z TRACE logical_optimizer: applied logical rule rule="MergeSelectInnerJoin"
2026-09-12T21:21:10.019396Z DEBUG logical_optimizer: applied=2 dependent_filters_pulled=1 remaining_dependencies=0 visited=10 exhausted=false
2026-09-12T21:21:10.020287Z TRACE logical_optimizer: declined logical rule rule="PullDependentFilter" reason="right_input_shape"
2026-09-12T21:21:10.020460Z TRACE logical_optimizer: applied logical rule rule="PullDependentFilterOverJoin"
2026-09-12T21:21:10.020516Z TRACE logical_optimizer: applied logical rule rule="MergeSelectInnerJoin"
2026-09-12T21:21:10.020607Z DEBUG logical_optimizer: applied=2 dependent_filters_pulled=1 remaining_dependencies=0 visited=10 exhausted=false
2026-09-12T21:21:10.021330Z TRACE logical_optimizer: declined logical rule rule="PullDependentFilter" reason="right_input_shape"
2026-09-12T21:21:10.021419Z TRACE logical_optimizer: applied logical rule rule="PullDependentFilterOverJoin"
2026-09-12T21:21:10.021481Z TRACE logical_optimizer: applied logical rule rule="MergeSelectInnerJoin"
2026-09-12T21:21:10.021653Z DEBUG logical_optimizer: applied=2 dependent_filters_pulled=1 remaining_dependencies=0 visited=10 exhausted=false
2026-09-12T21:21:10.022698Z TRACE logical_optimizer: declined logical rule rule="PullDependentFilter" reason="right_input_shape"
2026-09-12T21:21:10.022789Z TRACE logical_optimizer: applied logical rule rule="PullDependentFilterOverJoin"
2026-09-12T21:21:10.022857Z TRACE logical_optimizer: applied logical rule rule="MergeSelectInnerJoin"
2026-09-12T21:21:10.022940Z DEBUG logical_optimizer: applied=2 dependent_filters_pulled=1 remaining_dependencies=0 visited=10 exhausted=false
2026-09-12T21:21:10.038987Z TRACE logical_optimizer: declined logical rule rule="PullDependentFilter" reason="right_input_shape"
2026-09-12T21:21:10.039136Z TRACE logical_optimizer: applied logical rule rule="PullDependentFilterOverJoin"
2026-09-12T21:21:10.039261Z TRACE logical_optimizer: applied logical rule rule="MergeSelectInnerJoin"
2026-09-12T21:21:10.039373Z DEBUG logical_optimizer: applied=2 dependent_filters_pulled=1 remaining_dependencies=0 visited=10 exhausted=false
2026-09-12T21:21:10.040618Z TRACE logical_optimizer: declined logical rule rule="PullDependentFilter" reason="right_input_shape"
2026-09-12T21:21:10.040890Z TRACE logical_optimizer: applied logical rule rule="PullDependentFilterOverJoin"
2026-09-12T21:21:10.040955Z TRACE logical_optimizer: applied logical rule rule="MergeSelectInnerJoin"
2026-09-12T21:21:10.041039Z DEBUG logical_optimizer: applied=2 dependent_filters_pulled=1 remaining_dependencies=0 visited=10 exhausted=false
2026-09-12T21:21:10.041644Z TRACE logical_optimizer: declined logical rule rule="PullDependentFilter" reason="right_input_shape"
2026-09-12T21:21:10.041828Z TRACE logical_optimizer: applied logical rule rule="PullDependentFilterOverJoin"
2026-09-12T21:21:10.041897Z TRACE logical_optimizer: applied logical rule rule="MergeSelectInnerJoin"
2026-09-12T21:21:10.041993Z DEBUG logical_optimizer: applied=2 dependent_filters_pulled=1 remaining_dependencies=0 visited=10 exhausted=false
2026-09-12T21:21:10.042966Z TRACE logical_optimizer: declined logical rule rule="PullDependentFilter" reason="right_input_shape"
2026-09-12T21:21:10.043067Z TRACE logical_optimizer: applied logical rule rule="PullDependentFilterOverJoin"
2026-09-12T21:21:10.043134Z TRACE logical_optimizer: applied logical rule rule="MergeSelectInnerJoin"
2026-09-12T21:21:10.043383Z DEBUG logical_optimizer: applied=2 dependent_filters_pulled=1 remaining_dependencies=0 visited=10 exhausted=false
2026-09-12T21:21:10.045067Z DEBUG logical_optimizer: logical binding uses a legacy path reason="value-producing subquery lowering"
2026-09-12T21:21:10.045203Z DEBUG logical_optimizer: logical binding uses a legacy path reason="aggregate lowering"
2026-09-12T21:21:10.046380Z DEBUG logical_optimizer: logical binding uses a legacy path reason="value-producing subquery lowering"
2026-09-12T21:21:10.046632Z DEBUG logical_optimizer: logical binding uses a legacy path reason="aggregate lowering"
2026-09-12T21:21:10.047386Z TRACE logical_optimizer: declined logical rule rule="PullDependentFilter" reason="anti_predicate_placement"
2026-09-12T21:21:10.047506Z TRACE logical_optimizer: declined logical rule rule="PullDependentFilterOverJoin" reason="right_input_shape"
2026-09-12T21:21:10.047616Z DEBUG logical_optimizer: applied=0 dependent_filters_pulled=0 remaining_dependencies=1 visited=7 exhausted=false
2026-09-12T21:21:10.048202Z TRACE logical_optimizer: declined logical rule rule="PullDependentFilter" reason="anti_predicate_placement"
2026-09-12T21:21:10.048385Z TRACE logical_optimizer: declined logical rule rule="PullDependentFilterOverJoin" reason="right_input_shape"
2026-09-12T21:21:10.048467Z DEBUG logical_optimizer: applied=0 dependent_filters_pulled=0 remaining_dependencies=1 visited=7 exhausted=false
2026-09-12T21:21:10.053039Z DEBUG logical_optimizer: logical binding uses a legacy path reason="DISTINCT output mapping"
2026-09-12T21:21:10.053962Z DEBUG logical_optimizer: logical binding uses a legacy path reason="DISTINCT output mapping"
2026-09-12T21:21:10.054674Z DEBUG logical_optimizer: logical binding uses a legacy path reason="DISTINCT output mapping"
2026-09-12T21:21:10.057243Z DEBUG logical_optimizer: logical binding uses a legacy path reason="value-producing subquery lowering"
2026-09-12T21:21:10.057387Z DEBUG logical_optimizer: logical binding uses a legacy path reason="value-producing subquery lowering"
2026-09-12T21:21:10.057624Z DEBUG logical_optimizer: logical binding uses a legacy path reason="aggregate lowering"
2026-09-12T21:21:10.057890Z DEBUG logical_optimizer: logical binding uses a legacy path reason="value-producing subquery lowering"
2026-09-12T21:21:10.058300Z DEBUG logical_optimizer: logical binding uses a legacy path reason="aggregate lowering"
2026-09-12T21:21:10.058399Z DEBUG logical_optimizer: logical binding uses a legacy path reason="value-producing subquery lowering"
2026-09-12T21:21:10.058616Z DEBUG logical_optimizer: logical binding uses a legacy path reason="aggregate lowering"
2026-09-12T21:21:10.060607Z DEBUG logical_optimizer: logical binding uses a legacy path reason="value-producing subquery lowering"
2026-09-12T21:21:10.060690Z DEBUG logical_optimizer: logical binding uses a legacy path reason="value-producing subquery lowering"
2026-09-12T21:21:10.060868Z DEBUG logical_optimizer: logical binding uses a legacy path reason="aggregate lowering"
2026-09-12T21:21:10.060961Z DEBUG logical_optimizer: logical binding uses a legacy path reason="value-producing subquery lowering"
2026-09-12T21:21:10.061299Z DEBUG logical_optimizer: logical binding uses a legacy path reason="aggregate lowering"
2026-09-12T21:21:10.061495Z DEBUG logical_optimizer: logical binding uses a legacy path reason="value-producing subquery lowering"
2026-09-12T21:21:10.061716Z DEBUG logical_optimizer: logical binding uses a legacy path reason="aggregate lowering"
2026-09-12T21:21:10.063163Z DEBUG logical_optimizer: logical binding uses a legacy path reason="value-producing subquery lowering"
2026-09-12T21:21:10.063276Z DEBUG logical_optimizer: logical binding uses a legacy path reason="scalar execution resource or subquery result"
2026-09-12T21:21:10.063428Z DEBUG logical_optimizer: logical binding uses a legacy path reason="scalar execution resource or subquery result"
2026-09-12T21:21:10.063729Z DEBUG logical_optimizer: logical binding uses a legacy path reason="value-producing subquery lowering"
2026-09-12T21:21:10.064909Z DEBUG logical_optimizer: logical binding uses a legacy path reason="value-producing subquery lowering"
2026-09-12T21:21:10.065076Z DEBUG logical_optimizer: logical binding uses a legacy path reason="scalar execution resource or subquery result"
2026-09-12T21:21:10.065218Z DEBUG logical_optimizer: logical binding uses a legacy path reason="scalar execution resource or subquery result"
2026-09-12T21:21:10.065550Z DEBUG logical_optimizer: logical binding uses a legacy path reason="value-producing subquery lowering"
2026-09-12T21:21:10.066296Z TRACE logical_optimizer: applied logical rule rule="PullDependentFilter"
2026-09-12T21:21:10.066396Z DEBUG logical_optimizer: applied=1 dependent_filters_pulled=1 remaining_dependencies=0 visited=5 exhausted=false
2026-09-12T21:21:10.067059Z TRACE logical_optimizer: applied logical rule rule="PullDependentFilter"
2026-09-12T21:21:10.067164Z DEBUG logical_optimizer: applied=1 dependent_filters_pulled=1 remaining_dependencies=0 visited=5 exhausted=false
2026-09-12T21:21:10.067615Z TRACE logical_optimizer: applied logical rule rule="PullDependentFilter"
2026-09-12T21:21:10.067696Z DEBUG logical_optimizer: applied=1 dependent_filters_pulled=1 remaining_dependencies=0 visited=5 exhausted=false
2026-09-12T21:21:10.068304Z TRACE logical_optimizer: applied logical rule rule="PullDependentFilter"
2026-09-12T21:21:10.068380Z DEBUG logical_optimizer: applied=1 dependent_filters_pulled=1 remaining_dependencies=0 visited=5 exhausted=false
2026-09-12T21:21:10.069289Z DEBUG logical_optimizer: logical binding uses a legacy path reason="aggregate lowering"
2026-09-12T21:21:10.070042Z DEBUG logical_optimizer: logical binding uses a legacy path reason="aggregate lowering"
2026-09-12T21:21:10.072082Z DEBUG logical_optimizer: logical binding uses a legacy path reason="subquery outside a direct EXISTS filter"
2026-09-12T21:21:10.072754Z DEBUG logical_optimizer: logical binding uses a legacy path reason="subquery outside a direct EXISTS filter"
2026-09-12T21:21:10.073479Z DEBUG logical_optimizer: logical binding uses a legacy path reason="subquery outside a direct EXISTS filter"
2026-09-12T21:21:10.079035Z TRACE logical_optimizer: applied logical rule rule="PullDependentFilter"
2026-09-12T21:21:10.079159Z DEBUG logical_optimizer: applied=1 dependent_filters_pulled=1 remaining_dependencies=0 visited=5 exhausted=false
2026-09-12T21:21:10.079637Z TRACE logical_optimizer: applied logical rule rule="PullDependentFilter"
2026-09-12T21:21:10.079722Z DEBUG logical_optimizer: applied=1 dependent_filters_pulled=1 remaining_dependencies=0 visited=5 exhausted=false
2026-09-12T21:21:10.080585Z TRACE logical_optimizer: applied logical rule rule="PullDependentFilter"
2026-09-12T21:21:10.080660Z DEBUG logical_optimizer: applied=1 dependent_filters_pulled=1 remaining_dependencies=0 visited=5 exhausted=false
2026-09-12T21:21:10.081452Z TRACE logical_optimizer: applied logical rule rule="PullDependentFilter"
2026-09-12T21:21:10.081515Z DEBUG logical_optimizer: applied=1 dependent_filters_pulled=1 remaining_dependencies=0 visited=5 exhausted=false
2026-09-12T21:21:10.082518Z DEBUG logical_optimizer: logical binding uses a legacy path reason="aggregate lowering"
2026-09-12T21:21:10.083407Z DEBUG logical_optimizer: logical binding uses a legacy path reason="aggregate lowering"
2026-09-12T21:21:10.085128Z DEBUG logical_optimizer: logical binding uses a legacy path reason="aggregate lowering"
2026-09-12T21:21:10.086360Z DEBUG logical_optimizer: logical binding uses a legacy path reason="aggregate lowering"
2026-09-12T21:21:10.088867Z DEBUG logical_optimizer: logical binding uses a legacy path reason="value-producing subquery lowering"
2026-09-12T21:21:10.089067Z DEBUG logical_optimizer: logical binding uses a legacy path reason="value-producing subquery lowering"
2026-09-12T21:21:10.090015Z DEBUG logical_optimizer: logical binding uses a legacy path reason="value-producing subquery lowering"
2026-09-12T21:21:10.090254Z DEBUG logical_optimizer: logical binding uses a legacy path reason="value-producing subquery lowering"
2026-09-12T21:21:10.091186Z DEBUG logical_optimizer: logical binding uses a legacy path reason="value-producing subquery lowering"
2026-09-12T21:21:10.091504Z DEBUG logical_optimizer: logical binding uses a legacy path reason="value-producing subquery lowering"
2026-09-12T21:21:10.093251Z DEBUG logical_optimizer: logical binding uses a legacy path reason="value-producing subquery lowering"
2026-09-12T21:21:10.093352Z DEBUG logical_optimizer: logical binding uses a legacy path reason="value-producing subquery lowering"
2026-09-12T21:21:10.094086Z DEBUG logical_optimizer: logical binding uses a legacy path reason="value-producing subquery lowering"
2026-09-12T21:21:10.094251Z DEBUG logical_optimizer: logical binding uses a legacy path reason="value-producing subquery lowering"
2026-09-12T21:21:10.102677Z DEBUG logical_optimizer: logical binding uses a legacy path reason="DISTINCT output mapping"
2026-09-12T21:21:10.103202Z DEBUG logical_optimizer: logical binding uses a legacy path reason="DISTINCT output mapping"
2026-09-12T21:21:10.103868Z DEBUG logical_optimizer: logical binding uses a legacy path reason="DISTINCT output mapping"
2026-09-12T21:21:10.104650Z TRACE logical_optimizer: declined logical rule rule="PullDependentFilter" reason="right_input_shape"
2026-09-12T21:21:10.104748Z TRACE logical_optimizer: applied logical rule rule="PullDependentFilterOverJoin"
2026-09-12T21:21:10.104808Z TRACE logical_optimizer: applied logical rule rule="MergeSelectInnerJoin"
2026-09-12T21:21:10.104885Z DEBUG logical_optimizer: applied=2 dependent_filters_pulled=1 remaining_dependencies=0 visited=10 exhausted=false
2026-09-12T21:21:10.105581Z TRACE logical_optimizer: declined logical rule rule="PullDependentFilter" reason="right_input_shape"
2026-09-12T21:21:10.105651Z TRACE logical_optimizer: applied logical rule rule="PullDependentFilterOverJoin"
2026-09-12T21:21:10.105718Z TRACE logical_optimizer: applied logical rule rule="MergeSelectInnerJoin"
2026-09-12T21:21:10.105813Z DEBUG logical_optimizer: applied=2 dependent_filters_pulled=1 remaining_dependencies=0 visited=10 exhausted=false
2026-09-12T21:21:10.106418Z TRACE logical_optimizer: declined logical rule rule="PullDependentFilter" reason="right_input_shape"
2026-09-12T21:21:10.106510Z TRACE logical_optimizer: applied logical rule rule="PullDependentFilterOverJoin"
2026-09-12T21:21:10.106582Z TRACE logical_optimizer: applied logical rule rule="MergeSelectInnerJoin"
2026-09-12T21:21:10.106683Z DEBUG logical_optimizer: applied=2 dependent_filters_pulled=1 remaining_dependencies=0 visited=10 exhausted=false
2026-09-12T21:21:10.107752Z TRACE logical_optimizer: declined logical rule rule="PullDependentFilter" reason="right_input_shape"
2026-09-12T21:21:10.107841Z TRACE logical_optimizer: applied logical rule rule="PullDependentFilterOverJoin"
2026-09-12T21:21:10.107899Z TRACE logical_optimizer: applied logical rule rule="MergeSelectInnerJoin"
2026-09-12T21:21:10.107988Z DEBUG logical_optimizer: applied=2 dependent_filters_pulled=1 remaining_dependencies=0 visited=10 exhausted=false
2026-09-12T21:21:10.109320Z DEBUG logical_optimizer: logical binding uses a legacy path reason="value-producing subquery lowering"
2026-09-12T21:21:10.109733Z DEBUG logical_optimizer: logical binding uses a legacy path reason="value-producing subquery lowering"
2026-09-12T21:21:10.110199Z DEBUG logical_optimizer: logical binding uses a legacy path reason="value-producing subquery lowering"
2026-09-12T21:21:10.111130Z DEBUG logical_optimizer: logical binding uses a legacy path reason="value-producing subquery lowering"
2026-09-12T21:21:10.111349Z DEBUG logical_optimizer: logical binding uses a legacy path reason="value-producing subquery lowering"
2026-09-12T21:21:10.111440Z DEBUG logical_optimizer: logical binding uses a legacy path reason="value-producing subquery lowering"
2026-09-12T21:21:10.112212Z DEBUG logical_optimizer: logical binding uses a legacy path reason="value-producing subquery lowering"
2026-09-12T21:21:10.112350Z DEBUG logical_optimizer: logical binding uses a legacy path reason="value-producing subquery lowering"
2026-09-12T21:21:10.112464Z DEBUG logical_optimizer: logical binding uses a legacy path reason="value-producing subquery lowering"
2026-09-12T21:21:10.116169Z DEBUG logical_optimizer: logical binding uses a legacy path reason="aggregate lowering"
2026-09-12T21:21:10.116484Z TRACE logical_optimizer: applied logical rule rule="PullDependentFilter"
2026-09-12T21:21:10.116548Z TRACE logical_optimizer: applied logical rule rule="PullLeftFilter"
2026-09-12T21:21:10.116642Z DEBUG logical_optimizer: applied=2 dependent_filters_pulled=1 remaining_dependencies=0 visited=6 exhausted=false
2026-09-12T21:21:10.117557Z DEBUG logical_optimizer: logical binding uses a legacy path reason="aggregate lowering"
2026-09-12T21:21:10.117680Z TRACE logical_optimizer: applied logical rule rule="PullDependentFilter"
2026-09-12T21:21:10.117878Z TRACE logical_optimizer: applied logical rule rule="PullLeftFilter"
2026-09-12T21:21:10.117949Z DEBUG logical_optimizer: applied=2 dependent_filters_pulled=1 remaining_dependencies=0 visited=6 exhausted=false
2026-09-12T21:21:10.118611Z DEBUG logical_optimizer: logical binding uses a legacy path reason="scalar execution resource or subquery result"
2026-09-12T21:21:10.118996Z DEBUG logical_optimizer: logical binding uses a legacy path reason="scalar execution resource or subquery result"
2026-09-12T21:21:10.119592Z DEBUG logical_optimizer: logical binding uses a legacy path reason="scalar execution resource or subquery result"
2026-09-12T21:21:10.121160Z DEBUG logical_optimizer: logical binding uses a legacy path reason="aggregate lowering"
2026-09-12T21:21:10.121423Z DEBUG logical_optimizer: logical binding uses a legacy path reason="value-producing subquery lowering"
2026-09-12T21:21:10.122411Z DEBUG logical_optimizer: logical binding uses a legacy path reason="aggregate lowering"
2026-09-12T21:21:10.122716Z DEBUG logical_optimizer: logical binding uses a legacy path reason="value-producing subquery lowering"
2026-09-12T21:21:10.127596Z DEBUG logical_optimizer: logical binding uses a legacy path reason="value-producing subquery lowering"
2026-09-12T21:21:10.127865Z DEBUG logical_optimizer: logical binding uses a legacy path reason="value-producing subquery lowering"
2026-09-12T21:21:10.127988Z DEBUG logical_optimizer: logical binding uses a legacy path reason="aggregate lowering"
2026-09-12T21:21:10.128672Z DEBUG logical_optimizer: logical binding uses a legacy path reason="value-producing subquery lowering"
2026-09-12T21:21:10.128795Z DEBUG logical_optimizer: logical binding uses a legacy path reason="value-producing subquery lowering"
2026-09-12T21:21:10.128916Z DEBUG logical_optimizer: logical binding uses a legacy path reason="aggregate lowering"
2026-09-12T21:21:10.132484Z TRACE logical_optimizer: declined logical rule rule="PullDependentFilter" reason="predicate_effects"
2026-09-12T21:21:10.132726Z TRACE logical_optimizer: declined logical rule rule="PullDependentFilterOverJoin" reason="right_input_shape"
2026-09-12T21:21:10.132824Z DEBUG logical_optimizer: applied=0 dependent_filters_pulled=0 remaining_dependencies=1 visited=7 exhausted=false
2026-09-12T21:21:10.133358Z TRACE logical_optimizer: declined logical rule rule="PullDependentFilter" reason="predicate_effects"
2026-09-12T21:21:10.133444Z TRACE logical_optimizer: declined logical rule rule="PullDependentFilterOverJoin" reason="right_input_shape"
2026-09-12T21:21:10.133694Z DEBUG logical_optimizer: applied=0 dependent_filters_pulled=0 remaining_dependencies=1 visited=7 exhausted=false
2026-09-12T21:21:10.134272Z DEBUG logical_optimizer: logical binding uses a legacy path reason="DISTINCT output mapping"
2026-09-12T21:21:10.134389Z TRACE logical_optimizer: applied logical rule rule="PullDependentFilter"
2026-09-12T21:21:10.134549Z TRACE logical_optimizer: applied logical rule rule="PullLeftFilter"
2026-09-12T21:21:10.134615Z DEBUG logical_optimizer: applied=2 dependent_filters_pulled=1 remaining_dependencies=0 visited=6 exhausted=false
2026-09-12T21:21:10.135263Z DEBUG logical_optimizer: logical binding uses a legacy path reason="DISTINCT output mapping"
2026-09-12T21:21:10.135358Z TRACE logical_optimizer: applied logical rule rule="PullDependentFilter"
2026-09-12T21:21:10.135571Z TRACE logical_optimizer: applied logical rule rule="PullLeftFilter"
2026-09-12T21:21:10.135645Z DEBUG logical_optimizer: applied=2 dependent_filters_pulled=1 remaining_dependencies=0 visited=6 exhausted=false
2026-09-12T21:21:10.136293Z DEBUG logical_optimizer: logical binding uses a legacy path reason="DISTINCT output mapping"
2026-09-12T21:21:10.136644Z TRACE logical_optimizer: applied logical rule rule="PullDependentFilter"
2026-09-12T21:21:10.136703Z TRACE logical_optimizer: applied logical rule rule="PullLeftFilter"
2026-09-12T21:21:10.136794Z DEBUG logical_optimizer: applied=2 dependent_filters_pulled=1 remaining_dependencies=0 visited=6 exhausted=false
2026-09-12T21:21:10.137833Z DEBUG logical_optimizer: logical binding uses a legacy path reason="DISTINCT output mapping"
2026-09-12T21:21:10.137934Z TRACE logical_optimizer: applied logical rule rule="PullDependentFilter"
2026-09-12T21:21:10.138121Z TRACE logical_optimizer: applied logical rule rule="PullLeftFilter"
2026-09-12T21:21:10.138205Z DEBUG logical_optimizer: applied=2 dependent_filters_pulled=1 remaining_dependencies=0 visited=6 exhausted=false
2026-09-12T21:21:10.142900Z DEBUG logical_optimizer: logical binding uses a legacy path reason="value-producing subquery lowering"
2026-09-12T21:21:10.143171Z DEBUG logical_optimizer: logical binding uses a legacy path reason="aggregate lowering"
2026-09-12T21:21:10.143300Z DEBUG logical_optimizer: logical binding uses a legacy path reason="scalar execution resource or subquery result"
2026-09-12T21:21:10.144189Z DEBUG logical_optimizer: logical binding uses a legacy path reason="value-producing subquery lowering"
2026-09-12T21:21:10.144338Z DEBUG logical_optimizer: logical binding uses a legacy path reason="aggregate lowering"
2026-09-12T21:21:10.144628Z DEBUG logical_optimizer: logical binding uses a legacy path reason="scalar execution resource or subquery result"
2026-09-12T21:21:10.145576Z DEBUG logical_optimizer: logical binding uses a legacy path reason="value-producing subquery lowering"
2026-09-12T21:21:10.146134Z DEBUG logical_optimizer: logical binding uses a legacy path reason="value-producing subquery lowering"
2026-09-12T21:21:10.147097Z DEBUG logical_optimizer: logical binding uses a legacy path reason="aggregate lowering"
2026-09-12T21:21:10.148553Z DEBUG logical_optimizer: logical binding uses a legacy path reason="aggregate lowering"
2026-09-12T21:21:10.164546Z TRACE logical_optimizer: applied logical rule rule="PullDependentFilter"
2026-09-12T21:21:10.164698Z DEBUG logical_optimizer: applied=1 dependent_filters_pulled=1 remaining_dependencies=0 visited=5 exhausted=false
2026-09-12T21:21:10.165922Z TRACE logical_optimizer: applied logical rule rule="PullDependentFilter"
2026-09-12T21:21:10.166061Z DEBUG logical_optimizer: applied=1 dependent_filters_pulled=1 remaining_dependencies=0 visited=5 exhausted=false
2026-09-12T21:21:10.166669Z TRACE logical_optimizer: applied logical rule rule="PullDependentFilter"
2026-09-12T21:21:10.166768Z DEBUG logical_optimizer: applied=1 dependent_filters_pulled=1 remaining_dependencies=0 visited=5 exhausted=false
2026-09-12T21:21:10.167862Z TRACE logical_optimizer: applied logical rule rule="PullDependentFilter"
2026-09-12T21:21:10.168247Z DEBUG logical_optimizer: applied=1 dependent_filters_pulled=1 remaining_dependencies=0 visited=5 exhausted=false
2026-09-12T21:21:10.169439Z TRACE logical_optimizer: applied logical rule rule="PullDependentFilter"
2026-09-12T21:21:10.169526Z DEBUG logical_optimizer: applied=1 dependent_filters_pulled=1 remaining_dependencies=0 visited=5 exhausted=false
2026-09-12T21:21:10.170397Z TRACE logical_optimizer: applied logical rule rule="PullDependentFilter"
2026-09-12T21:21:10.170469Z DEBUG logical_optimizer: applied=1 dependent_filters_pulled=1 remaining_dependencies=0 visited=5 exhausted=false
2026-09-12T21:21:10.171446Z TRACE logical_optimizer: applied logical rule rule="PullDependentFilter"
2026-09-12T21:21:10.171536Z DEBUG logical_optimizer: applied=1 dependent_filters_pulled=1 remaining_dependencies=0 visited=5 exhausted=false
2026-09-12T21:21:10.172217Z TRACE logical_optimizer: applied logical rule rule="PullDependentFilter"
2026-09-12T21:21:10.172715Z DEBUG logical_optimizer: applied=1 dependent_filters_pulled=1 remaining_dependencies=0 visited=5 exhausted=false
2026-09-12T21:21:10.182557Z DEBUG logical_optimizer: logical binding uses a legacy path reason="value-producing subquery lowering"
2026-09-12T21:21:10.183845Z DEBUG logical_optimizer: logical binding uses a legacy path reason="value-producing subquery lowering"
2026-09-12T21:21:10.192639Z DEBUG logical_optimizer: logical binding uses a legacy path reason="value-producing subquery lowering"
2026-09-12T21:21:10.193310Z DEBUG logical_optimizer: logical binding uses a legacy path reason="value-producing subquery lowering"
2026-09-12T21:21:10.204141Z DEBUG logical_optimizer: logical binding uses a legacy path reason="value-producing subquery lowering"
2026-09-12T21:21:10.204385Z DEBUG logical_optimizer: logical binding uses a legacy path reason="value-producing subquery lowering"
2026-09-12T21:21:10.204595Z DEBUG logical_optimizer: logical binding uses a legacy path reason="aggregate lowering"
2026-09-12T21:21:10.206436Z DEBUG logical_optimizer: logical binding uses a legacy path reason="value-producing subquery lowering"
2026-09-12T21:21:10.206632Z DEBUG logical_optimizer: logical binding uses a legacy path reason="value-producing subquery lowering"
2026-09-12T21:21:10.206790Z DEBUG logical_optimizer: logical binding uses a legacy path reason="aggregate lowering"
2026-09-12T21:21:10.208822Z DEBUG logical_optimizer: logical binding uses a legacy path reason="value-producing subquery lowering"
2026-09-12T21:21:10.209137Z DEBUG logical_optimizer: logical binding uses a legacy path reason="value-producing subquery lowering"
2026-09-12T21:21:10.209293Z DEBUG logical_optimizer: logical binding uses a legacy path reason="aggregate lowering"
2026-09-12T21:21:10.211042Z DEBUG logical_optimizer: logical binding uses a legacy path reason="value-producing subquery lowering"
2026-09-12T21:21:10.211291Z DEBUG logical_optimizer: logical binding uses a legacy path reason="value-producing subquery lowering"
2026-09-12T21:21:10.211448Z DEBUG logical_optimizer: logical binding uses a legacy path reason="aggregate lowering"
2026-09-12T21:21:10.215560Z DEBUG logical_optimizer: logical binding uses a legacy path reason="aggregate lowering"
2026-09-12T21:21:10.216659Z DEBUG logical_optimizer: logical binding uses a legacy path reason="aggregate lowering"
2026-09-12T21:21:10.217910Z DEBUG logical_optimizer: logical binding uses a legacy path reason="aggregate lowering"
2026-09-12T21:21:10.218980Z DEBUG logical_optimizer: logical binding uses a legacy path reason="aggregate lowering"
2026-09-12T21:21:10.220854Z DEBUG logical_optimizer: logical binding uses a legacy path reason="DISTINCT output mapping"
2026-09-12T21:21:10.221427Z DEBUG logical_optimizer: logical binding uses a legacy path reason="DISTINCT output mapping"
2026-09-12T21:21:10.222541Z DEBUG logical_optimizer: logical binding uses a legacy path reason="DISTINCT output mapping"
2026-09-12T21:21:10.223412Z DEBUG logical_optimizer: logical binding uses a legacy path reason="DISTINCT output mapping"
2026-09-12T21:21:10.225012Z DEBUG logical_optimizer: logical binding uses a legacy path reason="aggregate lowering"
2026-09-12T21:21:10.225456Z TRACE logical_optimizer: applied logical rule rule="PullDependentFilter"
2026-09-12T21:21:10.225652Z TRACE logical_optimizer: applied logical rule rule="PullLeftFilter"
2026-09-12T21:21:10.225784Z DEBUG logical_optimizer: applied=2 dependent_filters_pulled=1 remaining_dependencies=0 visited=5 exhausted=false
2026-09-12T21:21:10.226900Z DEBUG logical_optimizer: logical binding uses a legacy path reason="aggregate lowering"
2026-09-12T21:21:10.227077Z TRACE logical_optimizer: applied logical rule rule="PullDependentFilter"
2026-09-12T21:21:10.227324Z TRACE logical_optimizer: applied logical rule rule="PullLeftFilter"
2026-09-12T21:21:10.227426Z DEBUG logical_optimizer: applied=2 dependent_filters_pulled=1 remaining_dependencies=0 visited=5 exhausted=false
2026-09-12T21:21:10.228733Z TRACE logical_optimizer: declined logical rule rule="PullDependentFilter" reason="right_input_shape"
2026-09-12T21:21:10.228873Z TRACE logical_optimizer: applied logical rule rule="PullDependentFilterOverJoin"
2026-09-12T21:21:10.228984Z TRACE logical_optimizer: applied logical rule rule="MergeSelectInnerJoin"
2026-09-12T21:21:10.229097Z DEBUG logical_optimizer: applied=2 dependent_filters_pulled=1 remaining_dependencies=0 visited=10 exhausted=false
2026-09-12T21:21:10.230172Z TRACE logical_optimizer: declined logical rule rule="PullDependentFilter" reason="right_input_shape"
2026-09-12T21:21:10.230309Z TRACE logical_optimizer: applied logical rule rule="PullDependentFilterOverJoin"
2026-09-12T21:21:10.230377Z TRACE logical_optimizer: applied logical rule rule="MergeSelectInnerJoin"
2026-09-12T21:21:10.230592Z DEBUG logical_optimizer: applied=2 dependent_filters_pulled=1 remaining_dependencies=0 visited=10 exhausted=false
2026-09-12T21:21:10.231618Z TRACE logical_optimizer: declined logical rule rule="PullDependentFilter" reason="right_input_shape"
2026-09-12T21:21:10.231752Z TRACE logical_optimizer: applied logical rule rule="PullDependentFilterOverJoin"
2026-09-12T21:21:10.231885Z TRACE logical_optimizer: applied logical rule rule="MergeSelectInnerJoin"
2026-09-12T21:21:10.231992Z DEBUG logical_optimizer: applied=2 dependent_filters_pulled=1 remaining_dependencies=0 visited=10 exhausted=false
2026-09-12T21:21:10.233309Z TRACE logical_optimizer: declined logical rule rule="PullDependentFilter" reason="right_input_shape"
2026-09-12T21:21:10.233477Z TRACE logical_optimizer: applied logical rule rule="PullDependentFilterOverJoin"
2026-09-12T21:21:10.233773Z TRACE logical_optimizer: applied logical rule rule="MergeSelectInnerJoin"
2026-09-12T21:21:10.233909Z DEBUG logical_optimizer: applied=2 dependent_filters_pulled=1 remaining_dependencies=0 visited=10 exhausted=false
2026-09-12T21:21:10.236633Z DEBUG logical_optimizer: logical binding uses a legacy path reason="value-producing subquery lowering"
2026-09-12T21:21:10.237697Z DEBUG logical_optimizer: logical binding uses a legacy path reason="value-producing subquery lowering"
2026-09-12T21:21:10.239140Z DEBUG logical_optimizer: logical binding uses a legacy path reason="aggregate lowering"
2026-09-12T21:21:10.239434Z TRACE logical_optimizer: applied logical rule rule="PullDependentFilter"
2026-09-12T21:21:10.239543Z TRACE logical_optimizer: applied logical rule rule="PullLeftFilter"
2026-09-12T21:21:10.239674Z DEBUG logical_optimizer: applied=2 dependent_filters_pulled=1 remaining_dependencies=0 visited=5 exhausted=false
2026-09-12T21:21:10.240849Z DEBUG logical_optimizer: logical binding uses a legacy path reason="aggregate lowering"
2026-09-12T21:21:10.241031Z TRACE logical_optimizer: applied logical rule rule="PullDependentFilter"
2026-09-12T21:21:10.241154Z TRACE logical_optimizer: applied logical rule rule="PullLeftFilter"
2026-09-12T21:21:10.241240Z DEBUG logical_optimizer: applied=2 dependent_filters_pulled=1 remaining_dependencies=0 visited=5 exhausted=false
2026-09-12T21:21:10.244153Z DEBUG logical_optimizer: logical binding uses a legacy path reason="value-producing subquery lowering"
2026-09-12T21:21:10.244457Z DEBUG logical_optimizer: logical binding uses a legacy path reason="aggregate lowering"
2026-09-12T21:21:10.245516Z DEBUG logical_optimizer: logical binding uses a legacy path reason="value-producing subquery lowering"
2026-09-12T21:21:10.245692Z DEBUG logical_optimizer: logical binding uses a legacy path reason="aggregate lowering"
2026-09-12T21:21:10.246444Z DEBUG logical_optimizer: logical binding uses a legacy path reason="value-producing subquery lowering"
2026-09-12T21:21:10.246664Z DEBUG logical_optimizer: logical binding uses a legacy path reason="aggregate lowering"
2026-09-12T21:21:10.248018Z DEBUG logical_optimizer: logical binding uses a legacy path reason="value-producing subquery lowering"
2026-09-12T21:21:10.248269Z DEBUG logical_optimizer: logical binding uses a legacy path reason="aggregate lowering"
2026-09-12T21:21:10.249448Z DEBUG logical_optimizer: logical binding uses a legacy path reason="value-producing subquery lowering"
2026-09-12T21:21:10.249688Z DEBUG logical_optimizer: logical binding uses a legacy path reason="value-producing subquery lowering"
2026-09-12T21:21:10.250970Z DEBUG logical_optimizer: logical binding uses a legacy path reason="value-producing subquery lowering"
2026-09-12T21:21:10.251257Z DEBUG logical_optimizer: logical binding uses a legacy path reason="value-producing subquery lowering"
2026-09-12T21:21:10.252835Z DEBUG logical_optimizer: logical binding uses a legacy path reason="value-producing subquery lowering"
2026-09-12T21:21:10.253058Z DEBUG logical_optimizer: logical binding uses a legacy path reason="value-producing subquery lowering"
2026-09-12T21:21:10.254647Z DEBUG logical_optimizer: logical binding uses a legacy path reason="value-producing subquery lowering"
2026-09-12T21:21:10.254820Z DEBUG logical_optimizer: logical binding uses a legacy path reason="value-producing subquery lowering"
2026-09-12T21:21:10.261883Z DEBUG logical_optimizer: logical binding uses a legacy path reason="value-producing subquery lowering"
2026-09-12T21:21:10.262016Z DEBUG logical_optimizer: logical binding uses a legacy path reason="value-producing subquery lowering"
2026-09-12T21:21:10.263218Z DEBUG logical_optimizer: logical binding uses a legacy path reason="value-producing subquery lowering"
2026-09-12T21:21:10.263480Z DEBUG logical_optimizer: logical binding uses a legacy path reason="value-producing subquery lowering"
2026-09-12T21:21:10.268067Z TRACE logical_optimizer: applied logical rule rule="PullDependentFilter"
2026-09-12T21:21:10.268262Z DEBUG logical_optimizer: applied=1 dependent_filters_pulled=1 remaining_dependencies=0 visited=5 exhausted=false
2026-09-12T21:21:10.268866Z TRACE logical_optimizer: applied logical rule rule="PullDependentFilter"
2026-09-12T21:21:10.269014Z DEBUG logical_optimizer: applied=1 dependent_filters_pulled=1 remaining_dependencies=0 visited=5 exhausted=false
2026-09-12T21:21:10.269786Z TRACE logical_optimizer: applied logical rule rule="PullDependentFilter"
2026-09-12T21:21:10.269875Z DEBUG logical_optimizer: applied=1 dependent_filters_pulled=1 remaining_dependencies=0 visited=5 exhausted=false
2026-09-12T21:21:10.270532Z TRACE logical_optimizer: applied logical rule rule="PullDependentFilter"
2026-09-12T21:21:10.270600Z DEBUG logical_optimizer: applied=1 dependent_filters_pulled=1 remaining_dependencies=0 visited=5 exhausted=false
2026-09-12T21:21:10.276743Z DEBUG logical_optimizer: logical binding uses a legacy path reason="value-producing subquery lowering"
2026-09-12T21:21:10.277321Z DEBUG logical_optimizer: logical binding uses a legacy path reason="value-producing subquery lowering"
2026-09-12T21:21:10.277930Z DEBUG logical_optimizer: logical binding uses a legacy path reason="subquery outside a direct EXISTS filter"
2026-09-12T21:21:10.278368Z DEBUG logical_optimizer: logical binding uses a legacy path reason="subquery outside a direct EXISTS filter"
2026-09-12T21:21:10.279729Z DEBUG logical_optimizer: logical binding uses a legacy path reason="value-producing subquery lowering"
2026-09-12T21:21:10.280380Z DEBUG logical_optimizer: logical binding uses a legacy path reason="value-producing subquery lowering"
2026-09-12T21:21:10.280848Z DEBUG logical_optimizer: logical binding uses a legacy path reason="value-producing subquery lowering"
2026-09-12T21:21:10.293818Z TRACE logical_optimizer: applied logical rule rule="PullDependentFilter"
2026-09-12T21:21:10.293936Z DEBUG logical_optimizer: applied=1 dependent_filters_pulled=1 remaining_dependencies=0 visited=5 exhausted=false
2026-09-12T21:21:10.294681Z TRACE logical_optimizer: applied logical rule rule="PullDependentFilter"
2026-09-12T21:21:10.294819Z DEBUG logical_optimizer: applied=1 dependent_filters_pulled=1 remaining_dependencies=0 visited=5 exhausted=false
2026-09-12T21:21:10.295783Z TRACE logical_optimizer: applied logical rule rule="PullDependentFilter"
2026-09-12T21:21:10.295879Z DEBUG logical_optimizer: applied=1 dependent_filters_pulled=1 remaining_dependencies=0 visited=5 exhausted=false
2026-09-12T21:21:10.296578Z TRACE logical_optimizer: applied logical rule rule="PullDependentFilter"
2026-09-12T21:21:10.296662Z DEBUG logical_optimizer: applied=1 dependent_filters_pulled=1 remaining_dependencies=0 visited=5 exhausted=false
2026-09-12T21:21:10.299324Z DEBUG logical_optimizer: logical binding uses a legacy path reason="value-producing subquery lowering"
2026-09-12T21:21:10.299602Z TRACE logical_optimizer: declined logical rule rule="PullDependentFilter" reason="predicate_effects"
2026-09-12T21:21:10.299716Z TRACE logical_optimizer: declined logical rule rule="PullDependentFilterOverJoin" reason="right_input_shape"
2026-09-12T21:21:10.299844Z DEBUG logical_optimizer: applied=0 dependent_filters_pulled=0 remaining_dependencies=1 visited=6 exhausted=false
2026-09-12T21:21:10.301168Z DEBUG logical_optimizer: logical binding uses a legacy path reason="value-producing subquery lowering"
2026-09-12T21:21:10.301459Z TRACE logical_optimizer: declined logical rule rule="PullDependentFilter" reason="predicate_effects"
2026-09-12T21:21:10.301782Z TRACE logical_optimizer: declined logical rule rule="PullDependentFilterOverJoin" reason="right_input_shape"
2026-09-12T21:21:10.301884Z DEBUG logical_optimizer: applied=0 dependent_filters_pulled=0 remaining_dependencies=1 visited=6 exhausted=false
2026-09-12T21:21:10.303131Z DEBUG logical_optimizer: logical binding uses a legacy path reason="value-producing subquery lowering"
2026-09-12T21:21:10.303378Z TRACE logical_optimizer: declined logical rule rule="PullDependentFilter" reason="predicate_effects"
2026-09-12T21:21:10.303536Z TRACE logical_optimizer: declined logical rule rule="PullDependentFilterOverJoin" reason="right_input_shape"
2026-09-12T21:21:10.303616Z DEBUG logical_optimizer: applied=0 dependent_filters_pulled=0 remaining_dependencies=1 visited=6 exhausted=false
2026-09-12T21:21:10.313098Z DEBUG logical_optimizer: logical binding uses a legacy path reason="aggregate lowering"
2026-09-12T21:21:10.314462Z DEBUG logical_optimizer: logical binding uses a legacy path reason="aggregate lowering"
2026-09-12T21:21:10.318469Z TRACE logical_optimizer: declined logical rule rule="PullDependentFilter" reason="right_input_shape"
2026-09-12T21:21:10.318613Z TRACE logical_optimizer: applied logical rule rule="PullDependentFilterOverJoin"
2026-09-12T21:21:10.318679Z TRACE logical_optimizer: applied logical rule rule="MergeSelectInnerJoin"
2026-09-12T21:21:10.318865Z DEBUG logical_optimizer: applied=2 dependent_filters_pulled=1 remaining_dependencies=0 visited=10 exhausted=false
2026-09-12T21:21:10.319732Z TRACE logical_optimizer: declined logical rule rule="PullDependentFilter" reason="right_input_shape"
2026-09-12T21:21:10.320027Z TRACE logical_optimizer: applied logical rule rule="PullDependentFilterOverJoin"
2026-09-12T21:21:10.320104Z TRACE logical_optimizer: applied logical rule rule="MergeSelectInnerJoin"
2026-09-12T21:21:10.320198Z DEBUG logical_optimizer: applied=2 dependent_filters_pulled=1 remaining_dependencies=0 visited=10 exhausted=false
2026-09-12T21:21:10.321102Z TRACE logical_optimizer: declined logical rule rule="PullDependentFilter" reason="right_input_shape"
2026-09-12T21:21:10.321224Z TRACE logical_optimizer: applied logical rule rule="PullDependentFilterOverJoin"
2026-09-12T21:21:10.321288Z TRACE logical_optimizer: applied logical rule rule="MergeSelectInnerJoin"
2026-09-12T21:21:10.321463Z DEBUG logical_optimizer: applied=2 dependent_filters_pulled=1 remaining_dependencies=0 visited=10 exhausted=false
2026-09-12T21:21:10.322446Z TRACE logical_optimizer: declined logical rule rule="PullDependentFilter" reason="right_input_shape"
2026-09-12T21:21:10.322542Z TRACE logical_optimizer: applied logical rule rule="PullDependentFilterOverJoin"
2026-09-12T21:21:10.322650Z TRACE logical_optimizer: applied logical rule rule="MergeSelectInnerJoin"
2026-09-12T21:21:10.322740Z DEBUG logical_optimizer: applied=2 dependent_filters_pulled=1 remaining_dependencies=0 visited=10 exhausted=false
2026-09-12T21:21:10.327758Z TRACE logical_optimizer: applied logical rule rule="PullDependentFilter"
2026-09-12T21:21:10.327858Z DEBUG logical_optimizer: applied=1 dependent_filters_pulled=1 remaining_dependencies=0 visited=5 exhausted=false
2026-09-12T21:21:10.328483Z TRACE logical_optimizer: applied logical rule rule="PullDependentFilter"
2026-09-12T21:21:10.328568Z DEBUG logical_optimizer: applied=1 dependent_filters_pulled=1 remaining_dependencies=0 visited=5 exhausted=false
2026-09-12T21:21:10.328999Z TRACE logical_optimizer: applied logical rule rule="PullDependentFilter"
2026-09-12T21:21:10.329215Z DEBUG logical_optimizer: applied=1 dependent_filters_pulled=1 remaining_dependencies=0 visited=5 exhausted=false
2026-09-12T21:21:10.329908Z TRACE logical_optimizer: applied logical rule rule="PullDependentFilter"
2026-09-12T21:21:10.329981Z DEBUG logical_optimizer: applied=1 dependent_filters_pulled=1 remaining_dependencies=0 visited=5 exhausted=false
2026-09-12T21:21:10.331741Z DEBUG logical_optimizer: logical binding uses a legacy path reason="aggregate lowering"
2026-09-12T21:21:10.332046Z DEBUG logical_optimizer: logical binding uses a legacy path reason="value-producing subquery lowering"
2026-09-12T21:21:10.332352Z DEBUG logical_optimizer: logical binding uses a legacy path reason="value-producing subquery lowering"
2026-09-12T21:21:10.333695Z DEBUG logical_optimizer: logical binding uses a legacy path reason="aggregate lowering"
2026-09-12T21:21:10.333964Z DEBUG logical_optimizer: logical binding uses a legacy path reason="value-producing subquery lowering"
2026-09-12T21:21:10.334160Z DEBUG logical_optimizer: logical binding uses a legacy path reason="value-producing subquery lowering"
2026-09-12T21:21:10.335875Z DEBUG logical_optimizer: logical binding uses a legacy path reason="aggregate lowering"
2026-09-12T21:21:10.336130Z DEBUG logical_optimizer: logical binding uses a legacy path reason="value-producing subquery lowering"
2026-09-12T21:21:10.336273Z DEBUG logical_optimizer: logical binding uses a legacy path reason="value-producing subquery lowering"
2026-09-12T21:21:10.341628Z TRACE logical_optimizer: declined logical rule rule="PullDependentFilter" reason="right_input_shape"
2026-09-12T21:21:10.341882Z TRACE logical_optimizer: applied logical rule rule="PullDependentFilterOverJoin"
2026-09-12T21:21:10.341963Z TRACE logical_optimizer: applied logical rule rule="MergeSelectInnerJoin"
2026-09-12T21:21:10.342132Z DEBUG logical_optimizer: applied=2 dependent_filters_pulled=1 remaining_dependencies=0 visited=10 exhausted=false
2026-09-12T21:21:10.342927Z TRACE logical_optimizer: declined logical rule rule="PullDependentFilter" reason="right_input_shape"
2026-09-12T21:21:10.343012Z TRACE logical_optimizer: applied logical rule rule="PullDependentFilterOverJoin"
2026-09-12T21:21:10.343074Z TRACE logical_optimizer: applied logical rule rule="MergeSelectInnerJoin"
2026-09-12T21:21:10.343238Z DEBUG logical_optimizer: applied=2 dependent_filters_pulled=1 remaining_dependencies=0 visited=10 exhausted=false
2026-09-12T21:21:10.343776Z TRACE logical_optimizer: declined logical rule rule="PullDependentFilter" reason="right_input_shape"
2026-09-12T21:21:10.343850Z TRACE logical_optimizer: applied logical rule rule="PullDependentFilterOverJoin"
2026-09-12T21:21:10.343922Z TRACE logical_optimizer: applied logical rule rule="MergeSelectInnerJoin"
2026-09-12T21:21:10.344028Z DEBUG logical_optimizer: applied=2 dependent_filters_pulled=1 remaining_dependencies=0 visited=10 exhausted=false
2026-09-12T21:21:10.344939Z TRACE logical_optimizer: declined logical rule rule="PullDependentFilter" reason="right_input_shape"
2026-09-12T21:21:10.345025Z TRACE logical_optimizer: applied logical rule rule="PullDependentFilterOverJoin"
2026-09-12T21:21:10.345133Z TRACE logical_optimizer: applied logical rule rule="MergeSelectInnerJoin"
2026-09-12T21:21:10.345222Z DEBUG logical_optimizer: applied=2 dependent_filters_pulled=1 remaining_dependencies=0 visited=10 exhausted=false
2026-09-12T21:21:10.346836Z TRACE logical_optimizer: applied logical rule rule="PullDependentFilter"
2026-09-12T21:21:10.346932Z DEBUG logical_optimizer: applied=1 dependent_filters_pulled=1 remaining_dependencies=0 visited=5 exhausted=false
2026-09-12T21:21:10.347452Z TRACE logical_optimizer: applied logical rule rule="PullDependentFilter"
2026-09-12T21:21:10.347529Z DEBUG logical_optimizer: applied=1 dependent_filters_pulled=1 remaining_dependencies=0 visited=5 exhausted=false
2026-09-12T21:21:10.348383Z TRACE logical_optimizer: applied logical rule rule="PullDependentFilter"
2026-09-12T21:21:10.348534Z DEBUG logical_optimizer: applied=1 dependent_filters_pulled=1 remaining_dependencies=0 visited=5 exhausted=false
2026-09-12T21:21:10.349107Z TRACE logical_optimizer: applied logical rule rule="PullDependentFilter"
2026-09-12T21:21:10.349204Z DEBUG logical_optimizer: applied=1 dependent_filters_pulled=1 remaining_dependencies=0 visited=5 exhausted=false
2026-09-12T21:21:10.351079Z DEBUG logical_optimizer: logical binding uses a legacy path reason="value-producing subquery lowering"
2026-09-12T21:21:10.351822Z DEBUG logical_optimizer: logical binding uses a legacy path reason="value-producing subquery lowering"
2026-09-12T21:21:10.352667Z DEBUG logical_optimizer: logical binding uses a legacy path reason="value-producing subquery lowering"
2026-09-12T21:21:10.353540Z DEBUG logical_optimizer: logical binding uses a legacy path reason="value-producing subquery lowering"
2026-09-12T21:21:10.354359Z DEBUG logical_optimizer: logical binding uses a legacy path reason="value-producing subquery lowering"
2026-09-12T21:21:10.354769Z DEBUG logical_optimizer: logical binding uses a legacy path reason="value-producing subquery lowering"
2026-09-12T21:21:10.355606Z DEBUG logical_optimizer: logical binding uses a legacy path reason="value-producing subquery lowering"
2026-09-12T21:21:10.355750Z DEBUG logical_optimizer: logical binding uses a legacy path reason="aggregate lowering"
2026-09-12T21:21:10.355862Z DEBUG logical_optimizer: logical binding uses a legacy path reason="aggregate lowering"
2026-09-12T21:21:10.356018Z DEBUG logical_optimizer: logical binding uses a legacy path reason="aggregate lowering"
2026-09-12T21:21:10.357222Z DEBUG logical_optimizer: logical binding uses a legacy path reason="value-producing subquery lowering"
2026-09-12T21:21:10.357334Z DEBUG logical_optimizer: logical binding uses a legacy path reason="aggregate lowering"
2026-09-12T21:21:10.357431Z DEBUG logical_optimizer: logical binding uses a legacy path reason="aggregate lowering"
2026-09-12T21:21:10.357635Z DEBUG logical_optimizer: logical binding uses a legacy path reason="aggregate lowering"
2026-09-12T21:21:10.358965Z DEBUG logical_optimizer: logical binding uses a legacy path reason="aggregate lowering"
2026-09-12T21:21:10.359424Z DEBUG logical_optimizer: logical binding uses a legacy path reason="aggregate lowering"
2026-09-12T21:21:10.359948Z DEBUG logical_optimizer: logical binding uses a legacy path reason="value-producing subquery lowering"
2026-09-12T21:21:10.360370Z DEBUG logical_optimizer: logical binding uses a legacy path reason="value-producing subquery lowering"
2026-09-12T21:21:10.360884Z TRACE logical_optimizer: declined logical rule rule="PullDependentFilter" reason="right_input_shape"
2026-09-12T21:21:10.361029Z TRACE logical_optimizer: applied logical rule rule="PullDependentFilterOverJoin"
2026-09-12T21:21:10.361094Z TRACE logical_optimizer: applied logical rule rule="MergeSelectInnerJoin"
2026-09-12T21:21:10.361260Z DEBUG logical_optimizer: applied=2 dependent_filters_pulled=1 remaining_dependencies=0 visited=10 exhausted=false
2026-09-12T21:21:10.362009Z TRACE logical_optimizer: declined logical rule rule="PullDependentFilter" reason="right_input_shape"
2026-09-12T21:21:10.362090Z TRACE logical_optimizer: applied logical rule rule="PullDependentFilterOverJoin"
2026-09-12T21:21:10.362203Z TRACE logical_optimizer: applied logical rule rule="MergeSelectInnerJoin"
2026-09-12T21:21:10.362623Z DEBUG logical_optimizer: applied=2 dependent_filters_pulled=1 remaining_dependencies=0 visited=10 exhausted=false
2026-09-12T21:21:10.363254Z TRACE logical_optimizer: declined logical rule rule="PullDependentFilter" reason="right_input_shape"
2026-09-12T21:21:10.363328Z TRACE logical_optimizer: applied logical rule rule="PullDependentFilterOverJoin"
2026-09-12T21:21:10.363377Z TRACE logical_optimizer: applied logical rule rule="MergeSelectInnerJoin"
2026-09-12T21:21:10.363441Z DEBUG logical_optimizer: applied=2 dependent_filters_pulled=1 remaining_dependencies=0 visited=10 exhausted=false
2026-09-12T21:21:10.364350Z TRACE logical_optimizer: declined logical rule rule="PullDependentFilter" reason="right_input_shape"
2026-09-12T21:21:10.364440Z TRACE logical_optimizer: applied logical rule rule="PullDependentFilterOverJoin"
2026-09-12T21:21:10.364522Z TRACE logical_optimizer: applied logical rule rule="MergeSelectInnerJoin"
2026-09-12T21:21:10.364714Z DEBUG logical_optimizer: applied=2 dependent_filters_pulled=1 remaining_dependencies=0 visited=10 exhausted=false
2026-09-12T21:21:10.366362Z TRACE logical_optimizer: applied logical rule rule="PullDependentFilter"
2026-09-12T21:21:10.366505Z DEBUG logical_optimizer: applied=1 dependent_filters_pulled=1 remaining_dependencies=0 visited=4 exhausted=false
2026-09-12T21:21:10.367030Z TRACE logical_optimizer: applied logical rule rule="PullDependentFilter"
2026-09-12T21:21:10.367130Z DEBUG logical_optimizer: applied=1 dependent_filters_pulled=1 remaining_dependencies=0 visited=4 exhausted=false
2026-09-12T21:21:10.370347Z DEBUG logical_optimizer: logical binding uses a legacy path reason="DISTINCT output mapping"
2026-09-12T21:21:10.370904Z DEBUG logical_optimizer: logical binding uses a legacy path reason="DISTINCT output mapping"
2026-09-12T21:21:10.371639Z DEBUG logical_optimizer: logical binding uses a legacy path reason="value-producing subquery lowering"
2026-09-12T21:21:10.371756Z DEBUG logical_optimizer: logical binding uses a legacy path reason="value-producing subquery lowering"
2026-09-12T21:21:10.372666Z DEBUG logical_optimizer: logical binding uses a legacy path reason="value-producing subquery lowering"
2026-09-12T21:21:10.372774Z DEBUG logical_optimizer: logical binding uses a legacy path reason="value-producing subquery lowering"
2026-09-12T21:21:10.374009Z DEBUG logical_optimizer: logical binding uses a legacy path reason="value-producing subquery lowering"
2026-09-12T21:21:10.374205Z DEBUG logical_optimizer: logical binding uses a legacy path reason="value-producing subquery lowering"
2026-09-12T21:21:10.375154Z DEBUG logical_optimizer: logical binding uses a legacy path reason="value-producing subquery lowering"
2026-09-12T21:21:10.375247Z DEBUG logical_optimizer: logical binding uses a legacy path reason="value-producing subquery lowering"
2026-09-12T21:21:10.376746Z DEBUG logical_optimizer: logical binding uses a legacy path reason="value-producing subquery lowering"
2026-09-12T21:21:10.377338Z DEBUG logical_optimizer: logical binding uses a legacy path reason="value-producing subquery lowering"
2026-09-12T21:21:10.378362Z DEBUG logical_optimizer: logical binding uses a legacy path reason="DISTINCT output mapping"
2026-09-12T21:21:10.378610Z DEBUG logical_optimizer: logical binding uses a legacy path reason="value-producing subquery lowering"
2026-09-12T21:21:10.378810Z TRACE logical_optimizer: applied logical rule rule="PullDependentFilter"
2026-09-12T21:21:10.378877Z TRACE logical_optimizer: applied logical rule rule="PullLeftFilter"
2026-09-12T21:21:10.378958Z DEBUG logical_optimizer: applied=2 dependent_filters_pulled=1 remaining_dependencies=0 visited=5 exhausted=false
2026-09-12T21:21:10.379235Z DEBUG logical_optimizer: logical binding uses a legacy path reason="value-producing subquery lowering"
2026-09-12T21:21:10.379423Z TRACE logical_optimizer: applied logical rule rule="PullDependentFilter"
2026-09-12T21:21:10.379611Z TRACE logical_optimizer: applied logical rule rule="PullLeftFilter"
2026-09-12T21:21:10.379675Z DEBUG logical_optimizer: applied=2 dependent_filters_pulled=1 remaining_dependencies=0 visited=5 exhausted=false
2026-09-12T21:21:10.379909Z DEBUG logical_optimizer: logical binding uses a legacy path reason="value-producing subquery lowering"
2026-09-12T21:21:10.379998Z DEBUG logical_optimizer: logical binding uses a legacy path reason="value-producing subquery lowering"
2026-09-12T21:21:10.382832Z DEBUG logical_optimizer: logical binding uses a legacy path reason="DISTINCT output mapping"
2026-09-12T21:21:10.382972Z DEBUG logical_optimizer: logical binding uses a legacy path reason="value-producing subquery lowering"
2026-09-12T21:21:10.383127Z TRACE logical_optimizer: applied logical rule rule="PullDependentFilter"
2026-09-12T21:21:10.383287Z TRACE logical_optimizer: applied logical rule rule="PullLeftFilter"
2026-09-12T21:21:10.383366Z DEBUG logical_optimizer: applied=2 dependent_filters_pulled=1 remaining_dependencies=0 visited=5 exhausted=false
2026-09-12T21:21:10.383709Z DEBUG logical_optimizer: logical binding uses a legacy path reason="value-producing subquery lowering"
2026-09-12T21:21:10.383831Z TRACE logical_optimizer: applied logical rule rule="PullDependentFilter"
2026-09-12T21:21:10.383912Z TRACE logical_optimizer: applied logical rule rule="PullLeftFilter"
2026-09-12T21:21:10.383997Z DEBUG logical_optimizer: applied=2 dependent_filters_pulled=1 remaining_dependencies=0 visited=5 exhausted=false
2026-09-12T21:21:10.384269Z DEBUG logical_optimizer: logical binding uses a legacy path reason="value-producing subquery lowering"
2026-09-12T21:21:10.384373Z DEBUG logical_optimizer: logical binding uses a legacy path reason="value-producing subquery lowering"
2026-09-12T21:21:10.392799Z DEBUG logical_optimizer: logical binding uses a legacy path reason="aggregate lowering"
2026-09-12T21:21:10.393192Z DEBUG logical_optimizer: logical binding uses a legacy path reason="aggregate lowering"
2026-09-12T21:21:10.394058Z DEBUG logical_optimizer: logical binding uses a legacy path reason="aggregate lowering"
2026-09-12T21:21:10.394173Z DEBUG logical_optimizer: logical binding uses a legacy path reason="aggregate lowering"
2026-09-12T21:21:10.399289Z DEBUG logical_optimizer: logical binding uses a legacy path reason="value-producing subquery lowering"
2026-09-12T21:21:10.399430Z DEBUG logical_optimizer: logical binding uses a legacy path reason="value-producing subquery lowering"
2026-09-12T21:21:10.400274Z DEBUG logical_optimizer: logical binding uses a legacy path reason="value-producing subquery lowering"
2026-09-12T21:21:10.400386Z DEBUG logical_optimizer: logical binding uses a legacy path reason="value-producing subquery lowering"
2026-09-12T21:21:10.401187Z DEBUG logical_optimizer: logical binding uses a legacy path reason="value-producing subquery lowering"
2026-09-12T21:21:10.401711Z DEBUG logical_optimizer: logical binding uses a legacy path reason="value-producing subquery lowering"
2026-09-12T21:21:10.402110Z DEBUG logical_optimizer: logical binding uses a legacy path reason="value-producing subquery lowering"
2026-09-12T21:21:10.405802Z DEBUG logical_optimizer: logical binding uses a legacy path reason="value-producing subquery lowering"
2026-09-12T21:21:10.405993Z TRACE logical_optimizer: applied logical rule rule="PullDependentFilter"
2026-09-12T21:21:10.406068Z TRACE logical_optimizer: applied logical rule rule="PullLeftFilter"
2026-09-12T21:21:10.406146Z DEBUG logical_optimizer: applied=2 dependent_filters_pulled=1 remaining_dependencies=0 visited=6 exhausted=false
2026-09-12T21:21:10.407137Z DEBUG logical_optimizer: logical binding uses a legacy path reason="value-producing subquery lowering"
2026-09-12T21:21:10.407431Z TRACE logical_optimizer: applied logical rule rule="PullDependentFilter"
2026-09-12T21:21:10.407502Z TRACE logical_optimizer: applied logical rule rule="PullLeftFilter"
2026-09-12T21:21:10.407571Z DEBUG logical_optimizer: applied=2 dependent_filters_pulled=1 remaining_dependencies=0 visited=6 exhausted=false
2026-09-12T21:21:10.408436Z DEBUG logical_optimizer: logical binding uses a legacy path reason="value-producing subquery lowering"
2026-09-12T21:21:10.408622Z TRACE logical_optimizer: applied logical rule rule="PullDependentFilter"
2026-09-12T21:21:10.408692Z TRACE logical_optimizer: applied logical rule rule="PullLeftFilter"
2026-09-12T21:21:10.408766Z DEBUG logical_optimizer: applied=2 dependent_filters_pulled=1 remaining_dependencies=0 visited=6 exhausted=false
2026-09-12T21:21:10.410338Z DEBUG logical_optimizer: logical binding uses a legacy path reason="value-producing subquery lowering"
2026-09-12T21:21:10.410512Z TRACE logical_optimizer: applied logical rule rule="PullDependentFilter"
2026-09-12T21:21:10.410568Z TRACE logical_optimizer: applied logical rule rule="PullLeftFilter"
2026-09-12T21:21:10.410639Z DEBUG logical_optimizer: applied=2 dependent_filters_pulled=1 remaining_dependencies=0 visited=6 exhausted=false
2026-09-12T21:21:10.411798Z TRACE logical_optimizer: applied logical rule rule="PullDependentFilter"
2026-09-12T21:21:10.411862Z DEBUG logical_optimizer: applied=1 dependent_filters_pulled=1 remaining_dependencies=0 visited=5 exhausted=false
2026-09-12T21:21:10.412340Z TRACE logical_optimizer: applied logical rule rule="PullDependentFilter"
2026-09-12T21:21:10.412543Z DEBUG logical_optimizer: applied=1 dependent_filters_pulled=1 remaining_dependencies=0 visited=5 exhausted=false
2026-09-12T21:21:10.413144Z TRACE logical_optimizer: applied logical rule rule="PullDependentFilter"
2026-09-12T21:21:10.413272Z DEBUG logical_optimizer: applied=1 dependent_filters_pulled=1 remaining_dependencies=0 visited=5 exhausted=false
2026-09-12T21:21:10.413975Z TRACE logical_optimizer: applied logical rule rule="PullDependentFilter"
2026-09-12T21:21:10.414079Z DEBUG logical_optimizer: applied=1 dependent_filters_pulled=1 remaining_dependencies=0 visited=5 exhausted=false
2026-09-12T21:21:10.418930Z DEBUG logical_optimizer: logical binding uses a legacy path reason="value-producing subquery lowering"
2026-09-12T21:21:10.419060Z DEBUG logical_optimizer: logical binding uses a legacy path reason="value-producing subquery lowering"
2026-09-12T21:21:10.419200Z DEBUG logical_optimizer: logical binding uses a legacy path reason="aggregate lowering"
2026-09-12T21:21:10.420382Z DEBUG logical_optimizer: logical binding uses a legacy path reason="value-producing subquery lowering"
2026-09-12T21:21:10.420496Z DEBUG logical_optimizer: logical binding uses a legacy path reason="value-producing subquery lowering"
2026-09-12T21:21:10.420603Z DEBUG logical_optimizer: logical binding uses a legacy path reason="aggregate lowering"
2026-09-12T21:21:10.421676Z DEBUG logical_optimizer: logical binding uses a legacy path reason="DISTINCT output mapping"
2026-09-12T21:21:10.422345Z DEBUG logical_optimizer: logical binding uses a legacy path reason="DISTINCT output mapping"
2026-09-12T21:21:10.423362Z DEBUG logical_optimizer: logical binding uses a legacy path reason="DISTINCT output mapping"
2026-09-12T21:21:10.424469Z TRACE logical_optimizer: applied logical rule rule="PullDependentFilter"
2026-09-12T21:21:10.424570Z DEBUG logical_optimizer: applied=1 dependent_filters_pulled=1 remaining_dependencies=0 visited=5 exhausted=false
2026-09-12T21:21:10.425249Z TRACE logical_optimizer: applied logical rule rule="PullDependentFilter"
2026-09-12T21:21:10.425343Z DEBUG logical_optimizer: applied=1 dependent_filters_pulled=1 remaining_dependencies=0 visited=5 exhausted=false
2026-09-12T21:21:10.426116Z TRACE logical_optimizer: applied logical rule rule="PullDependentFilter"
2026-09-12T21:21:10.426209Z DEBUG logical_optimizer: applied=1 dependent_filters_pulled=1 remaining_dependencies=0 visited=5 exhausted=false
2026-09-12T21:21:10.427036Z TRACE logical_optimizer: applied logical rule rule="PullDependentFilter"
2026-09-12T21:21:10.427133Z DEBUG logical_optimizer: applied=1 dependent_filters_pulled=1 remaining_dependencies=0 visited=5 exhausted=false
2026-09-12T21:21:10.428454Z DEBUG logical_optimizer: logical binding uses a legacy path reason="aggregate lowering"
2026-09-12T21:21:10.429010Z DEBUG logical_optimizer: logical binding uses a legacy path reason="aggregate lowering"
2026-09-12T21:21:10.429409Z DEBUG logical_optimizer: logical binding uses a legacy path reason="aggregate lowering"
2026-09-12T21:21:10.430028Z DEBUG logical_optimizer: logical binding uses a legacy path reason="aggregate lowering"
2026-09-12T21:21:10.430642Z DEBUG logical_optimizer: logical binding uses a legacy path reason="DISTINCT output mapping"
2026-09-12T21:21:10.431518Z DEBUG logical_optimizer: logical binding uses a legacy path reason="DISTINCT output mapping"
2026-09-12T21:21:10.433943Z DEBUG logical_optimizer: logical binding uses a legacy path reason="value-producing subquery lowering"
2026-09-12T21:21:10.434064Z DEBUG logical_optimizer: logical binding uses a legacy path reason="value-producing subquery lowering"
2026-09-12T21:21:10.434821Z DEBUG logical_optimizer: logical binding uses a legacy path reason="value-producing subquery lowering"
2026-09-12T21:21:10.434915Z DEBUG logical_optimizer: logical binding uses a legacy path reason="value-producing subquery lowering"
2026-09-12T21:21:10.435349Z DEBUG logical_optimizer: logical binding uses a legacy path reason="value-producing subquery lowering"
2026-09-12T21:21:10.435448Z DEBUG logical_optimizer: logical binding uses a legacy path reason="value-producing subquery lowering"
2026-09-12T21:21:10.436515Z DEBUG logical_optimizer: logical binding uses a legacy path reason="value-producing subquery lowering"
2026-09-12T21:21:10.436627Z DEBUG logical_optimizer: logical binding uses a legacy path reason="aggregate lowering"
2026-09-12T21:21:10.437197Z DEBUG logical_optimizer: logical binding uses a legacy path reason="value-producing subquery lowering"
2026-09-12T21:21:10.437324Z DEBUG logical_optimizer: logical binding uses a legacy path reason="aggregate lowering"
2026-09-12T21:21:10.437962Z DEBUG logical_optimizer: logical binding uses a legacy path reason="value-producing subquery lowering"
2026-09-12T21:21:10.438054Z DEBUG logical_optimizer: logical binding uses a legacy path reason="aggregate lowering"
2026-09-12T21:21:10.438970Z TRACE logical_optimizer: applied logical rule rule="PullDependentFilter"
2026-09-12T21:21:10.439086Z DEBUG logical_optimizer: applied=1 dependent_filters_pulled=1 remaining_dependencies=0 visited=5 exhausted=false
2026-09-12T21:21:10.439646Z TRACE logical_optimizer: applied logical rule rule="PullDependentFilter"
2026-09-12T21:21:10.439799Z DEBUG logical_optimizer: applied=1 dependent_filters_pulled=1 remaining_dependencies=0 visited=5 exhausted=false
2026-09-12T21:21:10.440402Z TRACE logical_optimizer: applied logical rule rule="PullDependentFilter"
2026-09-12T21:21:10.440483Z DEBUG logical_optimizer: applied=1 dependent_filters_pulled=1 remaining_dependencies=0 visited=5 exhausted=false
2026-09-12T21:21:10.441150Z TRACE logical_optimizer: applied logical rule rule="PullDependentFilter"
2026-09-12T21:21:10.441254Z DEBUG logical_optimizer: applied=1 dependent_filters_pulled=1 remaining_dependencies=0 visited=5 exhausted=false
2026-09-12T21:21:10.442481Z TRACE logical_optimizer: declined logical rule rule="PullDependentFilter" reason="right_input_shape"
2026-09-12T21:21:10.442576Z TRACE logical_optimizer: applied logical rule rule="PullDependentFilter"
2026-09-12T21:21:10.442630Z TRACE logical_optimizer: applied logical rule rule="PullLeftFilter"
2026-09-12T21:21:10.442692Z TRACE logical_optimizer: declined logical rule rule="PullDependentFilter" reason="right_input_shape"
2026-09-12T21:21:10.442779Z TRACE logical_optimizer: applied logical rule rule="PullDependentFilterOverJoin"
2026-09-12T21:21:10.442847Z DEBUG logical_optimizer: applied=3 dependent_filters_pulled=2 remaining_dependencies=0 visited=8 exhausted=false
2026-09-12T21:21:10.443043Z TRACE logical_optimizer: applied logical rule rule="PullDependentFilter"
2026-09-12T21:21:10.443251Z TRACE logical_optimizer: applied logical rule rule="PullLeftFilter"
2026-09-12T21:21:10.443342Z DEBUG logical_optimizer: applied=2 dependent_filters_pulled=1 remaining_dependencies=0 visited=6 exhausted=false
2026-09-12T21:21:10.444098Z TRACE logical_optimizer: declined logical rule rule="PullDependentFilter" reason="right_input_shape"
2026-09-12T21:21:10.444199Z TRACE logical_optimizer: applied logical rule rule="PullDependentFilter"
2026-09-12T21:21:10.444266Z TRACE logical_optimizer: applied logical rule rule="PullLeftFilter"
2026-09-12T21:21:10.444325Z TRACE logical_optimizer: declined logical rule rule="PullDependentFilter" reason="right_input_shape"
2026-09-12T21:21:10.444415Z TRACE logical_optimizer: applied logical rule rule="PullDependentFilterOverJoin"
2026-09-12T21:21:10.444498Z DEBUG logical_optimizer: applied=3 dependent_filters_pulled=2 remaining_dependencies=0 visited=8 exhausted=false
2026-09-12T21:21:10.444627Z TRACE logical_optimizer: applied logical rule rule="PullDependentFilter"
2026-09-12T21:21:10.444687Z TRACE logical_optimizer: applied logical rule rule="PullLeftFilter"
2026-09-12T21:21:10.444747Z DEBUG logical_optimizer: applied=2 dependent_filters_pulled=1 remaining_dependencies=0 visited=6 exhausted=false
2026-09-12T21:21:10.445808Z TRACE logical_optimizer: declined logical rule rule="PullDependentFilter" reason="right_input_shape"
2026-09-12T21:21:10.445881Z TRACE logical_optimizer: applied logical rule rule="PullDependentFilter"
2026-09-12T21:21:10.445944Z TRACE logical_optimizer: applied logical rule rule="PullLeftFilter"
2026-09-12T21:21:10.445998Z TRACE logical_optimizer: declined logical rule rule="PullDependentFilter" reason="right_input_shape"
2026-09-12T21:21:10.446076Z TRACE logical_optimizer: applied logical rule rule="PullDependentFilterOverJoin"
2026-09-12T21:21:10.446145Z DEBUG logical_optimizer: applied=3 dependent_filters_pulled=2 remaining_dependencies=0 visited=8 exhausted=false
2026-09-12T21:21:10.446944Z TRACE logical_optimizer: declined logical rule rule="PullDependentFilter" reason="right_input_shape"
2026-09-12T21:21:10.447024Z TRACE logical_optimizer: applied logical rule rule="PullDependentFilter"
2026-09-12T21:21:10.447088Z TRACE logical_optimizer: applied logical rule rule="PullLeftFilter"
2026-09-12T21:21:10.447144Z TRACE logical_optimizer: declined logical rule rule="PullDependentFilter" reason="right_input_shape"
2026-09-12T21:21:10.447222Z TRACE logical_optimizer: applied logical rule rule="PullDependentFilterOverJoin"
2026-09-12T21:21:10.447287Z DEBUG logical_optimizer: applied=3 dependent_filters_pulled=2 remaining_dependencies=0 visited=8 exhausted=false
2026-09-12T21:21:10.452244Z TRACE logical_optimizer: applied logical rule rule="PullDependentFilter"
2026-09-12T21:21:10.452336Z TRACE logical_optimizer: applied logical rule rule="PullLeftFilter"
2026-09-12T21:21:10.452522Z DEBUG logical_optimizer: applied=2 dependent_filters_pulled=1 remaining_dependencies=0 visited=5 exhausted=false
2026-09-12T21:21:10.452917Z DEBUG logical_optimizer: logical binding uses a legacy path reason="scalar execution resource or subquery result"
2026-09-12T21:21:10.453608Z TRACE logical_optimizer: applied logical rule rule="PullDependentFilter"
2026-09-12T21:21:10.453673Z TRACE logical_optimizer: applied logical rule rule="PullLeftFilter"
2026-09-12T21:21:10.453740Z DEBUG logical_optimizer: applied=2 dependent_filters_pulled=1 remaining_dependencies=0 visited=5 exhausted=false
2026-09-12T21:21:10.454623Z DEBUG logical_optimizer: logical binding uses a legacy path reason="scalar execution resource or subquery result"
2026-09-12T21:21:10.463057Z DEBUG logical_optimizer: logical binding uses a legacy path reason="value-producing subquery lowering"
2026-09-12T21:21:10.463969Z DEBUG logical_optimizer: logical binding uses a legacy path reason="value-producing subquery lowering"
2026-09-12T21:21:10.464651Z DEBUG logical_optimizer: logical binding uses a legacy path reason="value-producing subquery lowering"
2026-09-12T21:21:10.465350Z DEBUG logical_optimizer: logical binding uses a legacy path reason="value-producing subquery lowering"
2026-09-12T21:21:10.466220Z DEBUG logical_optimizer: logical binding uses a legacy path reason="aggregate lowering"
2026-09-12T21:21:10.466982Z DEBUG logical_optimizer: logical binding uses a legacy path reason="aggregate lowering"
2026-09-12T21:21:10.467851Z DEBUG logical_optimizer: logical binding uses a legacy path reason="aggregate lowering"
2026-09-12T21:21:10.469066Z DEBUG logical_optimizer: logical binding uses a legacy path reason="DISTINCT output mapping"
2026-09-12T21:21:10.470857Z DEBUG logical_optimizer: logical binding uses a legacy path reason="DISTINCT output mapping"
2026-09-12T21:21:10.472249Z DEBUG logical_optimizer: logical binding uses a legacy path reason="DISTINCT output mapping"
2026-09-12T21:21:10.473576Z DEBUG logical_optimizer: logical binding uses a legacy path reason="DISTINCT output mapping"
2026-09-12T21:21:10.473912Z DEBUG logical_optimizer: logical binding uses a legacy path reason="value-producing subquery lowering"
2026-09-12T21:21:10.474283Z DEBUG logical_optimizer: logical binding uses a legacy path reason="aggregate lowering"
2026-09-12T21:21:10.475943Z DEBUG logical_optimizer: logical binding uses a legacy path reason="DISTINCT output mapping"
2026-09-12T21:21:10.476065Z DEBUG logical_optimizer: logical binding uses a legacy path reason="value-producing subquery lowering"
2026-09-12T21:21:10.476568Z DEBUG logical_optimizer: logical binding uses a legacy path reason="aggregate lowering"
2026-09-12T21:21:10.478047Z DEBUG logical_optimizer: logical binding uses a legacy path reason="DISTINCT output mapping"
2026-09-12T21:21:10.478407Z DEBUG logical_optimizer: logical binding uses a legacy path reason="value-producing subquery lowering"
2026-09-12T21:21:10.478663Z DEBUG logical_optimizer: logical binding uses a legacy path reason="aggregate lowering"
2026-09-12T21:21:10.480729Z TRACE logical_optimizer: declined logical rule rule="PullDependentFilter" reason="right_input_shape"
2026-09-12T21:21:10.480994Z TRACE logical_optimizer: applied logical rule rule="PullDependentFilterOverJoin"
2026-09-12T21:21:10.481251Z TRACE logical_optimizer: applied logical rule rule="MergeSelectInnerJoin"
2026-09-12T21:21:10.481548Z DEBUG logical_optimizer: applied=2 dependent_filters_pulled=1 remaining_dependencies=0 visited=10 exhausted=false
2026-09-12T21:21:10.482514Z TRACE logical_optimizer: declined logical rule rule="PullDependentFilter" reason="right_input_shape"
2026-09-12T21:21:10.482676Z TRACE logical_optimizer: applied logical rule rule="PullDependentFilterOverJoin"
2026-09-12T21:21:10.482750Z TRACE logical_optimizer: applied logical rule rule="MergeSelectInnerJoin"
2026-09-12T21:21:10.483066Z DEBUG logical_optimizer: applied=2 dependent_filters_pulled=1 remaining_dependencies=0 visited=10 exhausted=false
2026-09-12T21:21:10.483882Z TRACE logical_optimizer: declined logical rule rule="PullDependentFilter" reason="right_input_shape"
2026-09-12T21:21:10.483978Z TRACE logical_optimizer: applied logical rule rule="PullDependentFilterOverJoin"
2026-09-12T21:21:10.484259Z TRACE logical_optimizer: applied logical rule rule="MergeSelectInnerJoin"
2026-09-12T21:21:10.484326Z DEBUG logical_optimizer: applied=2 dependent_filters_pulled=1 remaining_dependencies=0 visited=10 exhausted=false
2026-09-12T21:21:10.485405Z TRACE logical_optimizer: declined logical rule rule="PullDependentFilter" reason="right_input_shape"
2026-09-12T21:21:10.486027Z TRACE logical_optimizer: applied logical rule rule="PullDependentFilterOverJoin"
2026-09-12T21:21:10.486094Z TRACE logical_optimizer: applied logical rule rule="MergeSelectInnerJoin"
2026-09-12T21:21:10.486166Z DEBUG logical_optimizer: applied=2 dependent_filters_pulled=1 remaining_dependencies=0 visited=10 exhausted=false
2026-09-12T21:21:10.487819Z DEBUG logical_optimizer: logical binding uses a legacy path reason="DISTINCT output mapping"
2026-09-12T21:21:10.488397Z DEBUG logical_optimizer: logical binding uses a legacy path reason="DISTINCT output mapping"
2026-09-12T21:21:10.489152Z DEBUG logical_optimizer: logical binding uses a legacy path reason="value-producing subquery lowering"
2026-09-12T21:21:10.489883Z DEBUG logical_optimizer: logical binding uses a legacy path reason="value-producing subquery lowering"
2026-09-12T21:21:10.495339Z TRACE logical_optimizer: declined logical rule rule="PullDependentFilter" reason="right_input_shape"
2026-09-12T21:21:10.495439Z TRACE logical_optimizer: applied logical rule rule="PullDependentFilterOverJoin"
2026-09-12T21:21:10.495499Z TRACE logical_optimizer: applied logical rule rule="MergeSelectInnerJoin"
2026-09-12T21:21:10.495565Z DEBUG logical_optimizer: applied=2 dependent_filters_pulled=1 remaining_dependencies=0 visited=10 exhausted=false
2026-09-12T21:21:10.496197Z TRACE logical_optimizer: declined logical rule rule="PullDependentFilter" reason="right_input_shape"
2026-09-12T21:21:10.496271Z TRACE logical_optimizer: applied logical rule rule="PullDependentFilterOverJoin"
2026-09-12T21:21:10.496327Z TRACE logical_optimizer: applied logical rule rule="MergeSelectInnerJoin"
2026-09-12T21:21:10.496791Z DEBUG logical_optimizer: applied=2 dependent_filters_pulled=1 remaining_dependencies=0 visited=10 exhausted=false
2026-09-12T21:21:10.497511Z TRACE logical_optimizer: declined logical rule rule="PullDependentFilter" reason="right_input_shape"
2026-09-12T21:21:10.497621Z TRACE logical_optimizer: applied logical rule rule="PullDependentFilterOverJoin"
2026-09-12T21:21:10.498074Z TRACE logical_optimizer: applied logical rule rule="MergeSelectInnerJoin"
2026-09-12T21:21:10.498172Z DEBUG logical_optimizer: applied=2 dependent_filters_pulled=1 remaining_dependencies=0 visited=10 exhausted=false
2026-09-12T21:21:10.499014Z TRACE logical_optimizer: declined logical rule rule="PullDependentFilter" reason="right_input_shape"
2026-09-12T21:21:10.499340Z TRACE logical_optimizer: applied logical rule rule="PullDependentFilterOverJoin"
2026-09-12T21:21:10.499645Z TRACE logical_optimizer: applied logical rule rule="MergeSelectInnerJoin"
2026-09-12T21:21:10.499989Z DEBUG logical_optimizer: applied=2 dependent_filters_pulled=1 remaining_dependencies=0 visited=10 exhausted=false
2026-09-12T21:21:10.501793Z DEBUG logical_optimizer: logical binding uses a legacy path reason="value-producing subquery lowering"
2026-09-12T21:21:10.503099Z DEBUG logical_optimizer: logical binding uses a legacy path reason="aggregate lowering"
2026-09-12T21:21:10.505127Z DEBUG logical_optimizer: logical binding uses a legacy path reason="value-producing subquery lowering"
2026-09-12T21:21:10.506035Z DEBUG logical_optimizer: logical binding uses a legacy path reason="aggregate lowering"
2026-09-12T21:21:10.509894Z DEBUG logical_optimizer: logical binding uses a legacy path reason="value-producing subquery lowering"
2026-09-12T21:21:10.510803Z DEBUG logical_optimizer: logical binding uses a legacy path reason="aggregate lowering"
2026-09-12T21:21:10.513615Z TRACE logical_optimizer: applied logical rule rule="PullDependentFilter"
2026-09-12T21:21:10.514272Z DEBUG logical_optimizer: applied=1 dependent_filters_pulled=1 remaining_dependencies=0 visited=4 exhausted=false
2026-09-12T21:21:10.515494Z TRACE logical_optimizer: applied logical rule rule="PullDependentFilter"
2026-09-12T21:21:10.515782Z DEBUG logical_optimizer: applied=1 dependent_filters_pulled=1 remaining_dependencies=0 visited=4 exhausted=false
2026-09-12T21:21:10.517428Z TRACE logical_optimizer: applied logical rule rule="PullDependentFilter"
2026-09-12T21:21:10.518260Z DEBUG logical_optimizer: applied=1 dependent_filters_pulled=1 remaining_dependencies=0 visited=4 exhausted=false
2026-09-12T21:21:10.520853Z TRACE logical_optimizer: applied logical rule rule="PullDependentFilter"
2026-09-12T21:21:10.521503Z DEBUG logical_optimizer: applied=1 dependent_filters_pulled=1 remaining_dependencies=0 visited=4 exhausted=false
2026-09-12T21:21:10.522986Z TRACE logical_optimizer: declined logical rule rule="PullDependentFilter" reason="right_input_shape"
2026-09-12T21:21:10.523415Z TRACE logical_optimizer: applied logical rule rule="PullDependentFilterOverJoin"
2026-09-12T21:21:10.524074Z TRACE logical_optimizer: applied logical rule rule="MergeSelectInnerJoin"
2026-09-12T21:21:10.524798Z DEBUG logical_optimizer: applied=2 dependent_filters_pulled=1 remaining_dependencies=0 visited=10 exhausted=false
2026-09-12T21:21:10.525853Z TRACE logical_optimizer: declined logical rule rule="PullDependentFilter" reason="right_input_shape"
2026-09-12T21:21:10.526099Z TRACE logical_optimizer: applied logical rule rule="PullDependentFilterOverJoin"
2026-09-12T21:21:10.526646Z TRACE logical_optimizer: applied logical rule rule="MergeSelectInnerJoin"
2026-09-12T21:21:10.527572Z DEBUG logical_optimizer: applied=2 dependent_filters_pulled=1 remaining_dependencies=0 visited=10 exhausted=false
2026-09-12T21:21:10.529169Z TRACE logical_optimizer: declined logical rule rule="PullDependentFilter" reason="right_input_shape"
2026-09-12T21:21:10.529773Z TRACE logical_optimizer: applied logical rule rule="PullDependentFilterOverJoin"
2026-09-12T21:21:10.530190Z TRACE logical_optimizer: applied logical rule rule="MergeSelectInnerJoin"
2026-09-12T21:21:10.531198Z DEBUG logical_optimizer: applied=2 dependent_filters_pulled=1 remaining_dependencies=0 visited=10 exhausted=false
2026-09-12T21:21:10.532577Z TRACE logical_optimizer: declined logical rule rule="PullDependentFilter" reason="right_input_shape"
2026-09-12T21:21:10.533005Z TRACE logical_optimizer: applied logical rule rule="PullDependentFilterOverJoin"
2026-09-12T21:21:10.533559Z TRACE logical_optimizer: applied logical rule rule="MergeSelectInnerJoin"
2026-09-12T21:21:10.534242Z DEBUG logical_optimizer: applied=2 dependent_filters_pulled=1 remaining_dependencies=0 visited=10 exhausted=false
2026-09-12T21:21:10.537405Z TRACE logical_optimizer: applied logical rule rule="PullDependentFilter"
2026-09-12T21:21:10.538014Z DEBUG logical_optimizer: applied=1 dependent_filters_pulled=1 remaining_dependencies=0 visited=5 exhausted=false
2026-09-12T21:21:10.538657Z TRACE logical_optimizer: applied logical rule rule="PullDependentFilter"
2026-09-12T21:21:10.539115Z DEBUG logical_optimizer: applied=1 dependent_filters_pulled=1 remaining_dependencies=0 visited=5 exhausted=false
2026-09-12T21:21:10.542244Z TRACE logical_optimizer: applied logical rule rule="PullDependentFilter"
2026-09-12T21:21:10.542829Z DEBUG logical_optimizer: applied=1 dependent_filters_pulled=1 remaining_dependencies=0 visited=5 exhausted=false
2026-09-12T21:21:10.544333Z TRACE logical_optimizer: applied logical rule rule="PullDependentFilter"
2026-09-12T21:21:10.544581Z DEBUG logical_optimizer: applied=1 dependent_filters_pulled=1 remaining_dependencies=0 visited=5 exhausted=false
2026-09-12T21:21:10.559358Z DEBUG logical_optimizer: logical binding uses a legacy path reason="DISTINCT output mapping"
2026-09-12T21:21:10.560424Z DEBUG logical_optimizer: logical binding uses a legacy path reason="aggregate lowering"
2026-09-12T21:21:10.562268Z DEBUG logical_optimizer: logical binding uses a legacy path reason="DISTINCT output mapping"
2026-09-12T21:21:10.568826Z DEBUG logical_optimizer: logical binding uses a legacy path reason="aggregate lowering"
2026-09-12T21:21:10.571430Z DEBUG logical_optimizer: logical binding uses a legacy path reason="DISTINCT output mapping"
2026-09-12T21:21:10.571811Z DEBUG logical_optimizer: logical binding uses a legacy path reason="aggregate lowering"
2026-09-12T21:21:10.574528Z DEBUG logical_optimizer: logical binding uses a legacy path reason="value-producing subquery lowering"
2026-09-12T21:21:10.574966Z DEBUG logical_optimizer: logical binding uses a legacy path reason="value-producing subquery lowering"
2026-09-12T21:21:10.575314Z DEBUG logical_optimizer: logical binding uses a legacy path reason="value-producing subquery lowering"
2026-09-12T21:21:10.575775Z DEBUG logical_optimizer: logical binding uses a legacy path reason="value-producing subquery lowering"
2026-09-12T21:21:10.578285Z DEBUG logical_optimizer: logical binding uses a legacy path reason="value-producing subquery lowering"
2026-09-12T21:21:10.578722Z DEBUG logical_optimizer: logical binding uses a legacy path reason="value-producing subquery lowering"
2026-09-12T21:21:10.579569Z DEBUG logical_optimizer: logical binding uses a legacy path reason="value-producing subquery lowering"
2026-09-12T21:21:10.579778Z DEBUG logical_optimizer: logical binding uses a legacy path reason="value-producing subquery lowering"
2026-09-12T21:21:10.580924Z TRACE logical_optimizer: declined logical rule rule="PullDependentFilter" reason="right_input_shape"
2026-09-12T21:21:10.581094Z TRACE logical_optimizer: applied logical rule rule="PullDependentFilterOverJoin"
2026-09-12T21:21:10.581189Z TRACE logical_optimizer: applied logical rule rule="MergeSelectInnerJoin"
2026-09-12T21:21:10.581299Z DEBUG logical_optimizer: applied=2 dependent_filters_pulled=1 remaining_dependencies=0 visited=10 exhausted=false
2026-09-12T21:21:10.582431Z TRACE logical_optimizer: declined logical rule rule="PullDependentFilter" reason="right_input_shape"
2026-09-12T21:21:10.582801Z TRACE logical_optimizer: applied logical rule rule="PullDependentFilterOverJoin"
2026-09-12T21:21:10.582869Z TRACE logical_optimizer: applied logical rule rule="MergeSelectInnerJoin"
2026-09-12T21:21:10.582942Z DEBUG logical_optimizer: applied=2 dependent_filters_pulled=1 remaining_dependencies=0 visited=10 exhausted=false
2026-09-12T21:21:10.583843Z TRACE logical_optimizer: declined logical rule rule="PullDependentFilter" reason="right_input_shape"
2026-09-12T21:21:10.583950Z TRACE logical_optimizer: applied logical rule rule="PullDependentFilterOverJoin"
2026-09-12T21:21:10.584037Z TRACE logical_optimizer: applied logical rule rule="MergeSelectInnerJoin"
2026-09-12T21:21:10.584137Z DEBUG logical_optimizer: applied=2 dependent_filters_pulled=1 remaining_dependencies=0 visited=10 exhausted=false
2026-09-12T21:21:10.585590Z TRACE logical_optimizer: declined logical rule rule="PullDependentFilter" reason="right_input_shape"
2026-09-12T21:21:10.585732Z TRACE logical_optimizer: applied logical rule rule="PullDependentFilterOverJoin"
2026-09-12T21:21:10.585816Z TRACE logical_optimizer: applied logical rule rule="MergeSelectInnerJoin"
2026-09-12T21:21:10.585936Z DEBUG logical_optimizer: applied=2 dependent_filters_pulled=1 remaining_dependencies=0 visited=10 exhausted=false
2026-09-12T21:21:10.587898Z DEBUG logical_optimizer: logical binding uses a legacy path reason="subquery outside a direct EXISTS filter"
2026-09-12T21:21:10.588395Z DEBUG logical_optimizer: logical binding uses a legacy path reason="subquery outside a direct EXISTS filter"
2026-09-12T21:21:10.589242Z DEBUG logical_optimizer: logical binding uses a legacy path reason="subquery outside a direct EXISTS filter"
2026-09-12T21:21:10.591264Z TRACE logical_optimizer: applied logical rule rule="PullDependentFilter"
2026-09-12T21:21:10.591467Z DEBUG logical_optimizer: applied=1 dependent_filters_pulled=1 remaining_dependencies=0 visited=5 exhausted=false
2026-09-12T21:21:10.592656Z TRACE logical_optimizer: applied logical rule rule="PullDependentFilter"
2026-09-12T21:21:10.593135Z DEBUG logical_optimizer: applied=1 dependent_filters_pulled=1 remaining_dependencies=0 visited=5 exhausted=false
2026-09-12T21:21:10.594409Z TRACE logical_optimizer: applied logical rule rule="PullDependentFilter"
2026-09-12T21:21:10.594965Z DEBUG logical_optimizer: applied=1 dependent_filters_pulled=1 remaining_dependencies=0 visited=5 exhausted=false
2026-09-12T21:21:10.596419Z TRACE logical_optimizer: applied logical rule rule="PullDependentFilter"
2026-09-12T21:21:10.596999Z DEBUG logical_optimizer: applied=1 dependent_filters_pulled=1 remaining_dependencies=0 visited=5 exhausted=false
2026-09-12T21:21:10.599477Z DEBUG logical_optimizer: logical binding uses a legacy path reason="aggregate lowering"
2026-09-12T21:21:10.602758Z DEBUG logical_optimizer: logical binding uses a legacy path reason="aggregate lowering"
2026-09-12T21:21:10.606552Z DEBUG logical_optimizer: logical binding uses a legacy path reason="aggregate lowering"
2026-09-12T21:21:10.610870Z TRACE logical_optimizer: applied logical rule rule="PullDependentFilter"
2026-09-12T21:21:10.611221Z DEBUG logical_optimizer: applied=1 dependent_filters_pulled=1 remaining_dependencies=0 visited=5 exhausted=false
2026-09-12T21:21:10.612677Z TRACE logical_optimizer: applied logical rule rule="PullDependentFilter"
2026-09-12T21:21:10.614839Z DEBUG logical_optimizer: applied=1 dependent_filters_pulled=1 remaining_dependencies=0 visited=5 exhausted=false
2026-09-12T21:21:10.617672Z TRACE logical_optimizer: applied logical rule rule="PullDependentFilter"
2026-09-12T21:21:10.619643Z DEBUG logical_optimizer: applied=1 dependent_filters_pulled=1 remaining_dependencies=0 visited=5 exhausted=false
2026-09-12T21:21:10.623823Z TRACE logical_optimizer: applied logical rule rule="PullDependentFilter"
2026-09-12T21:21:10.624488Z DEBUG logical_optimizer: applied=1 dependent_filters_pulled=1 remaining_dependencies=0 visited=5 exhausted=false
2026-09-12T21:21:10.631738Z DEBUG logical_optimizer: logical binding uses a legacy path reason="DISTINCT output mapping"
2026-09-12T21:21:10.633129Z DEBUG logical_optimizer: logical binding uses a legacy path reason="DISTINCT output mapping"
2026-09-12T21:21:10.636440Z DEBUG logical_optimizer: logical binding uses a legacy path reason="DISTINCT output mapping"
2026-09-12T21:21:10.638369Z DEBUG logical_optimizer: logical binding uses a legacy path reason="aggregate lowering"
2026-09-12T21:21:10.640711Z DEBUG logical_optimizer: logical binding uses a legacy path reason="aggregate lowering"
2026-09-12T21:21:10.644227Z TRACE logical_optimizer: declined logical rule rule="PullDependentFilter" reason="anti_predicate_placement"
2026-09-12T21:21:10.644411Z TRACE logical_optimizer: declined logical rule rule="PullDependentFilterOverJoin" reason="right_input_shape"
2026-09-12T21:21:10.644505Z DEBUG logical_optimizer: applied=0 dependent_filters_pulled=0 remaining_dependencies=1 visited=7 exhausted=false
2026-09-12T21:21:10.645428Z TRACE logical_optimizer: declined logical rule rule="PullDependentFilter" reason="anti_predicate_placement"
2026-09-12T21:21:10.645942Z TRACE logical_optimizer: declined logical rule rule="PullDependentFilterOverJoin" reason="right_input_shape"
2026-09-12T21:21:10.646262Z DEBUG logical_optimizer: applied=0 dependent_filters_pulled=0 remaining_dependencies=1 visited=7 exhausted=false
2026-09-12T21:21:10.648002Z TRACE logical_optimizer: declined logical rule rule="PullDependentFilter" reason="anti_predicate_placement"
2026-09-12T21:21:10.650954Z TRACE logical_optimizer: declined logical rule rule="PullDependentFilterOverJoin" reason="right_input_shape"
2026-09-12T21:21:10.651641Z DEBUG logical_optimizer: applied=0 dependent_filters_pulled=0 remaining_dependencies=1 visited=7 exhausted=false
2026-09-12T21:21:10.687385Z TRACE logical_optimizer: applied logical rule rule="PullDependentFilter"
2026-09-12T21:21:10.689408Z DEBUG logical_optimizer: applied=1 dependent_filters_pulled=1 remaining_dependencies=0 visited=5 exhausted=false
2026-09-12T21:21:10.693435Z TRACE logical_optimizer: applied logical rule rule="PullDependentFilter"
2026-09-12T21:21:10.696431Z DEBUG logical_optimizer: applied=1 dependent_filters_pulled=1 remaining_dependencies=0 visited=5 exhausted=false
2026-09-12T21:21:10.697944Z TRACE logical_optimizer: applied logical rule rule="PullDependentFilter"
2026-09-12T21:21:10.701320Z DEBUG logical_optimizer: applied=1 dependent_filters_pulled=1 remaining_dependencies=0 visited=5 exhausted=false
2026-09-12T21:21:10.702835Z TRACE logical_optimizer: applied logical rule rule="PullDependentFilter"
2026-09-12T21:21:10.705705Z DEBUG logical_optimizer: applied=1 dependent_filters_pulled=1 remaining_dependencies=0 visited=5 exhausted=false
2026-09-12T21:21:10.711469Z DEBUG logical_optimizer: logical binding uses a legacy path reason="aggregate lowering"
2026-09-12T21:21:10.715020Z DEBUG logical_optimizer: logical binding uses a legacy path reason="aggregate lowering"
2026-09-12T21:21:10.718246Z DEBUG logical_optimizer: logical binding uses a legacy path reason="aggregate lowering"
2026-09-12T21:21:10.720307Z DEBUG logical_optimizer: logical binding uses a legacy path reason="value-producing subquery lowering"
2026-09-12T21:21:10.724525Z DEBUG logical_optimizer: logical binding uses a legacy path reason="value-producing subquery lowering"
2026-09-12T21:21:10.727524Z DEBUG logical_optimizer: logical binding uses a legacy path reason="value-producing subquery lowering"
2026-09-12T21:21:10.732998Z DEBUG logical_optimizer: logical binding uses a legacy path reason="value-producing subquery lowering"
2026-09-12T21:21:10.736587Z TRACE logical_optimizer: declined logical rule rule="PullDependentFilter" reason="right_input_shape"
2026-09-12T21:21:10.737312Z TRACE logical_optimizer: applied logical rule rule="PullDependentFilterOverJoin"
2026-09-12T21:21:10.738362Z TRACE logical_optimizer: applied logical rule rule="MergeSelectInnerJoin"
2026-09-12T21:21:10.740557Z DEBUG logical_optimizer: applied=2 dependent_filters_pulled=1 remaining_dependencies=0 visited=10 exhausted=false
2026-09-12T21:21:10.743890Z TRACE logical_optimizer: declined logical rule rule="PullDependentFilter" reason="right_input_shape"
2026-09-12T21:21:10.745248Z TRACE logical_optimizer: applied logical rule rule="PullDependentFilterOverJoin"
2026-09-12T21:21:10.746218Z TRACE logical_optimizer: applied logical rule rule="MergeSelectInnerJoin"
2026-09-12T21:21:10.747217Z DEBUG logical_optimizer: applied=2 dependent_filters_pulled=1 remaining_dependencies=0 visited=10 exhausted=false
2026-09-12T21:21:10.750959Z TRACE logical_optimizer: declined logical rule rule="PullDependentFilter" reason="right_input_shape"
2026-09-12T21:21:10.751249Z TRACE logical_optimizer: applied logical rule rule="PullDependentFilterOverJoin"
2026-09-12T21:21:10.752111Z TRACE logical_optimizer: applied logical rule rule="MergeSelectInnerJoin"
2026-09-12T21:21:10.753327Z DEBUG logical_optimizer: applied=2 dependent_filters_pulled=1 remaining_dependencies=0 visited=10 exhausted=false
2026-09-12T21:21:10.759511Z TRACE logical_optimizer: declined logical rule rule="PullDependentFilter" reason="right_input_shape"
2026-09-12T21:21:10.760260Z TRACE logical_optimizer: applied logical rule rule="PullDependentFilterOverJoin"
2026-09-12T21:21:10.760697Z TRACE logical_optimizer: applied logical rule rule="MergeSelectInnerJoin"
2026-09-12T21:21:10.768782Z DEBUG logical_optimizer: applied=2 dependent_filters_pulled=1 remaining_dependencies=0 visited=10 exhausted=false
2026-09-12T21:21:10.843066Z DEBUG logical_optimizer: logical binding uses a legacy path reason="DISTINCT output mapping"
2026-09-12T21:21:10.843503Z DEBUG logical_optimizer: logical binding uses a legacy path reason="aggregate lowering"
2026-09-12T21:21:10.845130Z DEBUG logical_optimizer: logical binding uses a legacy path reason="DISTINCT output mapping"
2026-09-12T21:21:10.846748Z DEBUG logical_optimizer: logical binding uses a legacy path reason="aggregate lowering"
2026-09-12T21:21:10.851654Z TRACE logical_optimizer: applied logical rule rule="PullDependentFilter"
2026-09-12T21:21:10.851988Z DEBUG logical_optimizer: applied=1 dependent_filters_pulled=1 remaining_dependencies=0 visited=4 exhausted=false
2026-09-12T21:21:10.852896Z TRACE logical_optimizer: applied logical rule rule="PullDependentFilter"
2026-09-12T21:21:10.856263Z DEBUG logical_optimizer: applied=1 dependent_filters_pulled=1 remaining_dependencies=0 visited=4 exhausted=false
2026-09-12T21:21:10.865423Z DEBUG logical_optimizer: logical binding uses a legacy path reason="DISTINCT output mapping"
2026-09-12T21:21:10.868217Z DEBUG logical_optimizer: logical binding uses a legacy path reason="DISTINCT output mapping"
2026-09-12T21:21:10.871709Z DEBUG logical_optimizer: logical binding uses a legacy path reason="DISTINCT output mapping"
2026-09-12T21:21:10.873173Z TRACE logical_optimizer: declined logical rule rule="PullDependentFilter" reason="right_input_shape"
2026-09-12T21:21:10.873450Z TRACE logical_optimizer: applied logical rule rule="PullDependentFilterOverJoin"
2026-09-12T21:21:10.873566Z TRACE logical_optimizer: applied logical rule rule="MergeSelectInnerJoin"
2026-09-12T21:21:10.873688Z DEBUG logical_optimizer: applied=2 dependent_filters_pulled=1 remaining_dependencies=0 visited=10 exhausted=false
2026-09-12T21:21:10.874753Z TRACE logical_optimizer: declined logical rule rule="PullDependentFilter" reason="right_input_shape"
2026-09-12T21:21:10.874936Z TRACE logical_optimizer: applied logical rule rule="PullDependentFilterOverJoin"
2026-09-12T21:21:10.875013Z TRACE logical_optimizer: applied logical rule rule="MergeSelectInnerJoin"
2026-09-12T21:21:10.875110Z DEBUG logical_optimizer: applied=2 dependent_filters_pulled=1 remaining_dependencies=0 visited=10 exhausted=false
2026-09-12T21:21:10.875804Z TRACE logical_optimizer: declined logical rule rule="PullDependentFilter" reason="right_input_shape"
2026-09-12T21:21:10.875921Z TRACE logical_optimizer: applied logical rule rule="PullDependentFilterOverJoin"
2026-09-12T21:21:10.876125Z TRACE logical_optimizer: applied logical rule rule="MergeSelectInnerJoin"
2026-09-12T21:21:10.876216Z DEBUG logical_optimizer: applied=2 dependent_filters_pulled=1 remaining_dependencies=0 visited=10 exhausted=false
2026-09-12T21:21:10.877209Z TRACE logical_optimizer: declined logical rule rule="PullDependentFilter" reason="right_input_shape"
2026-09-12T21:21:10.877344Z TRACE logical_optimizer: applied logical rule rule="PullDependentFilterOverJoin"
2026-09-12T21:21:10.877445Z TRACE logical_optimizer: applied logical rule rule="MergeSelectInnerJoin"
2026-09-12T21:21:10.877568Z DEBUG logical_optimizer: applied=2 dependent_filters_pulled=1 remaining_dependencies=0 visited=10 exhausted=false
2026-09-12T21:21:10.879266Z DEBUG logical_optimizer: logical binding uses a legacy path reason="aggregate lowering"
2026-09-12T21:21:10.880018Z DEBUG logical_optimizer: logical binding uses a legacy path reason="aggregate lowering"
2026-09-12T21:21:10.889769Z DEBUG logical_optimizer: logical binding uses a legacy path reason="DISTINCT output mapping"
2026-09-12T21:21:10.889999Z DEBUG logical_optimizer: logical binding uses a legacy path reason="aggregate lowering"
2026-09-12T21:21:10.890173Z DEBUG logical_optimizer: logical binding uses a legacy path reason="value-producing subquery lowering"
2026-09-12T21:21:10.891526Z DEBUG logical_optimizer: logical binding uses a legacy path reason="DISTINCT output mapping"
2026-09-12T21:21:10.891682Z DEBUG logical_optimizer: logical binding uses a legacy path reason="aggregate lowering"
2026-09-12T21:21:10.891821Z DEBUG logical_optimizer: logical binding uses a legacy path reason="value-producing subquery lowering"
2026-09-12T21:21:10.893426Z DEBUG logical_optimizer: logical binding uses a legacy path reason="value-producing subquery lowering"
2026-09-12T21:21:10.893561Z DEBUG logical_optimizer: logical binding uses a legacy path reason="aggregate lowering"
2026-09-12T21:21:10.894211Z DEBUG logical_optimizer: logical binding uses a legacy path reason="value-producing subquery lowering"
2026-09-12T21:21:10.894370Z DEBUG logical_optimizer: logical binding uses a legacy path reason="aggregate lowering"
2026-09-12T21:21:10.894941Z DEBUG logical_optimizer: logical binding uses a legacy path reason="value-producing subquery lowering"
2026-09-12T21:21:10.895094Z DEBUG logical_optimizer: logical binding uses a legacy path reason="aggregate lowering"
2026-09-12T21:21:10.896612Z DEBUG logical_optimizer: logical binding uses a legacy path reason="value-producing subquery lowering"
2026-09-12T21:21:10.897779Z DEBUG logical_optimizer: logical binding uses a legacy path reason="value-producing subquery lowering"
2026-09-12T21:21:10.912498Z DEBUG logical_optimizer: logical binding uses a legacy path reason="DISTINCT output mapping"
2026-09-12T21:21:10.913156Z DEBUG logical_optimizer: logical binding uses a legacy path reason="DISTINCT output mapping"
2026-09-12T21:21:10.914282Z DEBUG logical_optimizer: logical binding uses a legacy path reason="value-producing subquery lowering"
2026-09-12T21:21:10.915405Z DEBUG logical_optimizer: logical binding uses a legacy path reason="value-producing subquery lowering"
2026-09-12T21:21:10.916694Z DEBUG logical_optimizer: logical binding uses a legacy path reason="value-producing subquery lowering"
2026-09-12T21:21:10.917852Z DEBUG logical_optimizer: logical binding uses a legacy path reason="value-producing subquery lowering"
2026-09-12T21:21:10.919115Z DEBUG logical_optimizer: logical binding uses a legacy path reason="value-producing subquery lowering"
2026-09-12T21:21:10.919735Z DEBUG logical_optimizer: logical binding uses a legacy path reason="value-producing subquery lowering"
2026-09-12T21:21:10.920167Z DEBUG logical_optimizer: logical binding uses a legacy path reason="value-producing subquery lowering"
2026-09-12T21:21:10.920819Z DEBUG logical_optimizer: logical binding uses a legacy path reason="value-producing subquery lowering"
2026-09-12T21:21:10.922408Z DEBUG logical_optimizer: logical binding uses a legacy path reason="value-producing subquery lowering"
2026-09-12T21:21:10.923509Z DEBUG logical_optimizer: logical binding uses a legacy path reason="value-producing subquery lowering"
2026-09-12T21:21:10.924268Z DEBUG logical_optimizer: logical binding uses a legacy path reason="value-producing subquery lowering"
2026-09-12T21:21:10.926745Z DEBUG logical_optimizer: logical binding uses a legacy path reason="aggregate lowering"
2026-09-12T21:21:10.927012Z DEBUG logical_optimizer: logical binding uses a legacy path reason="aggregate lowering"
2026-09-12T21:21:10.927395Z DEBUG logical_optimizer: logical binding uses a legacy path reason="value-producing subquery lowering"
2026-09-12T21:21:10.927598Z DEBUG logical_optimizer: logical binding uses a legacy path reason="aggregate lowering"
2026-09-12T21:21:10.931352Z DEBUG logical_optimizer: logical binding uses a legacy path reason="aggregate lowering"
2026-09-12T21:21:10.931615Z DEBUG logical_optimizer: logical binding uses a legacy path reason="aggregate lowering"
2026-09-12T21:21:10.931866Z DEBUG logical_optimizer: logical binding uses a legacy path reason="value-producing subquery lowering"
2026-09-12T21:21:10.932050Z DEBUG logical_optimizer: logical binding uses a legacy path reason="aggregate lowering"
2026-09-12T21:21:10.940185Z TRACE logical_optimizer: declined logical rule rule="PullDependentFilter" reason="right_input_shape"
2026-09-12T21:21:10.940355Z TRACE logical_optimizer: applied logical rule rule="PullDependentFilterOverJoin"
2026-09-12T21:21:10.940479Z TRACE logical_optimizer: applied logical rule rule="MergeSelectInnerJoin"
2026-09-12T21:21:10.940634Z DEBUG logical_optimizer: applied=2 dependent_filters_pulled=1 remaining_dependencies=0 visited=10 exhausted=false
2026-09-12T21:21:10.941469Z TRACE logical_optimizer: declined logical rule rule="PullDependentFilter" reason="right_input_shape"
2026-09-12T21:21:10.941621Z TRACE logical_optimizer: applied logical rule rule="PullDependentFilterOverJoin"
2026-09-12T21:21:10.941725Z TRACE logical_optimizer: applied logical rule rule="MergeSelectInnerJoin"
2026-09-12T21:21:10.941836Z DEBUG logical_optimizer: applied=2 dependent_filters_pulled=1 remaining_dependencies=0 visited=10 exhausted=false
2026-09-12T21:21:10.942794Z TRACE logical_optimizer: declined logical rule rule="PullDependentFilter" reason="right_input_shape"
2026-09-12T21:21:10.942934Z TRACE logical_optimizer: applied logical rule rule="PullDependentFilterOverJoin"
2026-09-12T21:21:10.943034Z TRACE logical_optimizer: applied logical rule rule="MergeSelectInnerJoin"
2026-09-12T21:21:10.943140Z DEBUG logical_optimizer: applied=2 dependent_filters_pulled=1 remaining_dependencies=0 visited=10 exhausted=false
2026-09-12T21:21:10.944200Z TRACE logical_optimizer: declined logical rule rule="PullDependentFilter" reason="right_input_shape"
2026-09-12T21:21:10.944335Z TRACE logical_optimizer: applied logical rule rule="PullDependentFilterOverJoin"
2026-09-12T21:21:10.944440Z TRACE logical_optimizer: applied logical rule rule="MergeSelectInnerJoin"
2026-09-12T21:21:10.944557Z DEBUG logical_optimizer: applied=2 dependent_filters_pulled=1 remaining_dependencies=0 visited=10 exhausted=false
2026-09-12T21:21:10.950621Z DEBUG logical_optimizer: logical binding uses a legacy path reason="value-producing subquery lowering"
2026-09-12T21:21:10.950826Z DEBUG logical_optimizer: logical binding uses a legacy path reason="value-producing subquery lowering"
2026-09-12T21:21:10.951117Z DEBUG logical_optimizer: logical binding uses a legacy path reason="value-producing subquery lowering"
2026-09-12T21:21:10.952530Z DEBUG logical_optimizer: logical binding uses a legacy path reason="value-producing subquery lowering"
2026-09-12T21:21:10.952695Z DEBUG logical_optimizer: logical binding uses a legacy path reason="value-producing subquery lowering"
2026-09-12T21:21:10.952869Z DEBUG logical_optimizer: logical binding uses a legacy path reason="value-producing subquery lowering"
2026-09-12T21:21:10.954145Z DEBUG logical_optimizer: logical binding uses a legacy path reason="value-producing subquery lowering"
2026-09-12T21:21:10.954288Z DEBUG logical_optimizer: logical binding uses a legacy path reason="value-producing subquery lowering"
2026-09-12T21:21:10.954432Z DEBUG logical_optimizer: logical binding uses a legacy path reason="value-producing subquery lowering"
2026-09-12T21:21:10.955733Z DEBUG logical_optimizer: logical binding uses a legacy path reason="value-producing subquery lowering"
2026-09-12T21:21:10.955873Z DEBUG logical_optimizer: logical binding uses a legacy path reason="value-producing subquery lowering"
2026-09-12T21:21:10.956023Z DEBUG logical_optimizer: logical binding uses a legacy path reason="value-producing subquery lowering"
2026-09-12T21:21:10.958007Z DEBUG logical_optimizer: logical binding uses a legacy path reason="aggregate lowering"
2026-09-12T21:21:10.958847Z DEBUG logical_optimizer: logical binding uses a legacy path reason="aggregate lowering"
2026-09-12T21:21:10.959559Z DEBUG logical_optimizer: logical binding uses a legacy path reason="aggregate lowering"
2026-09-12T21:21:10.960389Z DEBUG logical_optimizer: logical binding uses a legacy path reason="aggregate lowering"
2026-09-12T21:21:10.961569Z DEBUG logical_optimizer: logical binding uses a legacy path reason="value-producing subquery lowering"
2026-09-12T21:21:10.962083Z DEBUG logical_optimizer: logical binding uses a legacy path reason="value-producing subquery lowering"
2026-09-12T21:21:10.962575Z DEBUG logical_optimizer: logical binding uses a legacy path reason="DISTINCT output mapping"
2026-09-12T21:21:10.963255Z DEBUG logical_optimizer: logical binding uses a legacy path reason="DISTINCT output mapping"
2026-09-12T21:21:10.964200Z DEBUG logical_optimizer: logical binding uses a legacy path reason="DISTINCT output mapping"
2026-09-12T21:21:10.964948Z DEBUG logical_optimizer: logical binding uses a legacy path reason="DISTINCT output mapping"
2026-09-12T21:21:10.966623Z DEBUG logical_optimizer: logical binding uses a legacy path reason="aggregate lowering"
2026-09-12T21:21:10.967295Z DEBUG logical_optimizer: logical binding uses a legacy path reason="aggregate lowering"
2026-09-12T21:21:10.967990Z DEBUG logical_optimizer: logical binding uses a legacy path reason="aggregate lowering"
2026-09-12T21:21:10.969227Z DEBUG logical_optimizer: logical binding uses a legacy path reason="aggregate lowering"
2026-09-12T21:21:10.982864Z DEBUG logical_optimizer: logical binding uses a legacy path reason="value-producing subquery lowering"
2026-09-12T21:21:10.983994Z DEBUG logical_optimizer: logical binding uses a legacy path reason="value-producing subquery lowering"
2026-09-12T21:21:10.991641Z DEBUG logical_optimizer: logical binding uses a legacy path reason="value-producing subquery lowering"
2026-09-12T21:21:10.992506Z DEBUG logical_optimizer: logical binding uses a legacy path reason="value-producing subquery lowering"
2026-09-12T21:21:11.012432Z DEBUG logical_optimizer: logical binding uses a legacy path reason="aggregate lowering"
2026-09-12T21:21:11.013077Z DEBUG logical_optimizer: logical binding uses a legacy path reason="aggregate lowering"
2026-09-12T21:21:11.013716Z DEBUG logical_optimizer: logical binding uses a legacy path reason="aggregate lowering"
2026-09-12T21:21:11.014436Z DEBUG logical_optimizer: logical binding uses a legacy path reason="aggregate lowering"
2026-09-12T21:21:11.015427Z TRACE logical_optimizer: applied logical rule rule="PullDependentFilter"
2026-09-12T21:21:11.015636Z DEBUG logical_optimizer: applied=1 dependent_filters_pulled=1 remaining_dependencies=0 visited=5 exhausted=false
2026-09-12T21:21:11.016155Z TRACE logical_optimizer: applied logical rule rule="PullDependentFilter"
2026-09-12T21:21:11.016328Z DEBUG logical_optimizer: applied=1 dependent_filters_pulled=1 remaining_dependencies=0 visited=5 exhausted=false
2026-09-12T21:21:11.016843Z TRACE logical_optimizer: applied logical rule rule="PullDependentFilter"
2026-09-12T21:21:11.016986Z DEBUG logical_optimizer: applied=1 dependent_filters_pulled=1 remaining_dependencies=0 visited=5 exhausted=false
2026-09-12T21:21:11.017669Z TRACE logical_optimizer: applied logical rule rule="PullDependentFilter"
2026-09-12T21:21:11.017817Z DEBUG logical_optimizer: applied=1 dependent_filters_pulled=1 remaining_dependencies=0 visited=5 exhausted=false
2026-09-12T21:21:11.019136Z DEBUG logical_optimizer: logical binding uses a legacy path reason="DISTINCT output mapping"
2026-09-12T21:21:11.019711Z DEBUG logical_optimizer: logical binding uses a legacy path reason="DISTINCT output mapping"
2026-09-12T21:21:11.020616Z  INFO differential_fuzzer::runner: Running integrity check on both databases...
2026-09-12T21:21:11.021230Z  INFO differential_fuzzer::runner: Integrity check passed on both databases
2026-09-12T21:21:11.212401Z  INFO differential_fuzzer::runner: Wrote 1126 statements to simulator-output/test.sql
2026-09-12T21:21:11.225339Z  INFO differential_fuzzer::runner: Wrote coverage report to simulator-output/coverage.txt

+---------------------------------+--------+
| Simulation Results              | PASSED |
+==========================================+
| Seed                            | 54321  |
|---------------------------------+--------|
| Target Statements               | 1000   |
|---------------------------------+--------|
| Statements Executed             | 990    |
|---------------------------------+--------|
| Statements Skipped              | 10     |
|---------------------------------+--------|
| Warnings                        | 0      |
|---------------------------------+--------|
| Oracle Failures                 | 0      |
|---------------------------------+--------|
| Errors                          | 0      |
|---------------------------------+--------|
| Unnesting invariants            | 204    |
|---------------------------------+--------|
| Unnesting checks with same plan | 109    |
|---------------------------------+--------|
| Independent joined equivalents  | 105    |
+---------------------------------+--------+
2026-09-12T21:21:11.227774Z  INFO differential_fuzzer: Persisting database files to disk...
2026-09-12T21:21:11.227898Z  INFO differential_fuzzer::memory::io: Persisting simulator-output/test.db (4096 bytes)
2026-09-12T21:21:11.228318Z  INFO differential_fuzzer::memory::io: Persisting simulator-output/test.db-wal (276072 bytes)
2026-09-12T21:21:11.233212Z  INFO differential_fuzzer: Wrote schema to simulator-output/schema.json
