2026-09-12T20:40:39.285111Z  INFO differential_fuzzer: Starting differential_fuzzer with config: SimConfig { seed: 54321, num_tables: 2, columns_per_table: 5, num_statements: 1000, verbose: false, keep_files: true, generator: SqlGen, coverage: true, tree_mode: Simplified, mvcc: false, window_function_probability: 0.0, recursive_cte_focus: false, weight_profile: CorrelatedSubqueries, max_subquery_depth: Some(4) }
2026-09-12T20:40:39.321909Z  INFO differential_fuzzer::runner: Attached ':memory:' AS aux on both connections
2026-09-12T20:40:39.322097Z  INFO differential_fuzzer::runner: Starting simulation with seed=54321, tables=2, statements=1000, generator=SqlGen
2026-09-12T20:40:39.322899Z  INFO differential_fuzzer::generate: Statement weight profile CorrelatedSubqueries: StmtWeights { select: 80, insert: 8, update: 8, delete: 4, create_table: 2, drop_table: 1, alter_table: 1, create_index: 1, drop_index: 1, pragma_foreign_key_list: 1, create_trigger: 1, drop_trigger: 1, begin: 0, commit: 0, rollback: 0, create_view: 0, drop_view: 0, vacuum: 0, reindex: 0, analyze: 0, savepoint: 0, release: 0 }
2026-09-12T20:40:39.342418Z TRACE logical_optimizer: declined logical rule rule="PullDependentFilter" reason="predicate_effects"
2026-09-12T20:40:39.342530Z TRACE logical_optimizer: declined logical rule rule="PullDependentFilterOverJoin" reason="right_input_shape"
2026-09-12T20:40:39.342606Z DEBUG logical_optimizer: applied=0 dependent_filters_pulled=0 remaining_dependencies=1 visited=5 exhausted=false
2026-09-12T20:40:39.343001Z TRACE logical_optimizer: declined logical rule rule="PullDependentFilter" reason="predicate_effects"
2026-09-12T20:40:39.343077Z TRACE logical_optimizer: declined logical rule rule="PullDependentFilterOverJoin" reason="right_input_shape"
2026-09-12T20:40:39.343148Z DEBUG logical_optimizer: applied=0 dependent_filters_pulled=0 remaining_dependencies=1 visited=5 exhausted=false
2026-09-12T20:40:39.344700Z DEBUG logical_optimizer: logical binding uses a legacy path reason="subquery outside a direct EXISTS filter"
2026-09-12T20:40:39.345121Z DEBUG logical_optimizer: logical binding uses a legacy path reason="subquery outside a direct EXISTS filter"
2026-09-12T20:40:39.345762Z DEBUG logical_optimizer: logical binding uses a legacy path reason="scalar execution resource or subquery result"
2026-09-12T20:40:39.346124Z DEBUG logical_optimizer: logical binding uses a legacy path reason="scalar execution resource or subquery result"
2026-09-12T20:40:39.346403Z DEBUG logical_optimizer: logical binding uses a legacy path reason="scalar execution resource or subquery result"
2026-09-12T20:40:39.347162Z DEBUG logical_optimizer: logical binding uses a legacy path reason="value-producing subquery lowering"
2026-09-12T20:40:39.347636Z DEBUG logical_optimizer: logical binding uses a legacy path reason="value-producing subquery lowering"
2026-09-12T20:40:39.349737Z DEBUG logical_optimizer: logical binding uses a legacy path reason="aggregate lowering"
2026-09-12T20:40:39.349882Z DEBUG logical_optimizer: logical binding uses a legacy path reason="aggregate lowering"
2026-09-12T20:40:39.350554Z DEBUG logical_optimizer: logical binding uses a legacy path reason="aggregate lowering"
2026-09-12T20:40:39.350708Z DEBUG logical_optimizer: logical binding uses a legacy path reason="aggregate lowering"
2026-09-12T20:40:39.351688Z DEBUG logical_optimizer: logical binding uses a legacy path reason="aggregate lowering"
2026-09-12T20:40:39.352724Z DEBUG logical_optimizer: logical binding uses a legacy path reason="aggregate lowering"
2026-09-12T20:40:39.355390Z DEBUG logical_optimizer: logical binding uses a legacy path reason="DISTINCT output mapping"
2026-09-12T20:40:39.355584Z DEBUG logical_optimizer: logical binding uses a legacy path reason="value-producing subquery lowering"
2026-09-12T20:40:39.355840Z DEBUG logical_optimizer: logical binding uses a legacy path reason="aggregate lowering"
2026-09-12T20:40:39.356002Z DEBUG logical_optimizer: logical binding uses a legacy path reason="aggregate lowering"
2026-09-12T20:40:39.356146Z DEBUG logical_optimizer: logical binding uses a legacy path reason="value-producing subquery lowering"
2026-09-12T20:40:39.356434Z DEBUG logical_optimizer: logical binding uses a legacy path reason="aggregate lowering"
2026-09-12T20:40:39.358550Z DEBUG logical_optimizer: logical binding uses a legacy path reason="DISTINCT output mapping"
2026-09-12T20:40:39.358707Z DEBUG logical_optimizer: logical binding uses a legacy path reason="value-producing subquery lowering"
2026-09-12T20:40:39.358930Z DEBUG logical_optimizer: logical binding uses a legacy path reason="aggregate lowering"
2026-09-12T20:40:39.359068Z DEBUG logical_optimizer: logical binding uses a legacy path reason="aggregate lowering"
2026-09-12T20:40:39.359218Z DEBUG logical_optimizer: logical binding uses a legacy path reason="value-producing subquery lowering"
2026-09-12T20:40:39.359461Z DEBUG logical_optimizer: logical binding uses a legacy path reason="aggregate lowering"
2026-09-12T20:40:39.360887Z TRACE logical_optimizer: applied logical rule rule="PullDependentFilter"
2026-09-12T20:40:39.361000Z DEBUG logical_optimizer: applied=1 dependent_filters_pulled=1 remaining_dependencies=0 visited=5 exhausted=false
2026-09-12T20:40:39.361453Z TRACE logical_optimizer: applied logical rule rule="PullDependentFilter"
2026-09-12T20:40:39.361551Z DEBUG logical_optimizer: applied=1 dependent_filters_pulled=1 remaining_dependencies=0 visited=5 exhausted=false
2026-09-12T20:40:39.361968Z TRACE logical_optimizer: applied logical rule rule="PullDependentFilter"
2026-09-12T20:40:39.362070Z DEBUG logical_optimizer: applied=1 dependent_filters_pulled=1 remaining_dependencies=0 visited=5 exhausted=false
2026-09-12T20:40:39.362650Z TRACE logical_optimizer: applied logical rule rule="PullDependentFilter"
2026-09-12T20:40:39.362741Z DEBUG logical_optimizer: applied=1 dependent_filters_pulled=1 remaining_dependencies=0 visited=5 exhausted=false
2026-09-12T20:40:39.368429Z TRACE logical_optimizer: declined logical rule rule="PullDependentFilter" reason="right_input_shape"
2026-09-12T20:40:39.368550Z TRACE logical_optimizer: applied logical rule rule="PullDependentFilterOverJoin"
2026-09-12T20:40:39.368632Z TRACE logical_optimizer: applied logical rule rule="MergeSelectInnerJoin"
2026-09-12T20:40:39.368724Z DEBUG logical_optimizer: applied=2 dependent_filters_pulled=1 remaining_dependencies=0 visited=10 exhausted=false
2026-09-12T20:40:39.369233Z TRACE logical_optimizer: declined logical rule rule="PullDependentFilter" reason="right_input_shape"
2026-09-12T20:40:39.369360Z TRACE logical_optimizer: applied logical rule rule="PullDependentFilterOverJoin"
2026-09-12T20:40:39.369438Z TRACE logical_optimizer: applied logical rule rule="MergeSelectInnerJoin"
2026-09-12T20:40:39.369539Z DEBUG logical_optimizer: applied=2 dependent_filters_pulled=1 remaining_dependencies=0 visited=10 exhausted=false
2026-09-12T20:40:39.370002Z TRACE logical_optimizer: declined logical rule rule="PullDependentFilter" reason="right_input_shape"
2026-09-12T20:40:39.370109Z TRACE logical_optimizer: applied logical rule rule="PullDependentFilterOverJoin"
2026-09-12T20:40:39.370214Z TRACE logical_optimizer: applied logical rule rule="MergeSelectInnerJoin"
2026-09-12T20:40:39.370306Z DEBUG logical_optimizer: applied=2 dependent_filters_pulled=1 remaining_dependencies=0 visited=10 exhausted=false
2026-09-12T20:40:39.370983Z TRACE logical_optimizer: declined logical rule rule="PullDependentFilter" reason="right_input_shape"
2026-09-12T20:40:39.371085Z TRACE logical_optimizer: applied logical rule rule="PullDependentFilterOverJoin"
2026-09-12T20:40:39.371168Z TRACE logical_optimizer: applied logical rule rule="MergeSelectInnerJoin"
2026-09-12T20:40:39.371259Z DEBUG logical_optimizer: applied=2 dependent_filters_pulled=1 remaining_dependencies=0 visited=10 exhausted=false
2026-09-12T20:40:39.373158Z DEBUG logical_optimizer: logical binding uses a legacy path reason="value-producing subquery lowering"
2026-09-12T20:40:39.373308Z DEBUG logical_optimizer: logical binding uses a legacy path reason="aggregate lowering"
2026-09-12T20:40:39.373441Z DEBUG logical_optimizer: logical binding uses a legacy path reason="value-producing subquery lowering"
2026-09-12T20:40:39.373625Z DEBUG logical_optimizer: logical binding uses a legacy path reason="aggregate lowering"
2026-09-12T20:40:39.374318Z DEBUG logical_optimizer: logical binding uses a legacy path reason="value-producing subquery lowering"
2026-09-12T20:40:39.374452Z DEBUG logical_optimizer: logical binding uses a legacy path reason="aggregate lowering"
2026-09-12T20:40:39.374570Z DEBUG logical_optimizer: logical binding uses a legacy path reason="value-producing subquery lowering"
2026-09-12T20:40:39.374691Z DEBUG logical_optimizer: logical binding uses a legacy path reason="aggregate lowering"
2026-09-12T20:40:39.375234Z TRACE logical_optimizer: declined logical rule rule="PullDependentFilter" reason="right_input_shape"
2026-09-12T20:40:39.375337Z TRACE logical_optimizer: applied logical rule rule="PullDependentFilterOverJoin"
2026-09-12T20:40:39.375451Z TRACE logical_optimizer: applied logical rule rule="MergeSelectInnerJoin"
2026-09-12T20:40:39.375567Z DEBUG logical_optimizer: applied=2 dependent_filters_pulled=1 remaining_dependencies=0 visited=10 exhausted=false
2026-09-12T20:40:39.376091Z TRACE logical_optimizer: declined logical rule rule="PullDependentFilter" reason="right_input_shape"
2026-09-12T20:40:39.376202Z TRACE logical_optimizer: applied logical rule rule="PullDependentFilterOverJoin"
2026-09-12T20:40:39.376286Z TRACE logical_optimizer: applied logical rule rule="MergeSelectInnerJoin"
2026-09-12T20:40:39.376378Z DEBUG logical_optimizer: applied=2 dependent_filters_pulled=1 remaining_dependencies=0 visited=10 exhausted=false
2026-09-12T20:40:39.376969Z TRACE logical_optimizer: declined logical rule rule="PullDependentFilter" reason="right_input_shape"
2026-09-12T20:40:39.377095Z TRACE logical_optimizer: applied logical rule rule="PullDependentFilterOverJoin"
2026-09-12T20:40:39.377195Z TRACE logical_optimizer: applied logical rule rule="MergeSelectInnerJoin"
2026-09-12T20:40:39.377308Z DEBUG logical_optimizer: applied=2 dependent_filters_pulled=1 remaining_dependencies=0 visited=10 exhausted=false
2026-09-12T20:40:39.378030Z TRACE logical_optimizer: declined logical rule rule="PullDependentFilter" reason="right_input_shape"
2026-09-12T20:40:39.378134Z TRACE logical_optimizer: applied logical rule rule="PullDependentFilterOverJoin"
2026-09-12T20:40:39.378236Z TRACE logical_optimizer: applied logical rule rule="MergeSelectInnerJoin"
2026-09-12T20:40:39.378327Z DEBUG logical_optimizer: applied=2 dependent_filters_pulled=1 remaining_dependencies=0 visited=10 exhausted=false
2026-09-12T20:40:39.379927Z DEBUG logical_optimizer: logical binding uses a legacy path reason="value-producing subquery lowering"
2026-09-12T20:40:39.380055Z DEBUG logical_optimizer: logical binding uses a legacy path reason="value-producing subquery lowering"
2026-09-12T20:40:39.380177Z DEBUG logical_optimizer: logical binding uses a legacy path reason="aggregate lowering"
2026-09-12T20:40:39.380318Z DEBUG logical_optimizer: logical binding uses a legacy path reason="value-producing subquery lowering"
2026-09-12T20:40:39.380439Z DEBUG logical_optimizer: logical binding uses a legacy path reason="value-producing subquery lowering"
2026-09-12T20:40:39.380553Z DEBUG logical_optimizer: logical binding uses a legacy path reason="aggregate lowering"
2026-09-12T20:40:39.381491Z DEBUG logical_optimizer: logical binding uses a legacy path reason="value-producing subquery lowering"
2026-09-12T20:40:39.381660Z DEBUG logical_optimizer: logical binding uses a legacy path reason="value-producing subquery lowering"
2026-09-12T20:40:39.381796Z DEBUG logical_optimizer: logical binding uses a legacy path reason="aggregate lowering"
2026-09-12T20:40:39.381968Z DEBUG logical_optimizer: logical binding uses a legacy path reason="value-producing subquery lowering"
2026-09-12T20:40:39.382101Z DEBUG logical_optimizer: logical binding uses a legacy path reason="value-producing subquery lowering"
2026-09-12T20:40:39.382244Z DEBUG logical_optimizer: logical binding uses a legacy path reason="aggregate lowering"
2026-09-12T20:40:39.383655Z DEBUG logical_optimizer: logical binding uses a legacy path reason="value-producing subquery lowering"
2026-09-12T20:40:39.383792Z DEBUG logical_optimizer: logical binding uses a legacy path reason="value-producing subquery lowering"
2026-09-12T20:40:39.383920Z DEBUG logical_optimizer: logical binding uses a legacy path reason="aggregate lowering"
2026-09-12T20:40:39.384095Z DEBUG logical_optimizer: logical binding uses a legacy path reason="value-producing subquery lowering"
2026-09-12T20:40:39.384235Z DEBUG logical_optimizer: logical binding uses a legacy path reason="value-producing subquery lowering"
2026-09-12T20:40:39.384367Z DEBUG logical_optimizer: logical binding uses a legacy path reason="aggregate lowering"
2026-09-12T20:40:39.386256Z DEBUG logical_optimizer: logical binding uses a legacy path reason="value-producing subquery lowering"
2026-09-12T20:40:39.386399Z DEBUG logical_optimizer: logical binding uses a legacy path reason="value-producing subquery lowering"
2026-09-12T20:40:39.386530Z DEBUG logical_optimizer: logical binding uses a legacy path reason="aggregate lowering"
2026-09-12T20:40:39.386684Z DEBUG logical_optimizer: logical binding uses a legacy path reason="value-producing subquery lowering"
2026-09-12T20:40:39.386823Z DEBUG logical_optimizer: logical binding uses a legacy path reason="value-producing subquery lowering"
2026-09-12T20:40:39.386945Z DEBUG logical_optimizer: logical binding uses a legacy path reason="aggregate lowering"
2026-09-12T20:40:39.389400Z DEBUG logical_optimizer: logical binding uses a legacy path reason="aggregate lowering"
2026-09-12T20:40:39.389889Z DEBUG logical_optimizer: logical binding uses a legacy path reason="aggregate lowering"
2026-09-12T20:40:39.390240Z DEBUG logical_optimizer: logical binding uses a legacy path reason="aggregate lowering"
2026-09-12T20:40:39.390843Z TRACE logical_optimizer: declined logical rule rule="PullDependentFilter" reason="right_input_shape"
2026-09-12T20:40:39.390953Z TRACE logical_optimizer: applied logical rule rule="PullDependentFilterOverJoin"
2026-09-12T20:40:39.391033Z TRACE logical_optimizer: applied logical rule rule="MergeSelectInnerJoin"
2026-09-12T20:40:39.391124Z DEBUG logical_optimizer: applied=2 dependent_filters_pulled=1 remaining_dependencies=0 visited=10 exhausted=false
2026-09-12T20:40:39.391669Z TRACE logical_optimizer: declined logical rule rule="PullDependentFilter" reason="right_input_shape"
2026-09-12T20:40:39.391770Z TRACE logical_optimizer: applied logical rule rule="PullDependentFilterOverJoin"
2026-09-12T20:40:39.391848Z TRACE logical_optimizer: applied logical rule rule="MergeSelectInnerJoin"
2026-09-12T20:40:39.391935Z DEBUG logical_optimizer: applied=2 dependent_filters_pulled=1 remaining_dependencies=0 visited=10 exhausted=false
2026-09-12T20:40:39.392526Z TRACE logical_optimizer: declined logical rule rule="PullDependentFilter" reason="right_input_shape"
2026-09-12T20:40:39.392642Z TRACE logical_optimizer: applied logical rule rule="PullDependentFilterOverJoin"
2026-09-12T20:40:39.392733Z TRACE logical_optimizer: applied logical rule rule="MergeSelectInnerJoin"
2026-09-12T20:40:39.392825Z DEBUG logical_optimizer: applied=2 dependent_filters_pulled=1 remaining_dependencies=0 visited=10 exhausted=false
2026-09-12T20:40:39.393789Z TRACE logical_optimizer: declined logical rule rule="PullDependentFilter" reason="right_input_shape"
2026-09-12T20:40:39.393911Z TRACE logical_optimizer: applied logical rule rule="PullDependentFilterOverJoin"
2026-09-12T20:40:39.394015Z TRACE logical_optimizer: applied logical rule rule="MergeSelectInnerJoin"
2026-09-12T20:40:39.394106Z DEBUG logical_optimizer: applied=2 dependent_filters_pulled=1 remaining_dependencies=0 visited=10 exhausted=false
2026-09-12T20:40:39.395235Z TRACE logical_optimizer: declined logical rule rule="PullDependentFilter" reason="right_input_shape"
2026-09-12T20:40:39.395344Z TRACE logical_optimizer: applied logical rule rule="PullDependentFilterOverJoin"
2026-09-12T20:40:39.395512Z TRACE logical_optimizer: applied logical rule rule="MergeSelectInnerJoin"
2026-09-12T20:40:39.395602Z DEBUG logical_optimizer: applied=2 dependent_filters_pulled=1 remaining_dependencies=0 visited=10 exhausted=false
2026-09-12T20:40:39.396107Z TRACE logical_optimizer: declined logical rule rule="PullDependentFilter" reason="right_input_shape"
2026-09-12T20:40:39.396207Z TRACE logical_optimizer: applied logical rule rule="PullDependentFilterOverJoin"
2026-09-12T20:40:39.396287Z TRACE logical_optimizer: applied logical rule rule="MergeSelectInnerJoin"
2026-09-12T20:40:39.396373Z DEBUG logical_optimizer: applied=2 dependent_filters_pulled=1 remaining_dependencies=0 visited=10 exhausted=false
2026-09-12T20:40:39.396977Z TRACE logical_optimizer: declined logical rule rule="PullDependentFilter" reason="right_input_shape"
2026-09-12T20:40:39.397082Z TRACE logical_optimizer: applied logical rule rule="PullDependentFilterOverJoin"
2026-09-12T20:40:39.397183Z TRACE logical_optimizer: applied logical rule rule="MergeSelectInnerJoin"
2026-09-12T20:40:39.397281Z DEBUG logical_optimizer: applied=2 dependent_filters_pulled=1 remaining_dependencies=0 visited=10 exhausted=false
2026-09-12T20:40:39.398018Z TRACE logical_optimizer: declined logical rule rule="PullDependentFilter" reason="right_input_shape"
2026-09-12T20:40:39.398120Z TRACE logical_optimizer: applied logical rule rule="PullDependentFilterOverJoin"
2026-09-12T20:40:39.398217Z TRACE logical_optimizer: applied logical rule rule="MergeSelectInnerJoin"
2026-09-12T20:40:39.398314Z DEBUG logical_optimizer: applied=2 dependent_filters_pulled=1 remaining_dependencies=0 visited=10 exhausted=false
2026-09-12T20:40:39.400324Z DEBUG logical_optimizer: logical binding uses a legacy path reason="DISTINCT output mapping"
2026-09-12T20:40:39.400446Z DEBUG logical_optimizer: logical binding uses a legacy path reason="aggregate lowering"
2026-09-12T20:40:39.400578Z DEBUG logical_optimizer: logical binding uses a legacy path reason="value-producing subquery lowering"
2026-09-12T20:40:39.400702Z DEBUG logical_optimizer: logical binding uses a legacy path reason="aggregate lowering"
2026-09-12T20:40:39.400892Z DEBUG logical_optimizer: logical binding uses a legacy path reason="aggregate lowering"
2026-09-12T20:40:39.401010Z DEBUG logical_optimizer: logical binding uses a legacy path reason="value-producing subquery lowering"
2026-09-12T20:40:39.401120Z DEBUG logical_optimizer: logical binding uses a legacy path reason="aggregate lowering"
2026-09-12T20:40:39.402526Z DEBUG logical_optimizer: logical binding uses a legacy path reason="DISTINCT output mapping"
2026-09-12T20:40:39.402649Z DEBUG logical_optimizer: logical binding uses a legacy path reason="aggregate lowering"
2026-09-12T20:40:39.402779Z DEBUG logical_optimizer: logical binding uses a legacy path reason="value-producing subquery lowering"
2026-09-12T20:40:39.402893Z DEBUG logical_optimizer: logical binding uses a legacy path reason="aggregate lowering"
2026-09-12T20:40:39.403078Z DEBUG logical_optimizer: logical binding uses a legacy path reason="aggregate lowering"
2026-09-12T20:40:39.403221Z DEBUG logical_optimizer: logical binding uses a legacy path reason="value-producing subquery lowering"
2026-09-12T20:40:39.403363Z DEBUG logical_optimizer: logical binding uses a legacy path reason="aggregate lowering"
2026-09-12T20:40:39.405287Z DEBUG logical_optimizer: logical binding uses a legacy path reason="DISTINCT output mapping"
2026-09-12T20:40:39.405406Z DEBUG logical_optimizer: logical binding uses a legacy path reason="aggregate lowering"
2026-09-12T20:40:39.405514Z DEBUG logical_optimizer: logical binding uses a legacy path reason="value-producing subquery lowering"
2026-09-12T20:40:39.405621Z DEBUG logical_optimizer: logical binding uses a legacy path reason="aggregate lowering"
2026-09-12T20:40:39.405790Z DEBUG logical_optimizer: logical binding uses a legacy path reason="aggregate lowering"
2026-09-12T20:40:39.405900Z DEBUG logical_optimizer: logical binding uses a legacy path reason="value-producing subquery lowering"
2026-09-12T20:40:39.406064Z DEBUG logical_optimizer: logical binding uses a legacy path reason="aggregate lowering"
2026-09-12T20:40:39.408608Z DEBUG logical_optimizer: logical binding uses a legacy path reason="aggregate lowering"
2026-09-12T20:40:39.408766Z TRACE logical_optimizer: applied logical rule rule="PullDependentFilter"
2026-09-12T20:40:39.408863Z DEBUG logical_optimizer: applied=1 dependent_filters_pulled=1 remaining_dependencies=0 visited=5 exhausted=false
2026-09-12T20:40:39.409422Z DEBUG logical_optimizer: logical binding uses a legacy path reason="aggregate lowering"
2026-09-12T20:40:39.409551Z TRACE logical_optimizer: applied logical rule rule="PullDependentFilter"
2026-09-12T20:40:39.409647Z DEBUG logical_optimizer: applied=1 dependent_filters_pulled=1 remaining_dependencies=0 visited=5 exhausted=false
2026-09-12T20:40:39.410049Z DEBUG logical_optimizer: logical binding uses a legacy path reason="aggregate lowering"
2026-09-12T20:40:39.410209Z TRACE logical_optimizer: applied logical rule rule="PullDependentFilter"
2026-09-12T20:40:39.410304Z DEBUG logical_optimizer: applied=1 dependent_filters_pulled=1 remaining_dependencies=0 visited=5 exhausted=false
2026-09-12T20:40:39.411026Z DEBUG logical_optimizer: logical binding uses a legacy path reason="aggregate lowering"
2026-09-12T20:40:39.411164Z TRACE logical_optimizer: applied logical rule rule="PullDependentFilter"
2026-09-12T20:40:39.411263Z DEBUG logical_optimizer: applied=1 dependent_filters_pulled=1 remaining_dependencies=0 visited=5 exhausted=false
2026-09-12T20:40:39.411919Z TRACE logical_optimizer: declined logical rule rule="PullDependentFilter" reason="right_input_shape"
2026-09-12T20:40:39.412026Z TRACE logical_optimizer: applied logical rule rule="PullDependentFilterOverJoin"
2026-09-12T20:40:39.412105Z TRACE logical_optimizer: applied logical rule rule="MergeSelectInnerJoin"
2026-09-12T20:40:39.412200Z DEBUG logical_optimizer: applied=2 dependent_filters_pulled=1 remaining_dependencies=0 visited=10 exhausted=false
2026-09-12T20:40:39.412767Z TRACE logical_optimizer: declined logical rule rule="PullDependentFilter" reason="right_input_shape"
2026-09-12T20:40:39.412867Z TRACE logical_optimizer: applied logical rule rule="PullDependentFilterOverJoin"
2026-09-12T20:40:39.412945Z TRACE logical_optimizer: applied logical rule rule="MergeSelectInnerJoin"
2026-09-12T20:40:39.413033Z DEBUG logical_optimizer: applied=2 dependent_filters_pulled=1 remaining_dependencies=0 visited=10 exhausted=false
2026-09-12T20:40:39.413657Z TRACE logical_optimizer: declined logical rule rule="PullDependentFilter" reason="right_input_shape"
2026-09-12T20:40:39.413761Z TRACE logical_optimizer: applied logical rule rule="PullDependentFilterOverJoin"
2026-09-12T20:40:39.413838Z TRACE logical_optimizer: applied logical rule rule="MergeSelectInnerJoin"
2026-09-12T20:40:39.413924Z DEBUG logical_optimizer: applied=2 dependent_filters_pulled=1 remaining_dependencies=0 visited=10 exhausted=false
2026-09-12T20:40:39.414686Z TRACE logical_optimizer: declined logical rule rule="PullDependentFilter" reason="right_input_shape"
2026-09-12T20:40:39.414794Z TRACE logical_optimizer: applied logical rule rule="PullDependentFilterOverJoin"
2026-09-12T20:40:39.414875Z TRACE logical_optimizer: applied logical rule rule="MergeSelectInnerJoin"
2026-09-12T20:40:39.414963Z DEBUG logical_optimizer: applied=2 dependent_filters_pulled=1 remaining_dependencies=0 visited=10 exhausted=false
2026-09-12T20:40:39.417943Z TRACE logical_optimizer: declined logical rule rule="PullDependentFilter" reason="right_input_shape"
2026-09-12T20:40:39.418046Z TRACE logical_optimizer: applied logical rule rule="PullDependentFilterOverJoin"
2026-09-12T20:40:39.418128Z TRACE logical_optimizer: applied logical rule rule="MergeSelectInnerJoin"
2026-09-12T20:40:39.418227Z DEBUG logical_optimizer: applied=2 dependent_filters_pulled=1 remaining_dependencies=0 visited=10 exhausted=false
2026-09-12T20:40:39.418807Z TRACE logical_optimizer: declined logical rule rule="PullDependentFilter" reason="right_input_shape"
2026-09-12T20:40:39.418971Z TRACE logical_optimizer: applied logical rule rule="PullDependentFilterOverJoin"
2026-09-12T20:40:39.419053Z TRACE logical_optimizer: applied logical rule rule="MergeSelectInnerJoin"
2026-09-12T20:40:39.419148Z DEBUG logical_optimizer: applied=2 dependent_filters_pulled=1 remaining_dependencies=0 visited=10 exhausted=false
2026-09-12T20:40:39.419819Z TRACE logical_optimizer: declined logical rule rule="PullDependentFilter" reason="right_input_shape"
2026-09-12T20:40:39.419923Z TRACE logical_optimizer: applied logical rule rule="PullDependentFilterOverJoin"
2026-09-12T20:40:39.420013Z TRACE logical_optimizer: applied logical rule rule="MergeSelectInnerJoin"
2026-09-12T20:40:39.420108Z DEBUG logical_optimizer: applied=2 dependent_filters_pulled=1 remaining_dependencies=0 visited=10 exhausted=false
2026-09-12T20:40:39.420880Z TRACE logical_optimizer: declined logical rule rule="PullDependentFilter" reason="right_input_shape"
2026-09-12T20:40:39.420982Z TRACE logical_optimizer: applied logical rule rule="PullDependentFilterOverJoin"
2026-09-12T20:40:39.421062Z TRACE logical_optimizer: applied logical rule rule="MergeSelectInnerJoin"
2026-09-12T20:40:39.421155Z DEBUG logical_optimizer: applied=2 dependent_filters_pulled=1 remaining_dependencies=0 visited=10 exhausted=false
2026-09-12T20:40:39.422675Z TRACE logical_optimizer: declined logical rule rule="PullDependentFilter" reason="predicate_effects"
2026-09-12T20:40:39.422770Z TRACE logical_optimizer: declined logical rule rule="PullDependentFilterOverJoin" reason="right_input_shape"
2026-09-12T20:40:39.422862Z DEBUG logical_optimizer: applied=0 dependent_filters_pulled=0 remaining_dependencies=1 visited=5 exhausted=false
2026-09-12T20:40:39.423248Z TRACE logical_optimizer: declined logical rule rule="PullDependentFilter" reason="predicate_effects"
2026-09-12T20:40:39.423337Z TRACE logical_optimizer: declined logical rule rule="PullDependentFilterOverJoin" reason="right_input_shape"
2026-09-12T20:40:39.423423Z DEBUG logical_optimizer: applied=0 dependent_filters_pulled=0 remaining_dependencies=1 visited=5 exhausted=false
2026-09-12T20:40:39.424748Z TRACE logical_optimizer: declined logical rule rule="PullDependentFilter" reason="right_input_shape"
2026-09-12T20:40:39.424860Z TRACE logical_optimizer: applied logical rule rule="PullDependentFilterOverJoin"
2026-09-12T20:40:39.424946Z TRACE logical_optimizer: applied logical rule rule="MergeSelectInnerJoin"
2026-09-12T20:40:39.425068Z DEBUG logical_optimizer: applied=2 dependent_filters_pulled=1 remaining_dependencies=0 visited=10 exhausted=false
2026-09-12T20:40:39.425756Z TRACE logical_optimizer: declined logical rule rule="PullDependentFilter" reason="right_input_shape"
2026-09-12T20:40:39.425859Z TRACE logical_optimizer: applied logical rule rule="PullDependentFilterOverJoin"
2026-09-12T20:40:39.425938Z TRACE logical_optimizer: applied logical rule rule="MergeSelectInnerJoin"
2026-09-12T20:40:39.426028Z DEBUG logical_optimizer: applied=2 dependent_filters_pulled=1 remaining_dependencies=0 visited=10 exhausted=false
2026-09-12T20:40:39.426925Z TRACE logical_optimizer: declined logical rule rule="PullDependentFilter" reason="right_input_shape"
2026-09-12T20:40:39.427033Z TRACE logical_optimizer: applied logical rule rule="PullDependentFilterOverJoin"
2026-09-12T20:40:39.427114Z TRACE logical_optimizer: applied logical rule rule="MergeSelectInnerJoin"
2026-09-12T20:40:39.427210Z DEBUG logical_optimizer: applied=2 dependent_filters_pulled=1 remaining_dependencies=0 visited=10 exhausted=false
2026-09-12T20:40:39.428100Z TRACE logical_optimizer: declined logical rule rule="PullDependentFilter" reason="right_input_shape"
2026-09-12T20:40:39.428207Z TRACE logical_optimizer: applied logical rule rule="PullDependentFilterOverJoin"
2026-09-12T20:40:39.428290Z TRACE logical_optimizer: applied logical rule rule="MergeSelectInnerJoin"
2026-09-12T20:40:39.428378Z DEBUG logical_optimizer: applied=2 dependent_filters_pulled=1 remaining_dependencies=0 visited=10 exhausted=false
2026-09-12T20:40:39.431202Z DEBUG logical_optimizer: logical binding uses a legacy path reason="value-producing subquery lowering"
2026-09-12T20:40:39.431824Z DEBUG logical_optimizer: logical binding uses a legacy path reason="value-producing subquery lowering"
2026-09-12T20:40:39.432519Z DEBUG logical_optimizer: logical binding uses a legacy path reason="value-producing subquery lowering"
2026-09-12T20:40:39.433304Z DEBUG logical_optimizer: logical binding uses a legacy path reason="value-producing subquery lowering"
2026-09-12T20:40:39.434357Z TRACE logical_optimizer: applied logical rule rule="PullDependentFilter"
2026-09-12T20:40:39.434460Z DEBUG logical_optimizer: applied=1 dependent_filters_pulled=1 remaining_dependencies=0 visited=6 exhausted=false
2026-09-12T20:40:39.434838Z TRACE logical_optimizer: applied logical rule rule="PullDependentFilter"
2026-09-12T20:40:39.434938Z DEBUG logical_optimizer: applied=1 dependent_filters_pulled=1 remaining_dependencies=0 visited=6 exhausted=false
2026-09-12T20:40:39.435368Z DEBUG logical_optimizer: logical binding uses a legacy path reason="value-producing subquery lowering"
2026-09-12T20:40:39.435807Z DEBUG logical_optimizer: logical binding uses a legacy path reason="value-producing subquery lowering"
2026-09-12T20:40:39.437974Z DEBUG logical_optimizer: logical binding uses a legacy path reason="value-producing subquery lowering"
2026-09-12T20:40:39.438127Z DEBUG logical_optimizer: logical binding uses a legacy path reason="aggregate lowering"
2026-09-12T20:40:39.438409Z DEBUG logical_optimizer: logical binding uses a legacy path reason="value-producing subquery lowering"
2026-09-12T20:40:39.438535Z DEBUG logical_optimizer: logical binding uses a legacy path reason="aggregate lowering"
2026-09-12T20:40:39.439511Z DEBUG logical_optimizer: logical binding uses a legacy path reason="value-producing subquery lowering"
2026-09-12T20:40:39.439635Z DEBUG logical_optimizer: logical binding uses a legacy path reason="aggregate lowering"
2026-09-12T20:40:39.439909Z DEBUG logical_optimizer: logical binding uses a legacy path reason="value-producing subquery lowering"
2026-09-12T20:40:39.440025Z DEBUG logical_optimizer: logical binding uses a legacy path reason="aggregate lowering"
2026-09-12T20:40:39.441171Z DEBUG logical_optimizer: logical binding uses a legacy path reason="value-producing subquery lowering"
2026-09-12T20:40:39.441305Z DEBUG logical_optimizer: logical binding uses a legacy path reason="aggregate lowering"
2026-09-12T20:40:39.441585Z DEBUG logical_optimizer: logical binding uses a legacy path reason="value-producing subquery lowering"
2026-09-12T20:40:39.441713Z DEBUG logical_optimizer: logical binding uses a legacy path reason="aggregate lowering"
2026-09-12T20:40:39.443320Z DEBUG logical_optimizer: logical binding uses a legacy path reason="value-producing subquery lowering"
2026-09-12T20:40:39.443435Z DEBUG logical_optimizer: logical binding uses a legacy path reason="aggregate lowering"
2026-09-12T20:40:39.443691Z DEBUG logical_optimizer: logical binding uses a legacy path reason="value-producing subquery lowering"
2026-09-12T20:40:39.443809Z DEBUG logical_optimizer: logical binding uses a legacy path reason="aggregate lowering"
2026-09-12T20:40:39.445813Z DEBUG logical_optimizer: logical binding uses a legacy path reason="aggregate lowering"
2026-09-12T20:40:39.445928Z DEBUG logical_optimizer: logical binding uses a legacy path reason="aggregate lowering"
2026-09-12T20:40:39.446873Z DEBUG logical_optimizer: logical binding uses a legacy path reason="aggregate lowering"
2026-09-12T20:40:39.447002Z DEBUG logical_optimizer: logical binding uses a legacy path reason="aggregate lowering"
2026-09-12T20:40:39.447822Z DEBUG logical_optimizer: logical binding uses a legacy path reason="value-producing subquery lowering"
2026-09-12T20:40:39.448281Z DEBUG logical_optimizer: logical binding uses a legacy path reason="value-producing subquery lowering"
2026-09-12T20:40:39.449803Z DEBUG logical_optimizer: logical binding uses a legacy path reason="value-producing subquery lowering"
2026-09-12T20:40:39.449981Z TRACE logical_optimizer: applied logical rule rule="PullDependentFilter"
2026-09-12T20:40:39.450148Z DEBUG logical_optimizer: applied=1 dependent_filters_pulled=1 remaining_dependencies=0 visited=5 exhausted=false
2026-09-12T20:40:39.450902Z DEBUG logical_optimizer: logical binding uses a legacy path reason="value-producing subquery lowering"
2026-09-12T20:40:39.451059Z TRACE logical_optimizer: applied logical rule rule="PullDependentFilter"
2026-09-12T20:40:39.451155Z DEBUG logical_optimizer: applied=1 dependent_filters_pulled=1 remaining_dependencies=0 visited=5 exhausted=false
2026-09-12T20:40:39.455900Z TRACE logical_optimizer: applied logical rule rule="PullDependentFilter"
2026-09-12T20:40:39.456013Z DEBUG logical_optimizer: applied=1 dependent_filters_pulled=1 remaining_dependencies=0 visited=5 exhausted=false
2026-09-12T20:40:39.456467Z TRACE logical_optimizer: applied logical rule rule="PullDependentFilter"
2026-09-12T20:40:39.456563Z DEBUG logical_optimizer: applied=1 dependent_filters_pulled=1 remaining_dependencies=0 visited=5 exhausted=false
2026-09-12T20:40:39.457076Z TRACE logical_optimizer: applied logical rule rule="PullDependentFilter"
2026-09-12T20:40:39.457176Z DEBUG logical_optimizer: applied=1 dependent_filters_pulled=1 remaining_dependencies=0 visited=5 exhausted=false
2026-09-12T20:40:39.457766Z TRACE logical_optimizer: applied logical rule rule="PullDependentFilter"
2026-09-12T20:40:39.457861Z DEBUG logical_optimizer: applied=1 dependent_filters_pulled=1 remaining_dependencies=0 visited=5 exhausted=false
2026-09-12T20:40:39.459648Z DEBUG logical_optimizer: logical binding uses a legacy path reason="aggregate lowering"
2026-09-12T20:40:39.460061Z DEBUG logical_optimizer: logical binding uses a legacy path reason="aggregate lowering"
2026-09-12T20:40:39.460562Z TRACE logical_optimizer: declined logical rule rule="PullDependentFilter" reason="right_input_shape"
2026-09-12T20:40:39.460696Z TRACE logical_optimizer: applied logical rule rule="PullDependentFilterOverJoin"
2026-09-12T20:40:39.460784Z TRACE logical_optimizer: applied logical rule rule="MergeSelectInnerJoin"
2026-09-12T20:40:39.460886Z DEBUG logical_optimizer: applied=2 dependent_filters_pulled=1 remaining_dependencies=0 visited=10 exhausted=false
2026-09-12T20:40:39.461634Z TRACE logical_optimizer: declined logical rule rule="PullDependentFilter" reason="right_input_shape"
2026-09-12T20:40:39.461737Z TRACE logical_optimizer: applied logical rule rule="PullDependentFilterOverJoin"
2026-09-12T20:40:39.461817Z TRACE logical_optimizer: applied logical rule rule="MergeSelectInnerJoin"
2026-09-12T20:40:39.461931Z DEBUG logical_optimizer: applied=2 dependent_filters_pulled=1 remaining_dependencies=0 visited=10 exhausted=false
2026-09-12T20:40:39.463048Z TRACE logical_optimizer: declined logical rule rule="PullDependentFilter" reason="right_input_shape"
2026-09-12T20:40:39.463158Z TRACE logical_optimizer: applied logical rule rule="PullDependentFilterOverJoin"
2026-09-12T20:40:39.463245Z TRACE logical_optimizer: applied logical rule rule="MergeSelectInnerJoin"
2026-09-12T20:40:39.463339Z DEBUG logical_optimizer: applied=2 dependent_filters_pulled=1 remaining_dependencies=0 visited=10 exhausted=false
2026-09-12T20:40:39.464149Z TRACE logical_optimizer: declined logical rule rule="PullDependentFilter" reason="right_input_shape"
2026-09-12T20:40:39.464246Z TRACE logical_optimizer: applied logical rule rule="PullDependentFilterOverJoin"
2026-09-12T20:40:39.464324Z TRACE logical_optimizer: applied logical rule rule="MergeSelectInnerJoin"
2026-09-12T20:40:39.464412Z DEBUG logical_optimizer: applied=2 dependent_filters_pulled=1 remaining_dependencies=0 visited=10 exhausted=false
2026-09-12T20:40:39.467014Z TRACE logical_optimizer: declined logical rule rule="PullDependentFilter" reason="right_input_shape"
2026-09-12T20:40:39.467125Z TRACE logical_optimizer: applied logical rule rule="PullDependentFilterOverJoin"
2026-09-12T20:40:39.467218Z TRACE logical_optimizer: applied logical rule rule="MergeSelectInnerJoin"
2026-09-12T20:40:39.467313Z DEBUG logical_optimizer: applied=2 dependent_filters_pulled=1 remaining_dependencies=0 visited=10 exhausted=false
2026-09-12T20:40:39.468032Z TRACE logical_optimizer: declined logical rule rule="PullDependentFilter" reason="right_input_shape"
2026-09-12T20:40:39.468232Z TRACE logical_optimizer: applied logical rule rule="PullDependentFilterOverJoin"
2026-09-12T20:40:39.468361Z TRACE logical_optimizer: applied logical rule rule="MergeSelectInnerJoin"
2026-09-12T20:40:39.468478Z DEBUG logical_optimizer: applied=2 dependent_filters_pulled=1 remaining_dependencies=0 visited=10 exhausted=false
2026-09-12T20:40:39.469402Z TRACE logical_optimizer: declined logical rule rule="PullDependentFilter" reason="right_input_shape"
2026-09-12T20:40:39.469516Z TRACE logical_optimizer: applied logical rule rule="PullDependentFilterOverJoin"
2026-09-12T20:40:39.469614Z TRACE logical_optimizer: applied logical rule rule="MergeSelectInnerJoin"
2026-09-12T20:40:39.469723Z DEBUG logical_optimizer: applied=2 dependent_filters_pulled=1 remaining_dependencies=0 visited=10 exhausted=false
2026-09-12T20:40:39.470554Z TRACE logical_optimizer: declined logical rule rule="PullDependentFilter" reason="right_input_shape"
2026-09-12T20:40:39.470666Z TRACE logical_optimizer: applied logical rule rule="PullDependentFilterOverJoin"
2026-09-12T20:40:39.470755Z TRACE logical_optimizer: applied logical rule rule="MergeSelectInnerJoin"
2026-09-12T20:40:39.470857Z DEBUG logical_optimizer: applied=2 dependent_filters_pulled=1 remaining_dependencies=0 visited=10 exhausted=false
2026-09-12T20:40:39.473556Z TRACE logical_optimizer: applied logical rule rule="PullDependentFilter"
2026-09-12T20:40:39.473649Z DEBUG logical_optimizer: applied=1 dependent_filters_pulled=1 remaining_dependencies=0 visited=5 exhausted=false
2026-09-12T20:40:39.474237Z TRACE logical_optimizer: applied logical rule rule="PullDependentFilter"
2026-09-12T20:40:39.474330Z DEBUG logical_optimizer: applied=1 dependent_filters_pulled=1 remaining_dependencies=0 visited=5 exhausted=false
2026-09-12T20:40:39.474968Z TRACE logical_optimizer: applied logical rule rule="PullDependentFilter"
2026-09-12T20:40:39.475070Z DEBUG logical_optimizer: applied=1 dependent_filters_pulled=1 remaining_dependencies=0 visited=5 exhausted=false
2026-09-12T20:40:39.475697Z TRACE logical_optimizer: applied logical rule rule="PullDependentFilter"
2026-09-12T20:40:39.475796Z DEBUG logical_optimizer: applied=1 dependent_filters_pulled=1 remaining_dependencies=0 visited=5 exhausted=false
2026-09-12T20:40:39.478000Z DEBUG logical_optimizer: logical binding uses a legacy path reason="aggregate lowering"
2026-09-12T20:40:39.478197Z TRACE logical_optimizer: applied logical rule rule="PullDependentFilter"
2026-09-12T20:40:39.478297Z DEBUG logical_optimizer: applied=1 dependent_filters_pulled=1 remaining_dependencies=0 visited=6 exhausted=false
2026-09-12T20:40:39.479030Z DEBUG logical_optimizer: logical binding uses a legacy path reason="aggregate lowering"
2026-09-12T20:40:39.479226Z TRACE logical_optimizer: applied logical rule rule="PullDependentFilter"
2026-09-12T20:40:39.479322Z DEBUG logical_optimizer: applied=1 dependent_filters_pulled=1 remaining_dependencies=0 visited=6 exhausted=false
2026-09-12T20:40:39.480002Z DEBUG logical_optimizer: logical binding uses a legacy path reason="aggregate lowering"
2026-09-12T20:40:39.480205Z TRACE logical_optimizer: applied logical rule rule="PullDependentFilter"
2026-09-12T20:40:39.480300Z DEBUG logical_optimizer: applied=1 dependent_filters_pulled=1 remaining_dependencies=0 visited=6 exhausted=false
2026-09-12T20:40:39.481138Z DEBUG logical_optimizer: logical binding uses a legacy path reason="aggregate lowering"
2026-09-12T20:40:39.481345Z TRACE logical_optimizer: applied logical rule rule="PullDependentFilter"
2026-09-12T20:40:39.481436Z DEBUG logical_optimizer: applied=1 dependent_filters_pulled=1 remaining_dependencies=0 visited=6 exhausted=false
2026-09-12T20:40:39.482865Z DEBUG logical_optimizer: logical binding uses a legacy path reason="aggregate lowering"
2026-09-12T20:40:39.483041Z DEBUG logical_optimizer: logical binding uses a legacy path reason="aggregate lowering"
2026-09-12T20:40:39.483921Z DEBUG logical_optimizer: logical binding uses a legacy path reason="aggregate lowering"
2026-09-12T20:40:39.484102Z DEBUG logical_optimizer: logical binding uses a legacy path reason="aggregate lowering"
2026-09-12T20:40:39.485199Z DEBUG logical_optimizer: logical binding uses a legacy path reason="value-producing subquery lowering"
2026-09-12T20:40:39.485325Z DEBUG logical_optimizer: logical binding uses a legacy path reason="value-producing subquery lowering"
2026-09-12T20:40:39.485762Z DEBUG logical_optimizer: logical binding uses a legacy path reason="value-producing subquery lowering"
2026-09-12T20:40:39.485875Z DEBUG logical_optimizer: logical binding uses a legacy path reason="value-producing subquery lowering"
2026-09-12T20:40:39.487278Z TRACE logical_optimizer: applied logical rule rule="PullDependentFilter"
2026-09-12T20:40:39.487376Z DEBUG logical_optimizer: applied=1 dependent_filters_pulled=1 remaining_dependencies=0 visited=5 exhausted=false
2026-09-12T20:40:39.487771Z TRACE logical_optimizer: applied logical rule rule="PullDependentFilter"
2026-09-12T20:40:39.487874Z DEBUG logical_optimizer: applied=1 dependent_filters_pulled=1 remaining_dependencies=0 visited=5 exhausted=false
2026-09-12T20:40:39.488248Z TRACE logical_optimizer: applied logical rule rule="PullDependentFilter"
2026-09-12T20:40:39.488362Z DEBUG logical_optimizer: applied=1 dependent_filters_pulled=1 remaining_dependencies=0 visited=5 exhausted=false
2026-09-12T20:40:39.488851Z TRACE logical_optimizer: applied logical rule rule="PullDependentFilter"
2026-09-12T20:40:39.488943Z DEBUG logical_optimizer: applied=1 dependent_filters_pulled=1 remaining_dependencies=0 visited=5 exhausted=false
2026-09-12T20:40:39.491021Z DEBUG logical_optimizer: logical binding uses a legacy path reason="value-producing subquery lowering"
2026-09-12T20:40:39.491351Z DEBUG logical_optimizer: logical binding uses a legacy path reason="value-producing subquery lowering"
2026-09-12T20:40:39.493013Z DEBUG logical_optimizer: logical binding uses a legacy path reason="value-producing subquery lowering"
2026-09-12T20:40:39.493565Z TRACE logical_optimizer: declined logical rule rule="PullDependentFilter" reason="right_input_shape"
2026-09-12T20:40:39.493671Z TRACE logical_optimizer: applied logical rule rule="PullDependentFilterOverJoin"
2026-09-12T20:40:39.493753Z TRACE logical_optimizer: applied logical rule rule="MergeSelectInnerJoin"
2026-09-12T20:40:39.493840Z DEBUG logical_optimizer: applied=2 dependent_filters_pulled=1 remaining_dependencies=0 visited=10 exhausted=false
2026-09-12T20:40:39.494338Z TRACE logical_optimizer: declined logical rule rule="PullDependentFilter" reason="right_input_shape"
2026-09-12T20:40:39.494466Z TRACE logical_optimizer: applied logical rule rule="PullDependentFilterOverJoin"
2026-09-12T20:40:39.494570Z TRACE logical_optimizer: applied logical rule rule="MergeSelectInnerJoin"
2026-09-12T20:40:39.494697Z DEBUG logical_optimizer: applied=2 dependent_filters_pulled=1 remaining_dependencies=0 visited=10 exhausted=false
2026-09-12T20:40:39.495256Z TRACE logical_optimizer: declined logical rule rule="PullDependentFilter" reason="right_input_shape"
2026-09-12T20:40:39.495379Z TRACE logical_optimizer: applied logical rule rule="PullDependentFilterOverJoin"
2026-09-12T20:40:39.495471Z TRACE logical_optimizer: applied logical rule rule="MergeSelectInnerJoin"
2026-09-12T20:40:39.495563Z DEBUG logical_optimizer: applied=2 dependent_filters_pulled=1 remaining_dependencies=0 visited=10 exhausted=false
2026-09-12T20:40:39.496243Z TRACE logical_optimizer: declined logical rule rule="PullDependentFilter" reason="right_input_shape"
2026-09-12T20:40:39.496352Z TRACE logical_optimizer: applied logical rule rule="PullDependentFilterOverJoin"
2026-09-12T20:40:39.496435Z TRACE logical_optimizer: applied logical rule rule="MergeSelectInnerJoin"
2026-09-12T20:40:39.496531Z DEBUG logical_optimizer: applied=2 dependent_filters_pulled=1 remaining_dependencies=0 visited=10 exhausted=false
2026-09-12T20:40:39.498219Z DEBUG logical_optimizer: logical binding uses a legacy path reason="subquery outside a direct EXISTS filter"
2026-09-12T20:40:39.498327Z DEBUG logical_optimizer: logical binding uses a legacy path reason="value-producing subquery lowering"
2026-09-12T20:40:39.498929Z DEBUG logical_optimizer: logical binding uses a legacy path reason="subquery outside a direct EXISTS filter"
2026-09-12T20:40:39.499043Z DEBUG logical_optimizer: logical binding uses a legacy path reason="value-producing subquery lowering"
2026-09-12T20:40:39.499475Z DEBUG logical_optimizer: logical binding uses a legacy path reason="subquery outside a direct EXISTS filter"
2026-09-12T20:40:39.499586Z DEBUG logical_optimizer: logical binding uses a legacy path reason="value-producing subquery lowering"
2026-09-12T20:40:39.500275Z DEBUG logical_optimizer: logical binding uses a legacy path reason="subquery outside a direct EXISTS filter"
2026-09-12T20:40:39.500394Z DEBUG logical_optimizer: logical binding uses a legacy path reason="value-producing subquery lowering"
2026-09-12T20:40:39.501202Z DEBUG logical_optimizer: logical binding uses a legacy path reason="value-producing subquery lowering"
2026-09-12T20:40:39.501331Z DEBUG logical_optimizer: logical binding uses a legacy path reason="value-producing subquery lowering"
2026-09-12T20:40:39.501888Z DEBUG logical_optimizer: logical binding uses a legacy path reason="value-producing subquery lowering"
2026-09-12T20:40:39.502004Z DEBUG logical_optimizer: logical binding uses a legacy path reason="value-producing subquery lowering"
2026-09-12T20:40:39.502804Z DEBUG logical_optimizer: logical binding uses a legacy path reason="value-producing subquery lowering"
2026-09-12T20:40:39.502930Z DEBUG logical_optimizer: logical binding uses a legacy path reason="value-producing subquery lowering"
2026-09-12T20:40:39.503824Z DEBUG logical_optimizer: logical binding uses a legacy path reason="value-producing subquery lowering"
2026-09-12T20:40:39.503965Z TRACE logical_optimizer: declined logical rule rule="PullDependentFilter" reason="anti_predicate_placement"
2026-09-12T20:40:39.504043Z TRACE logical_optimizer: declined logical rule rule="PullDependentFilterOverJoin" reason="right_input_shape"
2026-09-12T20:40:39.504130Z DEBUG logical_optimizer: applied=0 dependent_filters_pulled=0 remaining_dependencies=1 visited=6 exhausted=false
2026-09-12T20:40:39.504542Z DEBUG logical_optimizer: logical binding uses a legacy path reason="value-producing subquery lowering"
2026-09-12T20:40:39.504675Z TRACE logical_optimizer: declined logical rule rule="PullDependentFilter" reason="anti_predicate_placement"
2026-09-12T20:40:39.504756Z TRACE logical_optimizer: declined logical rule rule="PullDependentFilterOverJoin" reason="right_input_shape"
2026-09-12T20:40:39.504840Z DEBUG logical_optimizer: applied=0 dependent_filters_pulled=0 remaining_dependencies=1 visited=6 exhausted=false
2026-09-12T20:40:39.505184Z DEBUG logical_optimizer: logical binding uses a legacy path reason="value-producing subquery lowering"
2026-09-12T20:40:39.505323Z TRACE logical_optimizer: declined logical rule rule="PullDependentFilter" reason="anti_predicate_placement"
2026-09-12T20:40:39.505415Z TRACE logical_optimizer: declined logical rule rule="PullDependentFilterOverJoin" reason="right_input_shape"
2026-09-12T20:40:39.505508Z DEBUG logical_optimizer: applied=0 dependent_filters_pulled=0 remaining_dependencies=1 visited=6 exhausted=false
2026-09-12T20:40:39.506212Z DEBUG logical_optimizer: logical binding uses a legacy path reason="value-producing subquery lowering"
2026-09-12T20:40:39.506581Z DEBUG logical_optimizer: logical binding uses a legacy path reason="value-producing subquery lowering"
2026-09-12T20:40:39.507231Z DEBUG logical_optimizer: logical binding uses a legacy path reason="DISTINCT output mapping"
2026-09-12T20:40:39.507589Z DEBUG logical_optimizer: logical binding uses a legacy path reason="DISTINCT output mapping"
2026-09-12T20:40:39.507946Z DEBUG logical_optimizer: logical binding uses a legacy path reason="DISTINCT output mapping"
2026-09-12T20:40:39.508496Z DEBUG logical_optimizer: logical binding uses a legacy path reason="DISTINCT output mapping"
2026-09-12T20:40:39.509387Z DEBUG logical_optimizer: logical binding uses a legacy path reason="aggregate lowering"
2026-09-12T20:40:39.509512Z DEBUG logical_optimizer: logical binding uses a legacy path reason="value-producing subquery lowering"
2026-09-12T20:40:39.509628Z DEBUG logical_optimizer: logical binding uses a legacy path reason="aggregate lowering"
2026-09-12T20:40:39.510596Z DEBUG logical_optimizer: logical binding uses a legacy path reason="aggregate lowering"
2026-09-12T20:40:39.510735Z DEBUG logical_optimizer: logical binding uses a legacy path reason="value-producing subquery lowering"
2026-09-12T20:40:39.510881Z DEBUG logical_optimizer: logical binding uses a legacy path reason="aggregate lowering"
2026-09-12T20:40:39.514007Z DEBUG logical_optimizer: logical binding uses a legacy path reason="value-producing subquery lowering"
2026-09-12T20:40:39.514397Z DEBUG logical_optimizer: logical binding uses a legacy path reason="value-producing subquery lowering"
2026-09-12T20:40:39.515025Z DEBUG logical_optimizer: logical binding uses a legacy path reason="aggregate lowering"
2026-09-12T20:40:39.515508Z DEBUG logical_optimizer: logical binding uses a legacy path reason="aggregate lowering"
2026-09-12T20:40:39.516024Z DEBUG logical_optimizer: logical binding uses a legacy path reason="aggregate lowering"
2026-09-12T20:40:39.516572Z DEBUG logical_optimizer: logical binding uses a legacy path reason="aggregate lowering"
2026-09-12T20:40:39.517221Z TRACE logical_optimizer: applied logical rule rule="PullDependentFilter"
2026-09-12T20:40:39.517333Z DEBUG logical_optimizer: applied=1 dependent_filters_pulled=1 remaining_dependencies=0 visited=5 exhausted=false
2026-09-12T20:40:39.517681Z TRACE logical_optimizer: applied logical rule rule="PullDependentFilter"
2026-09-12T20:40:39.517780Z DEBUG logical_optimizer: applied=1 dependent_filters_pulled=1 remaining_dependencies=0 visited=5 exhausted=false
2026-09-12T20:40:39.518137Z TRACE logical_optimizer: applied logical rule rule="PullDependentFilter"
2026-09-12T20:40:39.518238Z DEBUG logical_optimizer: applied=1 dependent_filters_pulled=1 remaining_dependencies=0 visited=5 exhausted=false
2026-09-12T20:40:39.518736Z TRACE logical_optimizer: applied logical rule rule="PullDependentFilter"
2026-09-12T20:40:39.518832Z DEBUG logical_optimizer: applied=1 dependent_filters_pulled=1 remaining_dependencies=0 visited=5 exhausted=false
2026-09-12T20:40:39.519469Z DEBUG logical_optimizer: logical binding uses a legacy path reason="value-producing subquery lowering"
2026-09-12T20:40:39.519829Z DEBUG logical_optimizer: logical binding uses a legacy path reason="value-producing subquery lowering"
2026-09-12T20:40:39.523413Z TRACE logical_optimizer: applied logical rule rule="PullDependentFilter"
2026-09-12T20:40:39.523528Z DEBUG logical_optimizer: applied=1 dependent_filters_pulled=1 remaining_dependencies=0 visited=5 exhausted=false
2026-09-12T20:40:39.523991Z TRACE logical_optimizer: applied logical rule rule="PullDependentFilter"
2026-09-12T20:40:39.524098Z DEBUG logical_optimizer: applied=1 dependent_filters_pulled=1 remaining_dependencies=0 visited=5 exhausted=false
2026-09-12T20:40:39.524574Z TRACE logical_optimizer: applied logical rule rule="PullDependentFilter"
2026-09-12T20:40:39.524667Z DEBUG logical_optimizer: applied=1 dependent_filters_pulled=1 remaining_dependencies=0 visited=5 exhausted=false
2026-09-12T20:40:39.525226Z TRACE logical_optimizer: applied logical rule rule="PullDependentFilter"
2026-09-12T20:40:39.525323Z DEBUG logical_optimizer: applied=1 dependent_filters_pulled=1 remaining_dependencies=0 visited=5 exhausted=false
2026-09-12T20:40:39.528127Z TRACE logical_optimizer: applied logical rule rule="PullDependentFilter"
2026-09-12T20:40:39.528216Z DEBUG logical_optimizer: applied=1 dependent_filters_pulled=1 remaining_dependencies=0 visited=6 exhausted=false
2026-09-12T20:40:39.528573Z TRACE logical_optimizer: applied logical rule rule="PullDependentFilter"
2026-09-12T20:40:39.528734Z DEBUG logical_optimizer: applied=1 dependent_filters_pulled=1 remaining_dependencies=0 visited=6 exhausted=false
2026-09-12T20:40:39.529177Z DEBUG logical_optimizer: logical binding uses a legacy path reason="DISTINCT output mapping"
2026-09-12T20:40:39.529328Z TRACE logical_optimizer: applied logical rule rule="PullDependentFilter"
2026-09-12T20:40:39.529432Z DEBUG logical_optimizer: applied=1 dependent_filters_pulled=1 remaining_dependencies=0 visited=5 exhausted=false
2026-09-12T20:40:39.529987Z DEBUG logical_optimizer: logical binding uses a legacy path reason="DISTINCT output mapping"
2026-09-12T20:40:39.530119Z TRACE logical_optimizer: applied logical rule rule="PullDependentFilter"
2026-09-12T20:40:39.530212Z DEBUG logical_optimizer: applied=1 dependent_filters_pulled=1 remaining_dependencies=0 visited=5 exhausted=false
2026-09-12T20:40:39.530912Z TRACE logical_optimizer: declined logical rule rule="PullDependentFilter" reason="right_input_shape"
2026-09-12T20:40:39.531024Z TRACE logical_optimizer: applied logical rule rule="PullDependentFilterOverJoin"
2026-09-12T20:40:39.531108Z TRACE logical_optimizer: applied logical rule rule="MergeSelectInnerJoin"
2026-09-12T20:40:39.531220Z DEBUG logical_optimizer: applied=2 dependent_filters_pulled=1 remaining_dependencies=0 visited=10 exhausted=false
2026-09-12T20:40:39.531761Z TRACE logical_optimizer: declined logical rule rule="PullDependentFilter" reason="right_input_shape"
2026-09-12T20:40:39.531872Z TRACE logical_optimizer: applied logical rule rule="PullDependentFilterOverJoin"
2026-09-12T20:40:39.531967Z TRACE logical_optimizer: applied logical rule rule="MergeSelectInnerJoin"
2026-09-12T20:40:39.532084Z DEBUG logical_optimizer: applied=2 dependent_filters_pulled=1 remaining_dependencies=0 visited=10 exhausted=false
2026-09-12T20:40:39.532728Z TRACE logical_optimizer: declined logical rule rule="PullDependentFilter" reason="right_input_shape"
2026-09-12T20:40:39.532829Z TRACE logical_optimizer: applied logical rule rule="PullDependentFilterOverJoin"
2026-09-12T20:40:39.532906Z TRACE logical_optimizer: applied logical rule rule="MergeSelectInnerJoin"
2026-09-12T20:40:39.532993Z DEBUG logical_optimizer: applied=2 dependent_filters_pulled=1 remaining_dependencies=0 visited=10 exhausted=false
2026-09-12T20:40:39.533705Z TRACE logical_optimizer: declined logical rule rule="PullDependentFilter" reason="right_input_shape"
2026-09-12T20:40:39.533807Z TRACE logical_optimizer: applied logical rule rule="PullDependentFilterOverJoin"
2026-09-12T20:40:39.533884Z TRACE logical_optimizer: applied logical rule rule="MergeSelectInnerJoin"
2026-09-12T20:40:39.533975Z DEBUG logical_optimizer: applied=2 dependent_filters_pulled=1 remaining_dependencies=0 visited=10 exhausted=false
2026-09-12T20:40:39.535620Z TRACE logical_optimizer: applied logical rule rule="PullDependentFilter"
2026-09-12T20:40:39.535723Z DEBUG logical_optimizer: applied=1 dependent_filters_pulled=1 remaining_dependencies=0 visited=6 exhausted=false
2026-09-12T20:40:39.536121Z TRACE logical_optimizer: applied logical rule rule="PullDependentFilter"
2026-09-12T20:40:39.536215Z DEBUG logical_optimizer: applied=1 dependent_filters_pulled=1 remaining_dependencies=0 visited=6 exhausted=false
2026-09-12T20:40:39.536679Z DEBUG logical_optimizer: logical binding uses a legacy path reason="aggregate lowering"
2026-09-12T20:40:39.537122Z DEBUG logical_optimizer: logical binding uses a legacy path reason="aggregate lowering"
2026-09-12T20:40:39.537513Z DEBUG logical_optimizer: logical binding uses a legacy path reason="aggregate lowering"
2026-09-12T20:40:39.538214Z DEBUG logical_optimizer: logical binding uses a legacy path reason="value-producing subquery lowering"
2026-09-12T20:40:39.538765Z DEBUG logical_optimizer: logical binding uses a legacy path reason="value-producing subquery lowering"
2026-09-12T20:40:39.539471Z DEBUG logical_optimizer: logical binding uses a legacy path reason="aggregate lowering"
2026-09-12T20:40:39.539664Z DEBUG logical_optimizer: logical binding uses a legacy path reason="aggregate lowering"
2026-09-12T20:40:39.539810Z DEBUG logical_optimizer: logical binding uses a legacy path reason="aggregate lowering"
2026-09-12T20:40:39.540989Z DEBUG logical_optimizer: logical binding uses a legacy path reason="aggregate lowering"
2026-09-12T20:40:39.541159Z DEBUG logical_optimizer: logical binding uses a legacy path reason="aggregate lowering"
2026-09-12T20:40:39.541286Z DEBUG logical_optimizer: logical binding uses a legacy path reason="aggregate lowering"
2026-09-12T20:40:39.542869Z DEBUG logical_optimizer: logical binding uses a legacy path reason="aggregate lowering"
2026-09-12T20:40:39.543002Z DEBUG logical_optimizer: logical binding uses a legacy path reason="aggregate lowering"
2026-09-12T20:40:39.543529Z DEBUG logical_optimizer: logical binding uses a legacy path reason="aggregate lowering"
2026-09-12T20:40:39.543664Z DEBUG logical_optimizer: logical binding uses a legacy path reason="aggregate lowering"
2026-09-12T20:40:39.545456Z DEBUG logical_optimizer: logical binding uses a legacy path reason="scalar execution resource or subquery result"
2026-09-12T20:40:39.545827Z DEBUG logical_optimizer: logical binding uses a legacy path reason="scalar execution resource or subquery result"
2026-09-12T20:40:39.546297Z TRACE logical_optimizer: applied logical rule rule="PullDependentFilter"
2026-09-12T20:40:39.546396Z DEBUG logical_optimizer: applied=1 dependent_filters_pulled=1 remaining_dependencies=0 visited=5 exhausted=false
2026-09-12T20:40:39.546792Z TRACE logical_optimizer: applied logical rule rule="PullDependentFilter"
2026-09-12T20:40:39.546904Z DEBUG logical_optimizer: applied=1 dependent_filters_pulled=1 remaining_dependencies=0 visited=5 exhausted=false
2026-09-12T20:40:39.547372Z TRACE logical_optimizer: applied logical rule rule="PullDependentFilter"
2026-09-12T20:40:39.547465Z DEBUG logical_optimizer: applied=1 dependent_filters_pulled=1 remaining_dependencies=0 visited=5 exhausted=false
2026-09-12T20:40:39.547943Z TRACE logical_optimizer: applied logical rule rule="PullDependentFilter"
2026-09-12T20:40:39.548043Z DEBUG logical_optimizer: applied=1 dependent_filters_pulled=1 remaining_dependencies=0 visited=5 exhausted=false
2026-09-12T20:40:39.548890Z DEBUG logical_optimizer: logical binding uses a legacy path reason="DISTINCT output mapping"
2026-09-12T20:40:39.549007Z DEBUG logical_optimizer: logical binding uses a legacy path reason="value-producing subquery lowering"
2026-09-12T20:40:39.549480Z DEBUG logical_optimizer: logical binding uses a legacy path reason="DISTINCT output mapping"
2026-09-12T20:40:39.549606Z DEBUG logical_optimizer: logical binding uses a legacy path reason="value-producing subquery lowering"
2026-09-12T20:40:39.550138Z DEBUG logical_optimizer: logical binding uses a legacy path reason="DISTINCT output mapping"
2026-09-12T20:40:39.550255Z DEBUG logical_optimizer: logical binding uses a legacy path reason="value-producing subquery lowering"
2026-09-12T20:40:39.550991Z DEBUG logical_optimizer: logical binding uses a legacy path reason="DISTINCT output mapping"
2026-09-12T20:40:39.551114Z DEBUG logical_optimizer: logical binding uses a legacy path reason="value-producing subquery lowering"
2026-09-12T20:40:39.552250Z DEBUG logical_optimizer: logical binding uses a legacy path reason="value-producing subquery lowering"
2026-09-12T20:40:39.552366Z DEBUG logical_optimizer: logical binding uses a legacy path reason="aggregate lowering"
2026-09-12T20:40:39.552934Z DEBUG logical_optimizer: logical binding uses a legacy path reason="value-producing subquery lowering"
2026-09-12T20:40:39.553047Z DEBUG logical_optimizer: logical binding uses a legacy path reason="aggregate lowering"
2026-09-12T20:40:39.553749Z DEBUG logical_optimizer: logical binding uses a legacy path reason="value-producing subquery lowering"
2026-09-12T20:40:39.553864Z DEBUG logical_optimizer: logical binding uses a legacy path reason="aggregate lowering"
2026-09-12T20:40:39.554621Z DEBUG logical_optimizer: logical binding uses a legacy path reason="value-producing subquery lowering"
2026-09-12T20:40:39.554785Z DEBUG logical_optimizer: logical binding uses a legacy path reason="aggregate lowering"
2026-09-12T20:40:39.555790Z DEBUG logical_optimizer: logical binding uses a legacy path reason="aggregate lowering"
2026-09-12T20:40:39.556229Z DEBUG logical_optimizer: logical binding uses a legacy path reason="aggregate lowering"
2026-09-12T20:40:39.556563Z DEBUG logical_optimizer: logical binding uses a legacy path reason="aggregate lowering"
2026-09-12T20:40:39.557108Z DEBUG logical_optimizer: logical binding uses a legacy path reason="aggregate lowering"
2026-09-12T20:40:39.557695Z DEBUG logical_optimizer: logical binding uses a legacy path reason="aggregate lowering"
2026-09-12T20:40:39.558179Z DEBUG logical_optimizer: logical binding uses a legacy path reason="aggregate lowering"
2026-09-12T20:40:39.558867Z TRACE logical_optimizer: applied logical rule rule="MergeSelectInnerJoin"
2026-09-12T20:40:39.558961Z TRACE logical_optimizer: applied logical rule rule="PullDependentFilter"
2026-09-12T20:40:39.559056Z DEBUG logical_optimizer: applied=2 dependent_filters_pulled=1 remaining_dependencies=0 visited=7 exhausted=false
2026-09-12T20:40:39.559633Z TRACE logical_optimizer: applied logical rule rule="MergeSelectInnerJoin"
2026-09-12T20:40:39.559725Z TRACE logical_optimizer: applied logical rule rule="PullDependentFilter"
2026-09-12T20:40:39.559816Z DEBUG logical_optimizer: applied=2 dependent_filters_pulled=1 remaining_dependencies=0 visited=7 exhausted=false
2026-09-12T20:40:39.561136Z DEBUG logical_optimizer: logical binding uses a legacy path reason="aggregate lowering"
2026-09-12T20:40:39.561269Z DEBUG logical_optimizer: logical binding uses a legacy path reason="value-producing subquery lowering"
2026-09-12T20:40:39.561769Z DEBUG logical_optimizer: logical binding uses a legacy path reason="aggregate lowering"
2026-09-12T20:40:39.561889Z DEBUG logical_optimizer: logical binding uses a legacy path reason="value-producing subquery lowering"
2026-09-12T20:40:39.562565Z DEBUG logical_optimizer: logical binding uses a legacy path reason="aggregate lowering"
2026-09-12T20:40:39.562688Z DEBUG logical_optimizer: logical binding uses a legacy path reason="value-producing subquery lowering"
2026-09-12T20:40:39.563495Z DEBUG logical_optimizer: logical binding uses a legacy path reason="subquery outside a direct EXISTS filter"
2026-09-12T20:40:39.563863Z DEBUG logical_optimizer: logical binding uses a legacy path reason="subquery outside a direct EXISTS filter"
2026-09-12T20:40:39.564773Z DEBUG logical_optimizer: logical binding uses a legacy path reason="value-producing subquery lowering"
2026-09-12T20:40:39.564907Z DEBUG logical_optimizer: logical binding uses a legacy path reason="aggregate lowering"
2026-09-12T20:40:39.565097Z DEBUG logical_optimizer: logical binding uses a legacy path reason="aggregate lowering"
2026-09-12T20:40:39.565216Z DEBUG logical_optimizer: logical binding uses a legacy path reason="aggregate lowering"
2026-09-12T20:40:39.566533Z DEBUG logical_optimizer: logical binding uses a legacy path reason="value-producing subquery lowering"
2026-09-12T20:40:39.566665Z DEBUG logical_optimizer: logical binding uses a legacy path reason="aggregate lowering"
2026-09-12T20:40:39.566860Z DEBUG logical_optimizer: logical binding uses a legacy path reason="aggregate lowering"
2026-09-12T20:40:39.566990Z DEBUG logical_optimizer: logical binding uses a legacy path reason="aggregate lowering"
2026-09-12T20:40:39.568478Z DEBUG logical_optimizer: logical binding uses a legacy path reason="value-producing subquery lowering"
2026-09-12T20:40:39.568611Z DEBUG logical_optimizer: logical binding uses a legacy path reason="aggregate lowering"
2026-09-12T20:40:39.568799Z DEBUG logical_optimizer: logical binding uses a legacy path reason="aggregate lowering"
2026-09-12T20:40:39.568919Z DEBUG logical_optimizer: logical binding uses a legacy path reason="aggregate lowering"
2026-09-12T20:40:39.570780Z DEBUG logical_optimizer: logical binding uses a legacy path reason="value-producing subquery lowering"
2026-09-12T20:40:39.571003Z DEBUG logical_optimizer: logical binding uses a legacy path reason="aggregate lowering"
2026-09-12T20:40:39.571292Z DEBUG logical_optimizer: logical binding uses a legacy path reason="aggregate lowering"
2026-09-12T20:40:39.571425Z DEBUG logical_optimizer: logical binding uses a legacy path reason="aggregate lowering"
2026-09-12T20:40:39.573613Z DEBUG logical_optimizer: logical binding uses a legacy path reason="value-producing subquery lowering"
2026-09-12T20:40:39.574055Z DEBUG logical_optimizer: logical binding uses a legacy path reason="value-producing subquery lowering"
2026-09-12T20:40:39.574914Z DEBUG logical_optimizer: logical binding uses a legacy path reason="value-producing subquery lowering"
2026-09-12T20:40:39.575496Z DEBUG logical_optimizer: logical binding uses a legacy path reason="value-producing subquery lowering"
2026-09-12T20:40:39.577278Z DEBUG logical_optimizer: logical binding uses a legacy path reason="value-producing subquery lowering"
2026-09-12T20:40:39.577402Z DEBUG logical_optimizer: logical binding uses a legacy path reason="aggregate lowering"
2026-09-12T20:40:39.578085Z DEBUG logical_optimizer: logical binding uses a legacy path reason="value-producing subquery lowering"
2026-09-12T20:40:39.578212Z DEBUG logical_optimizer: logical binding uses a legacy path reason="aggregate lowering"
2026-09-12T20:40:39.579515Z TRACE logical_optimizer: declined logical rule rule="PullDependentFilter" reason="right_input_shape"
2026-09-12T20:40:39.579644Z TRACE logical_optimizer: applied logical rule rule="PullDependentFilterOverJoin"
2026-09-12T20:40:39.579732Z TRACE logical_optimizer: applied logical rule rule="MergeSelectInnerJoin"
2026-09-12T20:40:39.579888Z DEBUG logical_optimizer: applied=2 dependent_filters_pulled=1 remaining_dependencies=0 visited=10 exhausted=false
2026-09-12T20:40:39.580639Z TRACE logical_optimizer: declined logical rule rule="PullDependentFilter" reason="right_input_shape"
2026-09-12T20:40:39.580740Z TRACE logical_optimizer: applied logical rule rule="PullDependentFilterOverJoin"
2026-09-12T20:40:39.580816Z TRACE logical_optimizer: applied logical rule rule="MergeSelectInnerJoin"
2026-09-12T20:40:39.580901Z DEBUG logical_optimizer: applied=2 dependent_filters_pulled=1 remaining_dependencies=0 visited=10 exhausted=false
2026-09-12T20:40:39.583135Z TRACE logical_optimizer: declined logical rule rule="PullDependentFilter" reason="right_input_shape"
2026-09-12T20:40:39.583254Z TRACE logical_optimizer: applied logical rule rule="PullDependentFilterOverJoin"
2026-09-12T20:40:39.583342Z TRACE logical_optimizer: applied logical rule rule="MergeSelectInnerJoin"
2026-09-12T20:40:39.583437Z DEBUG logical_optimizer: applied=2 dependent_filters_pulled=1 remaining_dependencies=0 visited=10 exhausted=false
2026-09-12T20:40:39.584348Z TRACE logical_optimizer: declined logical rule rule="PullDependentFilter" reason="right_input_shape"
2026-09-12T20:40:39.584459Z TRACE logical_optimizer: applied logical rule rule="PullDependentFilterOverJoin"
2026-09-12T20:40:39.584541Z TRACE logical_optimizer: applied logical rule rule="MergeSelectInnerJoin"
2026-09-12T20:40:39.584632Z DEBUG logical_optimizer: applied=2 dependent_filters_pulled=1 remaining_dependencies=0 visited=10 exhausted=false
2026-09-12T20:40:39.590616Z DEBUG logical_optimizer: logical binding uses a legacy path reason="value-producing subquery lowering"
2026-09-12T20:40:39.591149Z DEBUG logical_optimizer: logical binding uses a legacy path reason="value-producing subquery lowering"
2026-09-12T20:40:39.592051Z DEBUG logical_optimizer: logical binding uses a legacy path reason="value-producing subquery lowering"
2026-09-12T20:40:39.592881Z DEBUG logical_optimizer: logical binding uses a legacy path reason="value-producing subquery lowering"
2026-09-12T20:40:39.594598Z DEBUG logical_optimizer: logical binding uses a legacy path reason="value-producing subquery lowering"
2026-09-12T20:40:39.594897Z DEBUG logical_optimizer: logical binding uses a legacy path reason="value-producing subquery lowering"
2026-09-12T20:40:39.595301Z DEBUG logical_optimizer: logical binding uses a legacy path reason="value-producing subquery lowering"
2026-09-12T20:40:39.595908Z DEBUG logical_optimizer: logical binding uses a legacy path reason="DISTINCT output mapping"
2026-09-12T20:40:39.596056Z DEBUG logical_optimizer: logical binding uses a legacy path reason="value-producing subquery lowering"
2026-09-12T20:40:39.596465Z DEBUG logical_optimizer: logical binding uses a legacy path reason="DISTINCT output mapping"
2026-09-12T20:40:39.596588Z DEBUG logical_optimizer: logical binding uses a legacy path reason="value-producing subquery lowering"
2026-09-12T20:40:39.597362Z DEBUG logical_optimizer: logical binding uses a legacy path reason="DISTINCT output mapping"
2026-09-12T20:40:39.597499Z DEBUG logical_optimizer: logical binding uses a legacy path reason="value-producing subquery lowering"
2026-09-12T20:40:39.609570Z DEBUG logical_optimizer: logical binding uses a legacy path reason="subquery outside a direct EXISTS filter"
2026-09-12T20:40:39.609767Z TRACE logical_optimizer: declined logical rule rule="PullDependentFilter" reason="right_input_shape"
2026-09-12T20:40:39.609825Z TRACE logical_optimizer: declined logical rule rule="PullDependentFilter" reason="right_input_shape"
2026-09-12T20:40:39.609884Z TRACE logical_optimizer: applied logical rule rule="PullDependentFilter"
2026-09-12T20:40:39.609952Z DEBUG logical_optimizer: applied=1 dependent_filters_pulled=1 remaining_dependencies=2 visited=12 exhausted=false
2026-09-12T20:40:39.610083Z TRACE logical_optimizer: declined logical rule rule="PullDependentFilter" reason="right_input_shape"
2026-09-12T20:40:39.610147Z TRACE logical_optimizer: applied logical rule rule="PullDependentFilter"
2026-09-12T20:40:39.610221Z DEBUG logical_optimizer: applied=1 dependent_filters_pulled=1 remaining_dependencies=1 visited=9 exhausted=false
2026-09-12T20:40:39.610335Z TRACE logical_optimizer: applied logical rule rule="PullDependentFilter"
2026-09-12T20:40:39.610395Z DEBUG logical_optimizer: applied=1 dependent_filters_pulled=1 remaining_dependencies=0 visited=6 exhausted=false
2026-09-12T20:40:39.611065Z DEBUG logical_optimizer: logical binding uses a legacy path reason="subquery outside a direct EXISTS filter"
2026-09-12T20:40:39.611198Z TRACE logical_optimizer: declined logical rule rule="PullDependentFilter" reason="right_input_shape"
2026-09-12T20:40:39.611266Z TRACE logical_optimizer: declined logical rule rule="PullDependentFilter" reason="right_input_shape"
2026-09-12T20:40:39.611336Z TRACE logical_optimizer: applied logical rule rule="PullDependentFilter"
2026-09-12T20:40:39.611409Z DEBUG logical_optimizer: applied=1 dependent_filters_pulled=1 remaining_dependencies=2 visited=12 exhausted=false
2026-09-12T20:40:39.611545Z TRACE logical_optimizer: declined logical rule rule="PullDependentFilter" reason="right_input_shape"
2026-09-12T20:40:39.611601Z TRACE logical_optimizer: applied logical rule rule="PullDependentFilter"
2026-09-12T20:40:39.611661Z DEBUG logical_optimizer: applied=1 dependent_filters_pulled=1 remaining_dependencies=1 visited=9 exhausted=false
2026-09-12T20:40:39.611770Z TRACE logical_optimizer: applied logical rule rule="PullDependentFilter"
2026-09-12T20:40:39.611849Z DEBUG logical_optimizer: applied=1 dependent_filters_pulled=1 remaining_dependencies=0 visited=6 exhausted=false
2026-09-12T20:40:39.613274Z DEBUG logical_optimizer: logical binding uses a legacy path reason="value-producing subquery lowering"
2026-09-12T20:40:39.613679Z DEBUG logical_optimizer: logical binding uses a legacy path reason="value-producing subquery lowering"
2026-09-12T20:40:39.614499Z DEBUG logical_optimizer: logical binding uses a legacy path reason="DISTINCT output mapping"
2026-09-12T20:40:39.614618Z DEBUG logical_optimizer: logical binding uses a legacy path reason="aggregate lowering"
2026-09-12T20:40:39.614737Z DEBUG logical_optimizer: logical binding uses a legacy path reason="aggregate lowering"
2026-09-12T20:40:39.615381Z DEBUG logical_optimizer: logical binding uses a legacy path reason="DISTINCT output mapping"
2026-09-12T20:40:39.615549Z DEBUG logical_optimizer: logical binding uses a legacy path reason="aggregate lowering"
2026-09-12T20:40:39.615666Z DEBUG logical_optimizer: logical binding uses a legacy path reason="aggregate lowering"
2026-09-12T20:40:39.616216Z DEBUG logical_optimizer: logical binding uses a legacy path reason="DISTINCT output mapping"
2026-09-12T20:40:39.616327Z DEBUG logical_optimizer: logical binding uses a legacy path reason="aggregate lowering"
2026-09-12T20:40:39.616445Z DEBUG logical_optimizer: logical binding uses a legacy path reason="aggregate lowering"
2026-09-12T20:40:39.617503Z TRACE logical_optimizer: declined logical rule rule="PullDependentFilter" reason="right_input_shape"
2026-09-12T20:40:39.617617Z TRACE logical_optimizer: applied logical rule rule="PullDependentFilterOverJoin"
2026-09-12T20:40:39.617697Z TRACE logical_optimizer: applied logical rule rule="MergeSelectInnerJoin"
2026-09-12T20:40:39.617789Z DEBUG logical_optimizer: applied=2 dependent_filters_pulled=1 remaining_dependencies=0 visited=10 exhausted=false
2026-09-12T20:40:39.618336Z TRACE logical_optimizer: declined logical rule rule="PullDependentFilter" reason="right_input_shape"
2026-09-12T20:40:39.618438Z TRACE logical_optimizer: applied logical rule rule="PullDependentFilterOverJoin"
2026-09-12T20:40:39.618524Z TRACE logical_optimizer: applied logical rule rule="MergeSelectInnerJoin"
2026-09-12T20:40:39.618617Z DEBUG logical_optimizer: applied=2 dependent_filters_pulled=1 remaining_dependencies=0 visited=10 exhausted=false
2026-09-12T20:40:39.619225Z TRACE logical_optimizer: declined logical rule rule="PullDependentFilter" reason="right_input_shape"
2026-09-12T20:40:39.619327Z TRACE logical_optimizer: applied logical rule rule="PullDependentFilterOverJoin"
2026-09-12T20:40:39.619408Z TRACE logical_optimizer: applied logical rule rule="MergeSelectInnerJoin"
2026-09-12T20:40:39.619497Z DEBUG logical_optimizer: applied=2 dependent_filters_pulled=1 remaining_dependencies=0 visited=10 exhausted=false
2026-09-12T20:40:39.620184Z TRACE logical_optimizer: declined logical rule rule="PullDependentFilter" reason="right_input_shape"
2026-09-12T20:40:39.620279Z TRACE logical_optimizer: applied logical rule rule="PullDependentFilterOverJoin"
2026-09-12T20:40:39.620357Z TRACE logical_optimizer: applied logical rule rule="MergeSelectInnerJoin"
2026-09-12T20:40:39.620455Z DEBUG logical_optimizer: applied=2 dependent_filters_pulled=1 remaining_dependencies=0 visited=10 exhausted=false
2026-09-12T20:40:39.621633Z DEBUG logical_optimizer: logical binding uses a legacy path reason="aggregate lowering"
2026-09-12T20:40:39.621783Z TRACE logical_optimizer: applied logical rule rule="PullDependentFilter"
2026-09-12T20:40:39.621872Z DEBUG logical_optimizer: applied=1 dependent_filters_pulled=1 remaining_dependencies=0 visited=5 exhausted=false
2026-09-12T20:40:39.622454Z DEBUG logical_optimizer: logical binding uses a legacy path reason="aggregate lowering"
2026-09-12T20:40:39.622626Z TRACE logical_optimizer: applied logical rule rule="PullDependentFilter"
2026-09-12T20:40:39.622718Z DEBUG logical_optimizer: applied=1 dependent_filters_pulled=1 remaining_dependencies=0 visited=5 exhausted=false
2026-09-12T20:40:39.625471Z TRACE logical_optimizer: applied logical rule rule="PullDependentFilter"
2026-09-12T20:40:39.625566Z DEBUG logical_optimizer: applied=1 dependent_filters_pulled=1 remaining_dependencies=0 visited=6 exhausted=false
2026-09-12T20:40:39.625908Z TRACE logical_optimizer: applied logical rule rule="PullDependentFilter"
2026-09-12T20:40:39.626012Z DEBUG logical_optimizer: applied=1 dependent_filters_pulled=1 remaining_dependencies=0 visited=6 exhausted=false
2026-09-12T20:40:39.626593Z DEBUG logical_optimizer: logical binding uses a legacy path reason="value-producing subquery lowering"
2026-09-12T20:40:39.626763Z DEBUG logical_optimizer: logical binding uses a legacy path reason="aggregate lowering"
2026-09-12T20:40:39.627322Z DEBUG logical_optimizer: logical binding uses a legacy path reason="value-producing subquery lowering"
2026-09-12T20:40:39.627567Z DEBUG logical_optimizer: logical binding uses a legacy path reason="aggregate lowering"
2026-09-12T20:40:39.628200Z DEBUG logical_optimizer: logical binding uses a legacy path reason="value-producing subquery lowering"
2026-09-12T20:40:39.628347Z DEBUG logical_optimizer: logical binding uses a legacy path reason="aggregate lowering"
2026-09-12T20:40:39.631043Z DEBUG logical_optimizer: logical binding uses a legacy path reason="aggregate lowering"
2026-09-12T20:40:39.631184Z DEBUG logical_optimizer: logical binding uses a legacy path reason="aggregate lowering"
2026-09-12T20:40:39.631308Z DEBUG logical_optimizer: logical binding uses a legacy path reason="value-producing subquery lowering"
2026-09-12T20:40:39.632071Z DEBUG logical_optimizer: logical binding uses a legacy path reason="aggregate lowering"
2026-09-12T20:40:39.632211Z DEBUG logical_optimizer: logical binding uses a legacy path reason="aggregate lowering"
2026-09-12T20:40:39.632350Z DEBUG logical_optimizer: logical binding uses a legacy path reason="value-producing subquery lowering"
2026-09-12T20:40:39.632977Z DEBUG logical_optimizer: logical binding uses a legacy path reason="value-producing subquery lowering"
2026-09-12T20:40:39.633493Z DEBUG logical_optimizer: logical binding uses a legacy path reason="value-producing subquery lowering"
2026-09-12T20:40:39.634069Z DEBUG logical_optimizer: logical binding uses a legacy path reason="value-producing subquery lowering"
2026-09-12T20:40:39.634217Z DEBUG logical_optimizer: logical binding uses a legacy path reason="value-producing subquery lowering"
2026-09-12T20:40:39.634843Z DEBUG logical_optimizer: logical binding uses a legacy path reason="value-producing subquery lowering"
2026-09-12T20:40:39.634960Z DEBUG logical_optimizer: logical binding uses a legacy path reason="value-producing subquery lowering"
2026-09-12T20:40:39.638091Z DEBUG logical_optimizer: logical binding uses a legacy path reason="aggregate lowering"
2026-09-12T20:40:39.638563Z DEBUG logical_optimizer: logical binding uses a legacy path reason="aggregate lowering"
2026-09-12T20:40:39.639211Z DEBUG logical_optimizer: logical binding uses a legacy path reason="value-producing subquery lowering"
2026-09-12T20:40:39.639336Z DEBUG logical_optimizer: logical binding uses a legacy path reason="aggregate lowering"
2026-09-12T20:40:39.639458Z DEBUG logical_optimizer: logical binding uses a legacy path reason="aggregate lowering"
2026-09-12T20:40:39.640056Z DEBUG logical_optimizer: logical binding uses a legacy path reason="value-producing subquery lowering"
2026-09-12T20:40:39.640216Z DEBUG logical_optimizer: logical binding uses a legacy path reason="aggregate lowering"
2026-09-12T20:40:39.640345Z DEBUG logical_optimizer: logical binding uses a legacy path reason="aggregate lowering"
2026-09-12T20:40:39.644977Z DEBUG logical_optimizer: logical binding uses a legacy path reason="aggregate lowering"
2026-09-12T20:40:39.645448Z DEBUG logical_optimizer: logical binding uses a legacy path reason="aggregate lowering"
2026-09-12T20:40:39.645855Z DEBUG logical_optimizer: logical binding uses a legacy path reason="aggregate lowering"
2026-09-12T20:40:39.646384Z DEBUG logical_optimizer: logical binding uses a legacy path reason="aggregate lowering"
2026-09-12T20:40:39.646771Z DEBUG logical_optimizer: logical binding uses a legacy path reason="aggregate lowering"
2026-09-12T20:40:39.647392Z DEBUG logical_optimizer: logical binding uses a legacy path reason="aggregate lowering"
2026-09-12T20:40:39.654590Z DEBUG logical_optimizer: logical binding uses a legacy path reason="DISTINCT output mapping"
2026-09-12T20:40:39.655327Z DEBUG logical_optimizer: logical binding uses a legacy path reason="DISTINCT output mapping"
2026-09-12T20:40:39.657082Z TRACE logical_optimizer: declined logical rule rule="PullDependentFilter" reason="right_input_shape"
2026-09-12T20:40:39.657168Z TRACE logical_optimizer: applied logical rule rule="PullDependentFilterOverJoin"
2026-09-12T20:40:39.657223Z TRACE logical_optimizer: applied logical rule rule="MergeSelectInnerJoin"
2026-09-12T20:40:39.657314Z DEBUG logical_optimizer: applied=2 dependent_filters_pulled=1 remaining_dependencies=0 visited=10 exhausted=false
2026-09-12T20:40:39.657817Z TRACE logical_optimizer: declined logical rule rule="PullDependentFilter" reason="right_input_shape"
2026-09-12T20:40:39.657904Z TRACE logical_optimizer: applied logical rule rule="PullDependentFilterOverJoin"
2026-09-12T20:40:39.657958Z TRACE logical_optimizer: applied logical rule rule="MergeSelectInnerJoin"
2026-09-12T20:40:39.658019Z DEBUG logical_optimizer: applied=2 dependent_filters_pulled=1 remaining_dependencies=0 visited=10 exhausted=false
2026-09-12T20:40:39.658500Z TRACE logical_optimizer: declined logical rule rule="PullDependentFilter" reason="right_input_shape"
2026-09-12T20:40:39.658568Z TRACE logical_optimizer: applied logical rule rule="PullDependentFilterOverJoin"
2026-09-12T20:40:39.658620Z TRACE logical_optimizer: applied logical rule rule="MergeSelectInnerJoin"
2026-09-12T20:40:39.658680Z DEBUG logical_optimizer: applied=2 dependent_filters_pulled=1 remaining_dependencies=0 visited=10 exhausted=false
2026-09-12T20:40:39.659345Z TRACE logical_optimizer: declined logical rule rule="PullDependentFilter" reason="right_input_shape"
2026-09-12T20:40:39.659426Z TRACE logical_optimizer: applied logical rule rule="PullDependentFilterOverJoin"
2026-09-12T20:40:39.659485Z TRACE logical_optimizer: applied logical rule rule="MergeSelectInnerJoin"
2026-09-12T20:40:39.659547Z DEBUG logical_optimizer: applied=2 dependent_filters_pulled=1 remaining_dependencies=0 visited=10 exhausted=false
2026-09-12T20:40:39.660377Z DEBUG logical_optimizer: logical binding uses a legacy path reason="DISTINCT output mapping"
2026-09-12T20:40:39.660714Z DEBUG logical_optimizer: logical binding uses a legacy path reason="DISTINCT output mapping"
2026-09-12T20:40:39.660985Z DEBUG logical_optimizer: logical binding uses a legacy path reason="DISTINCT output mapping"
2026-09-12T20:40:39.661458Z DEBUG logical_optimizer: logical binding uses a legacy path reason="DISTINCT output mapping"
2026-09-12T20:40:39.661941Z TRACE logical_optimizer: applied logical rule rule="PullDependentFilter"
2026-09-12T20:40:39.662043Z DEBUG logical_optimizer: applied=1 dependent_filters_pulled=1 remaining_dependencies=0 visited=5 exhausted=false
2026-09-12T20:40:39.662453Z TRACE logical_optimizer: applied logical rule rule="PullDependentFilter"
2026-09-12T20:40:39.662552Z DEBUG logical_optimizer: applied=1 dependent_filters_pulled=1 remaining_dependencies=0 visited=5 exhausted=false
2026-09-12T20:40:39.662964Z TRACE logical_optimizer: applied logical rule rule="PullDependentFilter"
2026-09-12T20:40:39.663072Z DEBUG logical_optimizer: applied=1 dependent_filters_pulled=1 remaining_dependencies=0 visited=5 exhausted=false
2026-09-12T20:40:39.663688Z TRACE logical_optimizer: applied logical rule rule="PullDependentFilter"
2026-09-12T20:40:39.663781Z DEBUG logical_optimizer: applied=1 dependent_filters_pulled=1 remaining_dependencies=0 visited=5 exhausted=false
2026-09-12T20:40:39.664763Z DEBUG logical_optimizer: logical binding uses a legacy path reason="value-producing subquery lowering"
2026-09-12T20:40:39.664880Z DEBUG logical_optimizer: logical binding uses a legacy path reason="value-producing subquery lowering"
2026-09-12T20:40:39.665050Z DEBUG logical_optimizer: logical binding uses a legacy path reason="value-producing subquery lowering"
2026-09-12T20:40:39.666132Z DEBUG logical_optimizer: logical binding uses a legacy path reason="value-producing subquery lowering"
2026-09-12T20:40:39.666258Z DEBUG logical_optimizer: logical binding uses a legacy path reason="value-producing subquery lowering"
2026-09-12T20:40:39.666446Z DEBUG logical_optimizer: logical binding uses a legacy path reason="value-producing subquery lowering"
2026-09-12T20:40:39.667994Z TRACE logical_optimizer: applied logical rule rule="PullDependentFilter"
2026-09-12T20:40:39.668085Z DEBUG logical_optimizer: applied=1 dependent_filters_pulled=1 remaining_dependencies=0 visited=5 exhausted=false
2026-09-12T20:40:39.668574Z TRACE logical_optimizer: applied logical rule rule="PullDependentFilter"
2026-09-12T20:40:39.668668Z DEBUG logical_optimizer: applied=1 dependent_filters_pulled=1 remaining_dependencies=0 visited=5 exhausted=false
2026-09-12T20:40:39.669090Z TRACE logical_optimizer: applied logical rule rule="PullDependentFilter"
2026-09-12T20:40:39.669185Z DEBUG logical_optimizer: applied=1 dependent_filters_pulled=1 remaining_dependencies=0 visited=5 exhausted=false
2026-09-12T20:40:39.669694Z TRACE logical_optimizer: applied logical rule rule="PullDependentFilter"
2026-09-12T20:40:39.669791Z DEBUG logical_optimizer: applied=1 dependent_filters_pulled=1 remaining_dependencies=0 visited=5 exhausted=false
2026-09-12T20:40:39.670784Z DEBUG logical_optimizer: logical binding uses a legacy path reason="aggregate lowering"
2026-09-12T20:40:39.671244Z DEBUG logical_optimizer: logical binding uses a legacy path reason="aggregate lowering"
2026-09-12T20:40:39.677058Z TRACE logical_optimizer: applied logical rule rule="PullDependentFilter"
2026-09-12T20:40:39.677163Z DEBUG logical_optimizer: applied=1 dependent_filters_pulled=1 remaining_dependencies=0 visited=5 exhausted=false
2026-09-12T20:40:39.677557Z TRACE logical_optimizer: applied logical rule rule="PullDependentFilter"
2026-09-12T20:40:39.677641Z DEBUG logical_optimizer: applied=1 dependent_filters_pulled=1 remaining_dependencies=0 visited=5 exhausted=false
2026-09-12T20:40:39.677992Z TRACE logical_optimizer: applied logical rule rule="PullDependentFilter"
2026-09-12T20:40:39.678062Z DEBUG logical_optimizer: applied=1 dependent_filters_pulled=1 remaining_dependencies=0 visited=5 exhausted=false
2026-09-12T20:40:39.678540Z TRACE logical_optimizer: applied logical rule rule="PullDependentFilter"
2026-09-12T20:40:39.678620Z DEBUG logical_optimizer: applied=1 dependent_filters_pulled=1 remaining_dependencies=0 visited=5 exhausted=false
2026-09-12T20:40:39.679451Z DEBUG logical_optimizer: logical binding uses a legacy path reason="DISTINCT output mapping"
2026-09-12T20:40:39.679800Z DEBUG logical_optimizer: logical binding uses a legacy path reason="DISTINCT output mapping"
2026-09-12T20:40:39.680163Z DEBUG logical_optimizer: logical binding uses a legacy path reason="DISTINCT output mapping"
2026-09-12T20:40:39.680611Z DEBUG logical_optimizer: logical binding uses a legacy path reason="DISTINCT output mapping"
2026-09-12T20:40:39.681599Z DEBUG logical_optimizer: logical binding uses a legacy path reason="value-producing subquery lowering"
2026-09-12T20:40:39.681779Z DEBUG logical_optimizer: logical binding uses a legacy path reason="value-producing subquery lowering"
2026-09-12T20:40:39.681873Z DEBUG logical_optimizer: logical binding uses a legacy path reason="aggregate lowering"
2026-09-12T20:40:39.681960Z DEBUG logical_optimizer: logical binding uses a legacy path reason="aggregate lowering"
2026-09-12T20:40:39.682254Z DEBUG logical_optimizer: logical binding uses a legacy path reason="value-producing subquery lowering"
2026-09-12T20:40:39.682338Z DEBUG logical_optimizer: logical binding uses a legacy path reason="aggregate lowering"
2026-09-12T20:40:39.682419Z DEBUG logical_optimizer: logical binding uses a legacy path reason="aggregate lowering"
2026-09-12T20:40:39.683543Z DEBUG logical_optimizer: logical binding uses a legacy path reason="value-producing subquery lowering"
2026-09-12T20:40:39.683706Z DEBUG logical_optimizer: logical binding uses a legacy path reason="value-producing subquery lowering"
2026-09-12T20:40:39.683802Z DEBUG logical_optimizer: logical binding uses a legacy path reason="aggregate lowering"
2026-09-12T20:40:39.683897Z DEBUG logical_optimizer: logical binding uses a legacy path reason="aggregate lowering"
2026-09-12T20:40:39.684200Z DEBUG logical_optimizer: logical binding uses a legacy path reason="value-producing subquery lowering"
2026-09-12T20:40:39.684280Z DEBUG logical_optimizer: logical binding uses a legacy path reason="aggregate lowering"
2026-09-12T20:40:39.684371Z DEBUG logical_optimizer: logical binding uses a legacy path reason="aggregate lowering"
2026-09-12T20:40:39.685529Z DEBUG logical_optimizer: logical binding uses a legacy path reason="value-producing subquery lowering"
2026-09-12T20:40:39.685759Z DEBUG logical_optimizer: logical binding uses a legacy path reason="value-producing subquery lowering"
2026-09-12T20:40:39.685860Z DEBUG logical_optimizer: logical binding uses a legacy path reason="aggregate lowering"
2026-09-12T20:40:39.685951Z DEBUG logical_optimizer: logical binding uses a legacy path reason="aggregate lowering"
2026-09-12T20:40:39.687660Z DEBUG logical_optimizer: logical binding uses a legacy path reason="value-producing subquery lowering"
2026-09-12T20:40:39.687862Z DEBUG logical_optimizer: logical binding uses a legacy path reason="value-producing subquery lowering"
2026-09-12T20:40:39.687952Z DEBUG logical_optimizer: logical binding uses a legacy path reason="aggregate lowering"
2026-09-12T20:40:39.688037Z DEBUG logical_optimizer: logical binding uses a legacy path reason="aggregate lowering"
2026-09-12T20:40:39.689573Z DEBUG logical_optimizer: logical binding uses a legacy path reason="aggregate lowering"
2026-09-12T20:40:39.689668Z DEBUG logical_optimizer: logical binding uses a legacy path reason="aggregate lowering"
2026-09-12T20:40:39.689756Z DEBUG logical_optimizer: logical binding uses a legacy path reason="value-producing subquery lowering"
2026-09-12T20:40:39.690490Z DEBUG logical_optimizer: logical binding uses a legacy path reason="aggregate lowering"
2026-09-12T20:40:39.690589Z DEBUG logical_optimizer: logical binding uses a legacy path reason="aggregate lowering"
2026-09-12T20:40:39.690701Z DEBUG logical_optimizer: logical binding uses a legacy path reason="value-producing subquery lowering"
2026-09-12T20:40:39.691483Z DEBUG logical_optimizer: logical binding uses a legacy path reason="aggregate lowering"
2026-09-12T20:40:39.691960Z DEBUG logical_optimizer: logical binding uses a legacy path reason="aggregate lowering"
2026-09-12T20:40:39.692487Z TRACE logical_optimizer: applied logical rule rule="PullDependentFilter"
2026-09-12T20:40:39.692591Z DEBUG logical_optimizer: applied=1 dependent_filters_pulled=1 remaining_dependencies=0 visited=5 exhausted=false
2026-09-12T20:40:39.693011Z TRACE logical_optimizer: applied logical rule rule="PullDependentFilter"
2026-09-12T20:40:39.693104Z DEBUG logical_optimizer: applied=1 dependent_filters_pulled=1 remaining_dependencies=0 visited=5 exhausted=false
2026-09-12T20:40:39.693626Z TRACE logical_optimizer: applied logical rule rule="PullDependentFilter"
2026-09-12T20:40:39.693720Z DEBUG logical_optimizer: applied=1 dependent_filters_pulled=1 remaining_dependencies=0 visited=5 exhausted=false
2026-09-12T20:40:39.694302Z TRACE logical_optimizer: applied logical rule rule="PullDependentFilter"
2026-09-12T20:40:39.694388Z DEBUG logical_optimizer: applied=1 dependent_filters_pulled=1 remaining_dependencies=0 visited=5 exhausted=false
2026-09-12T20:40:39.695568Z DEBUG logical_optimizer: logical binding uses a legacy path reason="value-producing subquery lowering"
2026-09-12T20:40:39.696094Z DEBUG logical_optimizer: logical binding uses a legacy path reason="value-producing subquery lowering"
2026-09-12T20:40:39.696773Z DEBUG logical_optimizer: logical binding uses a legacy path reason="value-producing subquery lowering"
2026-09-12T20:40:39.697431Z DEBUG logical_optimizer: logical binding uses a legacy path reason="value-producing subquery lowering"
2026-09-12T20:40:39.698501Z DEBUG logical_optimizer: logical binding uses a legacy path reason="value-producing subquery lowering"
2026-09-12T20:40:39.698616Z DEBUG logical_optimizer: logical binding uses a legacy path reason="value-producing subquery lowering"
2026-09-12T20:40:39.698735Z DEBUG logical_optimizer: logical binding uses a legacy path reason="value-producing subquery lowering"
2026-09-12T20:40:39.699392Z DEBUG logical_optimizer: logical binding uses a legacy path reason="value-producing subquery lowering"
2026-09-12T20:40:39.699523Z DEBUG logical_optimizer: logical binding uses a legacy path reason="value-producing subquery lowering"
2026-09-12T20:40:39.699712Z DEBUG logical_optimizer: logical binding uses a legacy path reason="value-producing subquery lowering"
2026-09-12T20:40:39.700401Z DEBUG logical_optimizer: logical binding uses a legacy path reason="value-producing subquery lowering"
2026-09-12T20:40:39.700547Z DEBUG logical_optimizer: logical binding uses a legacy path reason="value-producing subquery lowering"
2026-09-12T20:40:39.700778Z DEBUG logical_optimizer: logical binding uses a legacy path reason="value-producing subquery lowering"
2026-09-12T20:40:39.703991Z TRACE logical_optimizer: applied logical rule rule="PullDependentFilter"
2026-09-12T20:40:39.704137Z DEBUG logical_optimizer: applied=1 dependent_filters_pulled=1 remaining_dependencies=0 visited=5 exhausted=false
2026-09-12T20:40:39.704772Z TRACE logical_optimizer: applied logical rule rule="PullDependentFilter"
2026-09-12T20:40:39.704875Z DEBUG logical_optimizer: applied=1 dependent_filters_pulled=1 remaining_dependencies=0 visited=5 exhausted=false
2026-09-12T20:40:39.705478Z TRACE logical_optimizer: applied logical rule rule="PullDependentFilter"
2026-09-12T20:40:39.705591Z DEBUG logical_optimizer: applied=1 dependent_filters_pulled=1 remaining_dependencies=0 visited=5 exhausted=false
2026-09-12T20:40:39.706463Z TRACE logical_optimizer: applied logical rule rule="PullDependentFilter"
2026-09-12T20:40:39.706648Z DEBUG logical_optimizer: applied=1 dependent_filters_pulled=1 remaining_dependencies=0 visited=5 exhausted=false
2026-09-12T20:40:39.711442Z TRACE logical_optimizer: declined logical rule rule="PullDependentFilter" reason="right_input_shape"
2026-09-12T20:40:39.711551Z TRACE logical_optimizer: applied logical rule rule="PullDependentFilterOverJoin"
2026-09-12T20:40:39.711611Z TRACE logical_optimizer: applied logical rule rule="MergeSelectInnerJoin"
2026-09-12T20:40:39.711677Z DEBUG logical_optimizer: applied=2 dependent_filters_pulled=1 remaining_dependencies=0 visited=10 exhausted=false
2026-09-12T20:40:39.712204Z TRACE logical_optimizer: declined logical rule rule="PullDependentFilter" reason="right_input_shape"
2026-09-12T20:40:39.712303Z TRACE logical_optimizer: applied logical rule rule="PullDependentFilterOverJoin"
2026-09-12T20:40:39.712377Z TRACE logical_optimizer: applied logical rule rule="MergeSelectInnerJoin"
2026-09-12T20:40:39.712443Z DEBUG logical_optimizer: applied=2 dependent_filters_pulled=1 remaining_dependencies=0 visited=10 exhausted=false
2026-09-12T20:40:39.712999Z TRACE logical_optimizer: declined logical rule rule="PullDependentFilter" reason="right_input_shape"
2026-09-12T20:40:39.713107Z TRACE logical_optimizer: applied logical rule rule="PullDependentFilterOverJoin"
2026-09-12T20:40:39.713178Z TRACE logical_optimizer: applied logical rule rule="MergeSelectInnerJoin"
2026-09-12T20:40:39.713263Z DEBUG logical_optimizer: applied=2 dependent_filters_pulled=1 remaining_dependencies=0 visited=10 exhausted=false
2026-09-12T20:40:39.714027Z TRACE logical_optimizer: declined logical rule rule="PullDependentFilter" reason="right_input_shape"
2026-09-12T20:40:39.714116Z TRACE logical_optimizer: applied logical rule rule="PullDependentFilterOverJoin"
2026-09-12T20:40:39.714196Z TRACE logical_optimizer: applied logical rule rule="MergeSelectInnerJoin"
2026-09-12T20:40:39.714273Z DEBUG logical_optimizer: applied=2 dependent_filters_pulled=1 remaining_dependencies=0 visited=10 exhausted=false
2026-09-12T20:40:39.715293Z TRACE logical_optimizer: declined logical rule rule="PullDependentFilter" reason="right_input_shape"
2026-09-12T20:40:39.715380Z TRACE logical_optimizer: applied logical rule rule="PullDependentFilterOverJoin"
2026-09-12T20:40:39.715443Z TRACE logical_optimizer: applied logical rule rule="MergeSelectInnerJoin"
2026-09-12T20:40:39.715519Z DEBUG logical_optimizer: applied=2 dependent_filters_pulled=1 remaining_dependencies=0 visited=10 exhausted=false
2026-09-12T20:40:39.716073Z TRACE logical_optimizer: declined logical rule rule="PullDependentFilter" reason="right_input_shape"
2026-09-12T20:40:39.716304Z TRACE logical_optimizer: applied logical rule rule="PullDependentFilterOverJoin"
2026-09-12T20:40:39.716399Z TRACE logical_optimizer: applied logical rule rule="MergeSelectInnerJoin"
2026-09-12T20:40:39.716478Z DEBUG logical_optimizer: applied=2 dependent_filters_pulled=1 remaining_dependencies=0 visited=10 exhausted=false
2026-09-12T20:40:39.717346Z TRACE logical_optimizer: declined logical rule rule="PullDependentFilter" reason="right_input_shape"
2026-09-12T20:40:39.717449Z TRACE logical_optimizer: applied logical rule rule="PullDependentFilterOverJoin"
2026-09-12T20:40:39.717506Z TRACE logical_optimizer: applied logical rule rule="MergeSelectInnerJoin"
2026-09-12T20:40:39.717573Z DEBUG logical_optimizer: applied=2 dependent_filters_pulled=1 remaining_dependencies=0 visited=10 exhausted=false
2026-09-12T20:40:39.718600Z TRACE logical_optimizer: declined logical rule rule="PullDependentFilter" reason="right_input_shape"
2026-09-12T20:40:39.718713Z TRACE logical_optimizer: applied logical rule rule="PullDependentFilterOverJoin"
2026-09-12T20:40:39.718790Z TRACE logical_optimizer: applied logical rule rule="MergeSelectInnerJoin"
2026-09-12T20:40:39.718859Z DEBUG logical_optimizer: applied=2 dependent_filters_pulled=1 remaining_dependencies=0 visited=10 exhausted=false
2026-09-12T20:40:39.724522Z TRACE logical_optimizer: applied logical rule rule="PullDependentFilter"
2026-09-12T20:40:39.724675Z DEBUG logical_optimizer: applied=1 dependent_filters_pulled=1 remaining_dependencies=0 visited=6 exhausted=false
2026-09-12T20:40:39.725372Z TRACE logical_optimizer: applied logical rule rule="PullDependentFilter"
2026-09-12T20:40:39.725455Z DEBUG logical_optimizer: applied=1 dependent_filters_pulled=1 remaining_dependencies=0 visited=6 exhausted=false
2026-09-12T20:40:39.726273Z DEBUG logical_optimizer: logical binding uses a legacy path reason="value-producing subquery lowering"
2026-09-12T20:40:39.727052Z DEBUG logical_optimizer: logical binding uses a legacy path reason="value-producing subquery lowering"
2026-09-12T20:40:39.733208Z TRACE logical_optimizer: declined logical rule rule="PullDependentFilter" reason="right_input_shape"
2026-09-12T20:40:39.733331Z TRACE logical_optimizer: applied logical rule rule="PullDependentFilterOverJoin"
2026-09-12T20:40:39.733410Z TRACE logical_optimizer: applied logical rule rule="MergeSelectInnerJoin"
2026-09-12T20:40:39.733532Z DEBUG logical_optimizer: applied=2 dependent_filters_pulled=1 remaining_dependencies=0 visited=10 exhausted=false
2026-09-12T20:40:39.734182Z TRACE logical_optimizer: declined logical rule rule="PullDependentFilter" reason="right_input_shape"
2026-09-12T20:40:39.734280Z TRACE logical_optimizer: applied logical rule rule="PullDependentFilterOverJoin"
2026-09-12T20:40:39.734358Z TRACE logical_optimizer: applied logical rule rule="MergeSelectInnerJoin"
2026-09-12T20:40:39.734452Z DEBUG logical_optimizer: applied=2 dependent_filters_pulled=1 remaining_dependencies=0 visited=10 exhausted=false
2026-09-12T20:40:39.735228Z TRACE logical_optimizer: declined logical rule rule="PullDependentFilter" reason="right_input_shape"
2026-09-12T20:40:39.735336Z TRACE logical_optimizer: applied logical rule rule="PullDependentFilterOverJoin"
2026-09-12T20:40:39.735414Z TRACE logical_optimizer: applied logical rule rule="MergeSelectInnerJoin"
2026-09-12T20:40:39.735518Z DEBUG logical_optimizer: applied=2 dependent_filters_pulled=1 remaining_dependencies=0 visited=10 exhausted=false
2026-09-12T20:40:39.736377Z TRACE logical_optimizer: declined logical rule rule="PullDependentFilter" reason="right_input_shape"
2026-09-12T20:40:39.736491Z TRACE logical_optimizer: applied logical rule rule="PullDependentFilterOverJoin"
2026-09-12T20:40:39.736589Z TRACE logical_optimizer: applied logical rule rule="MergeSelectInnerJoin"
2026-09-12T20:40:39.736688Z DEBUG logical_optimizer: applied=2 dependent_filters_pulled=1 remaining_dependencies=0 visited=10 exhausted=false
2026-09-12T20:40:39.745482Z DEBUG logical_optimizer: logical binding uses a legacy path reason="value-producing subquery lowering"
2026-09-12T20:40:39.745617Z DEBUG logical_optimizer: logical binding uses a legacy path reason="aggregate lowering"
2026-09-12T20:40:39.746037Z DEBUG logical_optimizer: logical binding uses a legacy path reason="value-producing subquery lowering"
2026-09-12T20:40:39.746126Z DEBUG logical_optimizer: logical binding uses a legacy path reason="aggregate lowering"
2026-09-12T20:40:39.746495Z DEBUG logical_optimizer: logical binding uses a legacy path reason="value-producing subquery lowering"
2026-09-12T20:40:39.746574Z DEBUG logical_optimizer: logical binding uses a legacy path reason="aggregate lowering"
2026-09-12T20:40:39.747665Z DEBUG logical_optimizer: logical binding uses a legacy path reason="aggregate lowering"
2026-09-12T20:40:39.747758Z DEBUG logical_optimizer: logical binding uses a legacy path reason="aggregate lowering"
2026-09-12T20:40:39.748330Z DEBUG logical_optimizer: logical binding uses a legacy path reason="aggregate lowering"
2026-09-12T20:40:39.748422Z DEBUG logical_optimizer: logical binding uses a legacy path reason="aggregate lowering"
2026-09-12T20:40:39.748942Z DEBUG logical_optimizer: logical binding uses a legacy path reason="aggregate lowering"
2026-09-12T20:40:39.749023Z DEBUG logical_optimizer: logical binding uses a legacy path reason="aggregate lowering"
2026-09-12T20:40:39.749775Z DEBUG logical_optimizer: logical binding uses a legacy path reason="aggregate lowering"
2026-09-12T20:40:39.749864Z DEBUG logical_optimizer: logical binding uses a legacy path reason="aggregate lowering"
2026-09-12T20:40:39.750643Z DEBUG logical_optimizer: logical binding uses a legacy path reason="aggregate lowering"
2026-09-12T20:40:39.751310Z DEBUG logical_optimizer: logical binding uses a legacy path reason="aggregate lowering"
2026-09-12T20:40:39.752938Z DEBUG logical_optimizer: logical binding uses a legacy path reason="value-producing subquery lowering"
2026-09-12T20:40:39.753061Z DEBUG logical_optimizer: logical binding uses a legacy path reason="aggregate lowering"
2026-09-12T20:40:39.753655Z DEBUG logical_optimizer: logical binding uses a legacy path reason="value-producing subquery lowering"
2026-09-12T20:40:39.753773Z DEBUG logical_optimizer: logical binding uses a legacy path reason="aggregate lowering"
2026-09-12T20:40:39.754297Z DEBUG logical_optimizer: logical binding uses a legacy path reason="value-producing subquery lowering"
2026-09-12T20:40:39.754411Z DEBUG logical_optimizer: logical binding uses a legacy path reason="aggregate lowering"
2026-09-12T20:40:39.755185Z DEBUG logical_optimizer: logical binding uses a legacy path reason="value-producing subquery lowering"
2026-09-12T20:40:39.755303Z DEBUG logical_optimizer: logical binding uses a legacy path reason="aggregate lowering"
2026-09-12T20:40:39.756031Z DEBUG logical_optimizer: logical binding uses a legacy path reason="value-producing subquery lowering"
2026-09-12T20:40:39.756645Z DEBUG logical_optimizer: logical binding uses a legacy path reason="value-producing subquery lowering"
2026-09-12T20:40:39.760605Z TRACE logical_optimizer: declined logical rule rule="PullDependentFilter" reason="right_input_shape"
2026-09-12T20:40:39.760738Z TRACE logical_optimizer: applied logical rule rule="PullDependentFilterOverJoin"
2026-09-12T20:40:39.760832Z TRACE logical_optimizer: applied logical rule rule="MergeSelectInnerJoin"
2026-09-12T20:40:39.760939Z DEBUG logical_optimizer: applied=2 dependent_filters_pulled=1 remaining_dependencies=0 visited=10 exhausted=false
2026-09-12T20:40:39.761613Z TRACE logical_optimizer: declined logical rule rule="PullDependentFilter" reason="right_input_shape"
2026-09-12T20:40:39.761729Z TRACE logical_optimizer: applied logical rule rule="PullDependentFilterOverJoin"
2026-09-12T20:40:39.761814Z TRACE logical_optimizer: applied logical rule rule="MergeSelectInnerJoin"
2026-09-12T20:40:39.761920Z DEBUG logical_optimizer: applied=2 dependent_filters_pulled=1 remaining_dependencies=0 visited=10 exhausted=false
2026-09-12T20:40:39.762640Z TRACE logical_optimizer: declined logical rule rule="PullDependentFilter" reason="right_input_shape"
2026-09-12T20:40:39.762786Z TRACE logical_optimizer: applied logical rule rule="PullDependentFilterOverJoin"
2026-09-12T20:40:39.762879Z TRACE logical_optimizer: applied logical rule rule="MergeSelectInnerJoin"
2026-09-12T20:40:39.762977Z DEBUG logical_optimizer: applied=2 dependent_filters_pulled=1 remaining_dependencies=0 visited=10 exhausted=false
2026-09-12T20:40:39.763843Z TRACE logical_optimizer: declined logical rule rule="PullDependentFilter" reason="right_input_shape"
2026-09-12T20:40:39.763952Z TRACE logical_optimizer: applied logical rule rule="PullDependentFilterOverJoin"
2026-09-12T20:40:39.764037Z TRACE logical_optimizer: applied logical rule rule="MergeSelectInnerJoin"
2026-09-12T20:40:39.764139Z DEBUG logical_optimizer: applied=2 dependent_filters_pulled=1 remaining_dependencies=0 visited=10 exhausted=false
2026-09-12T20:40:39.765189Z DEBUG logical_optimizer: logical binding uses a legacy path reason="value-producing subquery lowering"
2026-09-12T20:40:39.765527Z DEBUG logical_optimizer: logical binding uses a legacy path reason="value-producing subquery lowering"
2026-09-12T20:40:39.765924Z DEBUG logical_optimizer: logical binding uses a legacy path reason="value-producing subquery lowering"
2026-09-12T20:40:39.766425Z DEBUG logical_optimizer: logical binding uses a legacy path reason="value-producing subquery lowering"
2026-09-12T20:40:39.771424Z DEBUG logical_optimizer: logical binding uses a legacy path reason="scalar execution resource or subquery result"
2026-09-12T20:40:39.771868Z DEBUG logical_optimizer: logical binding uses a legacy path reason="scalar execution resource or subquery result"
2026-09-12T20:40:39.772277Z DEBUG logical_optimizer: logical binding uses a legacy path reason="scalar execution resource or subquery result"
2026-09-12T20:40:39.772926Z DEBUG logical_optimizer: logical binding uses a legacy path reason="value-producing subquery lowering"
2026-09-12T20:40:39.773021Z DEBUG logical_optimizer: logical binding uses a legacy path reason="value-producing subquery lowering"
2026-09-12T20:40:39.773111Z DEBUG logical_optimizer: logical binding uses a legacy path reason="value-producing subquery lowering"
2026-09-12T20:40:39.773652Z DEBUG logical_optimizer: logical binding uses a legacy path reason="value-producing subquery lowering"
2026-09-12T20:40:39.773765Z DEBUG logical_optimizer: logical binding uses a legacy path reason="value-producing subquery lowering"
2026-09-12T20:40:39.773870Z DEBUG logical_optimizer: logical binding uses a legacy path reason="value-producing subquery lowering"
2026-09-12T20:40:39.774454Z DEBUG logical_optimizer: logical binding uses a legacy path reason="value-producing subquery lowering"
2026-09-12T20:40:39.774540Z DEBUG logical_optimizer: logical binding uses a legacy path reason="value-producing subquery lowering"
2026-09-12T20:40:39.774638Z DEBUG logical_optimizer: logical binding uses a legacy path reason="value-producing subquery lowering"
2026-09-12T20:40:39.776426Z TRACE logical_optimizer: applied logical rule rule="PullDependentFilter"
2026-09-12T20:40:39.776498Z DEBUG logical_optimizer: applied=1 dependent_filters_pulled=1 remaining_dependencies=0 visited=5 exhausted=false
2026-09-12T20:40:39.776895Z TRACE logical_optimizer: applied logical rule rule="PullDependentFilter"
2026-09-12T20:40:39.776988Z DEBUG logical_optimizer: applied=1 dependent_filters_pulled=1 remaining_dependencies=0 visited=5 exhausted=false
2026-09-12T20:40:39.777418Z TRACE logical_optimizer: applied logical rule rule="PullDependentFilter"
2026-09-12T20:40:39.777488Z DEBUG logical_optimizer: applied=1 dependent_filters_pulled=1 remaining_dependencies=0 visited=5 exhausted=false
2026-09-12T20:40:39.777994Z TRACE logical_optimizer: applied logical rule rule="PullDependentFilter"
2026-09-12T20:40:39.778077Z DEBUG logical_optimizer: applied=1 dependent_filters_pulled=1 remaining_dependencies=0 visited=5 exhausted=false
2026-09-12T20:40:39.778923Z TRACE logical_optimizer: applied logical rule rule="PullDependentFilter"
2026-09-12T20:40:39.779045Z DEBUG logical_optimizer: applied=1 dependent_filters_pulled=1 remaining_dependencies=0 visited=6 exhausted=false
2026-09-12T20:40:39.779447Z TRACE logical_optimizer: applied logical rule rule="PullDependentFilter"
2026-09-12T20:40:39.779528Z DEBUG logical_optimizer: applied=1 dependent_filters_pulled=1 remaining_dependencies=0 visited=6 exhausted=false
2026-09-12T20:40:39.780707Z DEBUG logical_optimizer: logical binding uses a legacy path reason="value-producing subquery lowering"
2026-09-12T20:40:39.780867Z DEBUG logical_optimizer: logical binding uses a legacy path reason="value-producing subquery lowering"
2026-09-12T20:40:39.781598Z DEBUG logical_optimizer: logical binding uses a legacy path reason="value-producing subquery lowering"
2026-09-12T20:40:39.781750Z DEBUG logical_optimizer: logical binding uses a legacy path reason="value-producing subquery lowering"
2026-09-12T20:40:39.782975Z DEBUG logical_optimizer: logical binding uses a legacy path reason="aggregate lowering"
2026-09-12T20:40:39.783160Z DEBUG logical_optimizer: logical binding uses a legacy path reason="scalar execution resource or subquery result"
2026-09-12T20:40:39.783826Z DEBUG logical_optimizer: logical binding uses a legacy path reason="aggregate lowering"
2026-09-12T20:40:39.783969Z DEBUG logical_optimizer: logical binding uses a legacy path reason="scalar execution resource or subquery result"
2026-09-12T20:40:39.784792Z DEBUG logical_optimizer: logical binding uses a legacy path reason="aggregate lowering"
2026-09-12T20:40:39.784908Z DEBUG logical_optimizer: logical binding uses a legacy path reason="aggregate lowering"
2026-09-12T20:40:39.785002Z DEBUG logical_optimizer: logical binding uses a legacy path reason="scalar execution resource or subquery result"
2026-09-12T20:40:39.785091Z DEBUG logical_optimizer: logical binding uses a legacy path reason="value-producing subquery lowering"
2026-09-12T20:40:39.786325Z DEBUG logical_optimizer: logical binding uses a legacy path reason="aggregate lowering"
2026-09-12T20:40:39.786465Z DEBUG logical_optimizer: logical binding uses a legacy path reason="aggregate lowering"
2026-09-12T20:40:39.786612Z DEBUG logical_optimizer: logical binding uses a legacy path reason="scalar execution resource or subquery result"
2026-09-12T20:40:39.786763Z DEBUG logical_optimizer: logical binding uses a legacy path reason="value-producing subquery lowering"
2026-09-12T20:40:39.787706Z DEBUG logical_optimizer: logical binding uses a legacy path reason="aggregate lowering"
2026-09-12T20:40:39.787841Z DEBUG logical_optimizer: logical binding uses a legacy path reason="aggregate lowering"
2026-09-12T20:40:39.787976Z DEBUG logical_optimizer: logical binding uses a legacy path reason="scalar execution resource or subquery result"
2026-09-12T20:40:39.788162Z DEBUG logical_optimizer: logical binding uses a legacy path reason="value-producing subquery lowering"
2026-09-12T20:40:39.795501Z DEBUG logical_optimizer: logical binding uses a legacy path reason="aggregate lowering"
2026-09-12T20:40:39.795617Z DEBUG logical_optimizer: logical binding uses a legacy path reason="value-producing subquery lowering"
2026-09-12T20:40:39.796222Z DEBUG logical_optimizer: logical binding uses a legacy path reason="aggregate lowering"
2026-09-12T20:40:39.796326Z DEBUG logical_optimizer: logical binding uses a legacy path reason="value-producing subquery lowering"
2026-09-12T20:40:39.797262Z DEBUG logical_optimizer: logical binding uses a legacy path reason="aggregate lowering"
2026-09-12T20:40:39.797922Z DEBUG logical_optimizer: logical binding uses a legacy path reason="aggregate lowering"
2026-09-12T20:40:39.799089Z TRACE logical_optimizer: applied logical rule rule="PullDependentFilter"
2026-09-12T20:40:39.799183Z DEBUG logical_optimizer: applied=1 dependent_filters_pulled=1 remaining_dependencies=0 visited=5 exhausted=false
2026-09-12T20:40:39.799559Z TRACE logical_optimizer: applied logical rule rule="PullDependentFilter"
2026-09-12T20:40:39.799639Z DEBUG logical_optimizer: applied=1 dependent_filters_pulled=1 remaining_dependencies=0 visited=5 exhausted=false
2026-09-12T20:40:39.800051Z TRACE logical_optimizer: applied logical rule rule="PullDependentFilter"
2026-09-12T20:40:39.800114Z DEBUG logical_optimizer: applied=1 dependent_filters_pulled=1 remaining_dependencies=0 visited=5 exhausted=false
2026-09-12T20:40:39.800603Z TRACE logical_optimizer: applied logical rule rule="PullDependentFilter"
2026-09-12T20:40:39.800679Z DEBUG logical_optimizer: applied=1 dependent_filters_pulled=1 remaining_dependencies=0 visited=5 exhausted=false
2026-09-12T20:40:39.801448Z DEBUG logical_optimizer: logical binding uses a legacy path reason="DISTINCT output mapping"
2026-09-12T20:40:39.801848Z DEBUG logical_optimizer: logical binding uses a legacy path reason="DISTINCT output mapping"
2026-09-12T20:40:39.802931Z DEBUG logical_optimizer: logical binding uses a legacy path reason="aggregate lowering"
2026-09-12T20:40:39.803133Z DEBUG logical_optimizer: logical binding uses a legacy path reason="value-producing subquery lowering"
2026-09-12T20:40:39.804060Z DEBUG logical_optimizer: logical binding uses a legacy path reason="aggregate lowering"
2026-09-12T20:40:39.804280Z DEBUG logical_optimizer: logical binding uses a legacy path reason="value-producing subquery lowering"
2026-09-12T20:40:39.804952Z DEBUG logical_optimizer: logical binding uses a legacy path reason="aggregate lowering"
2026-09-12T20:40:39.805146Z DEBUG logical_optimizer: logical binding uses a legacy path reason="value-producing subquery lowering"
2026-09-12T20:40:39.806400Z DEBUG logical_optimizer: logical binding uses a legacy path reason="aggregate lowering"
2026-09-12T20:40:39.806592Z DEBUG logical_optimizer: logical binding uses a legacy path reason="value-producing subquery lowering"
2026-09-12T20:40:39.807702Z DEBUG logical_optimizer: logical binding uses a legacy path reason="aggregate lowering"
2026-09-12T20:40:39.807824Z DEBUG logical_optimizer: logical binding uses a legacy path reason="aggregate lowering"
2026-09-12T20:40:39.807941Z DEBUG logical_optimizer: logical binding uses a legacy path reason="value-producing subquery lowering"
2026-09-12T20:40:39.808695Z DEBUG logical_optimizer: logical binding uses a legacy path reason="aggregate lowering"
2026-09-12T20:40:39.808820Z DEBUG logical_optimizer: logical binding uses a legacy path reason="aggregate lowering"
2026-09-12T20:40:39.808934Z DEBUG logical_optimizer: logical binding uses a legacy path reason="value-producing subquery lowering"
2026-09-12T20:40:39.809553Z DEBUG logical_optimizer: logical binding uses a legacy path reason="aggregate lowering"
2026-09-12T20:40:39.809678Z DEBUG logical_optimizer: logical binding uses a legacy path reason="aggregate lowering"
2026-09-12T20:40:39.809791Z DEBUG logical_optimizer: logical binding uses a legacy path reason="value-producing subquery lowering"
2026-09-12T20:40:39.811295Z DEBUG logical_optimizer: logical binding uses a legacy path reason="aggregate lowering"
2026-09-12T20:40:39.811936Z DEBUG logical_optimizer: logical binding uses a legacy path reason="aggregate lowering"
2026-09-12T20:40:39.812626Z DEBUG logical_optimizer: logical binding uses a legacy path reason="aggregate lowering"
2026-09-12T20:40:39.813287Z DEBUG logical_optimizer: logical binding uses a legacy path reason="aggregate lowering"
2026-09-12T20:40:39.815612Z TRACE logical_optimizer: applied logical rule rule="PullDependentFilter"
2026-09-12T20:40:39.815726Z DEBUG logical_optimizer: applied=1 dependent_filters_pulled=1 remaining_dependencies=0 visited=5 exhausted=false
2026-09-12T20:40:39.816187Z TRACE logical_optimizer: applied logical rule rule="PullDependentFilter"
2026-09-12T20:40:39.816281Z DEBUG logical_optimizer: applied=1 dependent_filters_pulled=1 remaining_dependencies=0 visited=5 exhausted=false
2026-09-12T20:40:39.816691Z TRACE logical_optimizer: applied logical rule rule="PullDependentFilter"
2026-09-12T20:40:39.816791Z DEBUG logical_optimizer: applied=1 dependent_filters_pulled=1 remaining_dependencies=0 visited=5 exhausted=false
2026-09-12T20:40:39.817298Z TRACE logical_optimizer: applied logical rule rule="PullDependentFilter"
2026-09-12T20:40:39.817434Z DEBUG logical_optimizer: applied=1 dependent_filters_pulled=1 remaining_dependencies=0 visited=5 exhausted=false
2026-09-12T20:40:39.818406Z DEBUG logical_optimizer: logical binding uses a legacy path reason="value-producing subquery lowering"
2026-09-12T20:40:39.818881Z DEBUG logical_optimizer: logical binding uses a legacy path reason="value-producing subquery lowering"
2026-09-12T20:40:39.819963Z DEBUG logical_optimizer: logical binding uses a legacy path reason="value-producing subquery lowering"
2026-09-12T20:40:39.820108Z DEBUG logical_optimizer: logical binding uses a legacy path reason="aggregate lowering"
2026-09-12T20:40:39.820258Z DEBUG logical_optimizer: logical binding uses a legacy path reason="value-producing subquery lowering"
2026-09-12T20:40:39.821192Z DEBUG logical_optimizer: logical binding uses a legacy path reason="value-producing subquery lowering"
2026-09-12T20:40:39.821311Z DEBUG logical_optimizer: logical binding uses a legacy path reason="aggregate lowering"
2026-09-12T20:40:39.821430Z DEBUG logical_optimizer: logical binding uses a legacy path reason="value-producing subquery lowering"
2026-09-12T20:40:39.823416Z DEBUG logical_optimizer: logical binding uses a legacy path reason="DISTINCT output mapping"
2026-09-12T20:40:39.823552Z DEBUG logical_optimizer: logical binding uses a legacy path reason="value-producing subquery lowering"
2026-09-12T20:40:39.824163Z DEBUG logical_optimizer: logical binding uses a legacy path reason="DISTINCT output mapping"
2026-09-12T20:40:39.824285Z DEBUG logical_optimizer: logical binding uses a legacy path reason="value-producing subquery lowering"
2026-09-12T20:40:39.824804Z TRACE logical_optimizer: declined logical rule rule="PullDependentFilter" reason="right_input_shape"
2026-09-12T20:40:39.824915Z TRACE logical_optimizer: applied logical rule rule="PullDependentFilterOverJoin"
2026-09-12T20:40:39.825004Z TRACE logical_optimizer: applied logical rule rule="MergeSelectInnerJoin"
2026-09-12T20:40:39.825109Z DEBUG logical_optimizer: applied=2 dependent_filters_pulled=1 remaining_dependencies=0 visited=10 exhausted=false
2026-09-12T20:40:39.825770Z TRACE logical_optimizer: declined logical rule rule="PullDependentFilter" reason="right_input_shape"
2026-09-12T20:40:39.825884Z TRACE logical_optimizer: applied logical rule rule="PullDependentFilterOverJoin"
2026-09-12T20:40:39.825967Z TRACE logical_optimizer: applied logical rule rule="MergeSelectInnerJoin"
2026-09-12T20:40:39.826063Z DEBUG logical_optimizer: applied=2 dependent_filters_pulled=1 remaining_dependencies=0 visited=10 exhausted=false
2026-09-12T20:40:39.826690Z TRACE logical_optimizer: declined logical rule rule="PullDependentFilter" reason="right_input_shape"
2026-09-12T20:40:39.826801Z TRACE logical_optimizer: applied logical rule rule="PullDependentFilterOverJoin"
2026-09-12T20:40:39.826880Z TRACE logical_optimizer: applied logical rule rule="MergeSelectInnerJoin"
2026-09-12T20:40:39.826972Z DEBUG logical_optimizer: applied=2 dependent_filters_pulled=1 remaining_dependencies=0 visited=10 exhausted=false
2026-09-12T20:40:39.827844Z TRACE logical_optimizer: declined logical rule rule="PullDependentFilter" reason="right_input_shape"
2026-09-12T20:40:39.827952Z TRACE logical_optimizer: applied logical rule rule="PullDependentFilterOverJoin"
2026-09-12T20:40:39.828041Z TRACE logical_optimizer: applied logical rule rule="MergeSelectInnerJoin"
2026-09-12T20:40:39.828150Z DEBUG logical_optimizer: applied=2 dependent_filters_pulled=1 remaining_dependencies=0 visited=10 exhausted=false
2026-09-12T20:40:39.829462Z DEBUG logical_optimizer: logical binding uses a legacy path reason="scalar execution resource or subquery result"
2026-09-12T20:40:39.829857Z DEBUG logical_optimizer: logical binding uses a legacy path reason="scalar execution resource or subquery result"
2026-09-12T20:40:39.830358Z DEBUG logical_optimizer: logical binding uses a legacy path reason="value-producing subquery lowering"
2026-09-12T20:40:39.830892Z DEBUG logical_optimizer: logical binding uses a legacy path reason="value-producing subquery lowering"
2026-09-12T20:40:39.832049Z DEBUG logical_optimizer: logical binding uses a legacy path reason="aggregate lowering"
2026-09-12T20:40:39.832555Z DEBUG logical_optimizer: logical binding uses a legacy path reason="aggregate lowering"
2026-09-12T20:40:39.833073Z DEBUG logical_optimizer: logical binding uses a legacy path reason="aggregate lowering"
2026-09-12T20:40:39.833806Z DEBUG logical_optimizer: logical binding uses a legacy path reason="aggregate lowering"
2026-09-12T20:40:39.834237Z DEBUG logical_optimizer: logical binding uses a legacy path reason="aggregate lowering"
2026-09-12T20:40:39.834667Z DEBUG logical_optimizer: logical binding uses a legacy path reason="aggregate lowering"
2026-09-12T20:40:39.836285Z TRACE logical_optimizer: applied logical rule rule="PullDependentFilter"
2026-09-12T20:40:39.836385Z DEBUG logical_optimizer: applied=1 dependent_filters_pulled=1 remaining_dependencies=0 visited=5 exhausted=false
2026-09-12T20:40:39.836774Z TRACE logical_optimizer: applied logical rule rule="PullDependentFilter"
2026-09-12T20:40:39.836874Z DEBUG logical_optimizer: applied=1 dependent_filters_pulled=1 remaining_dependencies=0 visited=5 exhausted=false
2026-09-12T20:40:39.837225Z TRACE logical_optimizer: applied logical rule rule="PullDependentFilter"
2026-09-12T20:40:39.837324Z DEBUG logical_optimizer: applied=1 dependent_filters_pulled=1 remaining_dependencies=0 visited=5 exhausted=false
2026-09-12T20:40:39.837824Z TRACE logical_optimizer: applied logical rule rule="PullDependentFilter"
2026-09-12T20:40:39.837918Z DEBUG logical_optimizer: applied=1 dependent_filters_pulled=1 remaining_dependencies=0 visited=5 exhausted=false
2026-09-12T20:40:39.839161Z DEBUG logical_optimizer: logical binding uses a legacy path reason="scalar execution resource or subquery result"
2026-09-12T20:40:39.839286Z DEBUG logical_optimizer: logical binding uses a legacy path reason="scalar execution resource or subquery result"
2026-09-12T20:40:39.839403Z DEBUG logical_optimizer: logical binding uses a legacy path reason="scalar execution resource or subquery result"
2026-09-12T20:40:39.839518Z DEBUG logical_optimizer: logical binding uses a legacy path reason="scalar execution resource or subquery result"
2026-09-12T20:40:39.840010Z DEBUG logical_optimizer: logical binding uses a legacy path reason="scalar execution resource or subquery result"
2026-09-12T20:40:39.840132Z DEBUG logical_optimizer: logical binding uses a legacy path reason="scalar execution resource or subquery result"
2026-09-12T20:40:39.840270Z DEBUG logical_optimizer: logical binding uses a legacy path reason="scalar execution resource or subquery result"
2026-09-12T20:40:39.840397Z DEBUG logical_optimizer: logical binding uses a legacy path reason="scalar execution resource or subquery result"
2026-09-12T20:40:39.840952Z DEBUG logical_optimizer: logical binding uses a legacy path reason="scalar execution resource or subquery result"
2026-09-12T20:40:39.841071Z DEBUG logical_optimizer: logical binding uses a legacy path reason="scalar execution resource or subquery result"
2026-09-12T20:40:39.841201Z DEBUG logical_optimizer: logical binding uses a legacy path reason="scalar execution resource or subquery result"
2026-09-12T20:40:39.841322Z DEBUG logical_optimizer: logical binding uses a legacy path reason="scalar execution resource or subquery result"
2026-09-12T20:40:39.842151Z DEBUG logical_optimizer: logical binding uses a legacy path reason="DISTINCT output mapping"
2026-09-12T20:40:39.842482Z DEBUG logical_optimizer: logical binding uses a legacy path reason="DISTINCT output mapping"
2026-09-12T20:40:39.843901Z DEBUG logical_optimizer: logical binding uses a legacy path reason="value-producing subquery lowering"
2026-09-12T20:40:39.844415Z DEBUG logical_optimizer: logical binding uses a legacy path reason="value-producing subquery lowering"
2026-09-12T20:40:39.845084Z DEBUG logical_optimizer: logical binding uses a legacy path reason="value-producing subquery lowering"
2026-09-12T20:40:39.845474Z DEBUG logical_optimizer: logical binding uses a legacy path reason="value-producing subquery lowering"
2026-09-12T20:40:39.845824Z DEBUG logical_optimizer: logical binding uses a legacy path reason="value-producing subquery lowering"
2026-09-12T20:40:39.846329Z DEBUG logical_optimizer: logical binding uses a legacy path reason="value-producing subquery lowering"
2026-09-12T20:40:39.849325Z TRACE logical_optimizer: applied logical rule rule="PullDependentFilter"
2026-09-12T20:40:39.849425Z DEBUG logical_optimizer: applied=1 dependent_filters_pulled=1 remaining_dependencies=0 visited=5 exhausted=false
2026-09-12T20:40:39.849741Z TRACE logical_optimizer: applied logical rule rule="PullDependentFilter"
2026-09-12T20:40:39.849838Z DEBUG logical_optimizer: applied=1 dependent_filters_pulled=1 remaining_dependencies=0 visited=5 exhausted=false
2026-09-12T20:40:39.850214Z TRACE logical_optimizer: applied logical rule rule="PullDependentFilter"
2026-09-12T20:40:39.850303Z DEBUG logical_optimizer: applied=1 dependent_filters_pulled=1 remaining_dependencies=0 visited=5 exhausted=false
2026-09-12T20:40:39.850737Z TRACE logical_optimizer: applied logical rule rule="PullDependentFilter"
2026-09-12T20:40:39.850833Z DEBUG logical_optimizer: applied=1 dependent_filters_pulled=1 remaining_dependencies=0 visited=5 exhausted=false
2026-09-12T20:40:39.854084Z DEBUG logical_optimizer: logical binding uses a legacy path reason="value-producing subquery lowering"
2026-09-12T20:40:39.854245Z TRACE logical_optimizer: applied logical rule rule="PullDependentFilter"
2026-09-12T20:40:39.854340Z DEBUG logical_optimizer: applied=1 dependent_filters_pulled=1 remaining_dependencies=0 visited=5 exhausted=false
2026-09-12T20:40:39.854899Z DEBUG logical_optimizer: logical binding uses a legacy path reason="value-producing subquery lowering"
2026-09-12T20:40:39.855039Z TRACE logical_optimizer: applied logical rule rule="PullDependentFilter"
2026-09-12T20:40:39.855130Z DEBUG logical_optimizer: applied=1 dependent_filters_pulled=1 remaining_dependencies=0 visited=5 exhausted=false
2026-09-12T20:40:39.855684Z DEBUG logical_optimizer: logical binding uses a legacy path reason="value-producing subquery lowering"
2026-09-12T20:40:39.855823Z TRACE logical_optimizer: applied logical rule rule="PullDependentFilter"
2026-09-12T20:40:39.855920Z DEBUG logical_optimizer: applied=1 dependent_filters_pulled=1 remaining_dependencies=0 visited=5 exhausted=false
2026-09-12T20:40:39.856630Z DEBUG logical_optimizer: logical binding uses a legacy path reason="value-producing subquery lowering"
2026-09-12T20:40:39.856758Z TRACE logical_optimizer: applied logical rule rule="PullDependentFilter"
2026-09-12T20:40:39.856852Z DEBUG logical_optimizer: applied=1 dependent_filters_pulled=1 remaining_dependencies=0 visited=5 exhausted=false
2026-09-12T20:40:39.857897Z DEBUG logical_optimizer: logical binding uses a legacy path reason="value-producing subquery lowering"
2026-09-12T20:40:39.858258Z DEBUG logical_optimizer: logical binding uses a legacy path reason="value-producing subquery lowering"
2026-09-12T20:40:39.858616Z DEBUG logical_optimizer: logical binding uses a legacy path reason="value-producing subquery lowering"
2026-09-12T20:40:39.859158Z TRACE logical_optimizer: applied logical rule rule="PullDependentFilter"
2026-09-12T20:40:39.859252Z DEBUG logical_optimizer: applied=1 dependent_filters_pulled=1 remaining_dependencies=0 visited=5 exhausted=false
2026-09-12T20:40:39.859605Z TRACE logical_optimizer: applied logical rule rule="PullDependentFilter"
2026-09-12T20:40:39.859700Z DEBUG logical_optimizer: applied=1 dependent_filters_pulled=1 remaining_dependencies=0 visited=5 exhausted=false
2026-09-12T20:40:39.860091Z TRACE logical_optimizer: applied logical rule rule="PullDependentFilter"
2026-09-12T20:40:39.860194Z DEBUG logical_optimizer: applied=1 dependent_filters_pulled=1 remaining_dependencies=0 visited=5 exhausted=false
2026-09-12T20:40:39.860723Z TRACE logical_optimizer: applied logical rule rule="PullDependentFilter"
2026-09-12T20:40:39.860817Z DEBUG logical_optimizer: applied=1 dependent_filters_pulled=1 remaining_dependencies=0 visited=5 exhausted=false
2026-09-12T20:40:39.862417Z TRACE logical_optimizer: declined logical rule rule="PullDependentFilter" reason="right_input_shape"
2026-09-12T20:40:39.862520Z TRACE logical_optimizer: applied logical rule rule="PullDependentFilterOverJoin"
2026-09-12T20:40:39.862607Z TRACE logical_optimizer: applied logical rule rule="MergeSelectInnerJoin"
2026-09-12T20:40:39.862746Z DEBUG logical_optimizer: applied=2 dependent_filters_pulled=1 remaining_dependencies=0 visited=10 exhausted=false
2026-09-12T20:40:39.863372Z TRACE logical_optimizer: declined logical rule rule="PullDependentFilter" reason="right_input_shape"
2026-09-12T20:40:39.863479Z TRACE logical_optimizer: applied logical rule rule="PullDependentFilterOverJoin"
2026-09-12T20:40:39.863555Z TRACE logical_optimizer: applied logical rule rule="MergeSelectInnerJoin"
2026-09-12T20:40:39.863654Z DEBUG logical_optimizer: applied=2 dependent_filters_pulled=1 remaining_dependencies=0 visited=10 exhausted=false
2026-09-12T20:40:39.864378Z TRACE logical_optimizer: declined logical rule rule="PullDependentFilter" reason="right_input_shape"
2026-09-12T20:40:39.864502Z TRACE logical_optimizer: applied logical rule rule="PullDependentFilterOverJoin"
2026-09-12T20:40:39.864594Z TRACE logical_optimizer: applied logical rule rule="MergeSelectInnerJoin"
2026-09-12T20:40:39.864709Z DEBUG logical_optimizer: applied=2 dependent_filters_pulled=1 remaining_dependencies=0 visited=10 exhausted=false
2026-09-12T20:40:39.865455Z TRACE logical_optimizer: declined logical rule rule="PullDependentFilter" reason="right_input_shape"
2026-09-12T20:40:39.865550Z TRACE logical_optimizer: applied logical rule rule="PullDependentFilterOverJoin"
2026-09-12T20:40:39.865635Z TRACE logical_optimizer: applied logical rule rule="MergeSelectInnerJoin"
2026-09-12T20:40:39.865738Z DEBUG logical_optimizer: applied=2 dependent_filters_pulled=1 remaining_dependencies=0 visited=10 exhausted=false
2026-09-12T20:40:39.866845Z DEBUG logical_optimizer: logical binding uses a legacy path reason="aggregate lowering"
2026-09-12T20:40:39.867649Z DEBUG logical_optimizer: logical binding uses a legacy path reason="aggregate lowering"
2026-09-12T20:40:39.868396Z DEBUG logical_optimizer: logical binding uses a legacy path reason="aggregate lowering"
2026-09-12T20:40:39.869087Z DEBUG logical_optimizer: logical binding uses a legacy path reason="aggregate lowering"
2026-09-12T20:40:39.870943Z TRACE logical_optimizer: applied logical rule rule="PullDependentFilter"
2026-09-12T20:40:39.871054Z DEBUG logical_optimizer: applied=1 dependent_filters_pulled=1 remaining_dependencies=0 visited=6 exhausted=false
2026-09-12T20:40:39.871485Z TRACE logical_optimizer: applied logical rule rule="PullDependentFilter"
2026-09-12T20:40:39.871585Z DEBUG logical_optimizer: applied=1 dependent_filters_pulled=1 remaining_dependencies=0 visited=6 exhausted=false
2026-09-12T20:40:39.872665Z DEBUG logical_optimizer: logical binding uses a legacy path reason="value-producing subquery lowering"
2026-09-12T20:40:39.873108Z DEBUG logical_optimizer: logical binding uses a legacy path reason="value-producing subquery lowering"
2026-09-12T20:40:39.875378Z DEBUG logical_optimizer: logical binding uses a legacy path reason="aggregate lowering"
2026-09-12T20:40:39.876068Z DEBUG logical_optimizer: logical binding uses a legacy path reason="aggregate lowering"
2026-09-12T20:40:39.876652Z DEBUG logical_optimizer: logical binding uses a legacy path reason="aggregate lowering"
2026-09-12T20:40:39.877453Z DEBUG logical_optimizer: logical binding uses a legacy path reason="DISTINCT output mapping"
2026-09-12T20:40:39.877864Z DEBUG logical_optimizer: logical binding uses a legacy path reason="DISTINCT output mapping"
2026-09-12T20:40:39.878442Z DEBUG logical_optimizer: logical binding uses a legacy path reason="DISTINCT output mapping"
2026-09-12T20:40:39.880400Z TRACE logical_optimizer: applied logical rule rule="MergeSelectInnerJoin"
2026-09-12T20:40:39.880498Z TRACE logical_optimizer: applied logical rule rule="PullDependentFilter"
2026-09-12T20:40:39.880642Z DEBUG logical_optimizer: applied=2 dependent_filters_pulled=1 remaining_dependencies=0 visited=7 exhausted=false
2026-09-12T20:40:39.881241Z TRACE logical_optimizer: applied logical rule rule="MergeSelectInnerJoin"
2026-09-12T20:40:39.881332Z TRACE logical_optimizer: applied logical rule rule="PullDependentFilter"
2026-09-12T20:40:39.881418Z DEBUG logical_optimizer: applied=2 dependent_filters_pulled=1 remaining_dependencies=0 visited=7 exhausted=false
2026-09-12T20:40:39.883369Z DEBUG logical_optimizer: logical binding uses a legacy path reason="aggregate lowering"
2026-09-12T20:40:39.883488Z DEBUG logical_optimizer: logical binding uses a legacy path reason="aggregate lowering"
2026-09-12T20:40:39.883735Z DEBUG logical_optimizer: logical binding uses a legacy path reason="aggregate lowering"
2026-09-12T20:40:39.885368Z DEBUG logical_optimizer: logical binding uses a legacy path reason="aggregate lowering"
2026-09-12T20:40:39.885493Z DEBUG logical_optimizer: logical binding uses a legacy path reason="aggregate lowering"
2026-09-12T20:40:39.885703Z DEBUG logical_optimizer: logical binding uses a legacy path reason="aggregate lowering"
2026-09-12T20:40:39.886650Z DEBUG logical_optimizer: logical binding uses a legacy path reason="aggregate lowering"
2026-09-12T20:40:39.886781Z DEBUG logical_optimizer: logical binding uses a legacy path reason="aggregate lowering"
2026-09-12T20:40:39.886960Z DEBUG logical_optimizer: logical binding uses a legacy path reason="aggregate lowering"
2026-09-12T20:40:39.888691Z DEBUG logical_optimizer: logical binding uses a legacy path reason="aggregate lowering"
2026-09-12T20:40:39.888809Z DEBUG logical_optimizer: logical binding uses a legacy path reason="aggregate lowering"
2026-09-12T20:40:39.888976Z DEBUG logical_optimizer: logical binding uses a legacy path reason="aggregate lowering"
2026-09-12T20:40:39.890116Z TRACE logical_optimizer: applied logical rule rule="PullDependentFilter"
2026-09-12T20:40:39.890227Z DEBUG logical_optimizer: applied=1 dependent_filters_pulled=1 remaining_dependencies=0 visited=5 exhausted=false
2026-09-12T20:40:39.890609Z TRACE logical_optimizer: applied logical rule rule="PullDependentFilter"
2026-09-12T20:40:39.890712Z DEBUG logical_optimizer: applied=1 dependent_filters_pulled=1 remaining_dependencies=0 visited=5 exhausted=false
2026-09-12T20:40:39.891299Z TRACE logical_optimizer: applied logical rule rule="PullDependentFilter"
2026-09-12T20:40:39.891404Z DEBUG logical_optimizer: applied=1 dependent_filters_pulled=1 remaining_dependencies=0 visited=5 exhausted=false
2026-09-12T20:40:39.891886Z TRACE logical_optimizer: applied logical rule rule="PullDependentFilter"
2026-09-12T20:40:39.891990Z DEBUG logical_optimizer: applied=1 dependent_filters_pulled=1 remaining_dependencies=0 visited=5 exhausted=false
2026-09-12T20:40:39.892950Z DEBUG logical_optimizer: logical binding uses a legacy path reason="value-producing subquery lowering"
2026-09-12T20:40:39.893323Z DEBUG logical_optimizer: logical binding uses a legacy path reason="value-producing subquery lowering"
2026-09-12T20:40:39.893702Z TRACE logical_optimizer: declined logical rule rule="PullDependentFilter" reason="right_input_shape"
2026-09-12T20:40:39.893818Z TRACE logical_optimizer: applied logical rule rule="PullDependentFilterOverJoin"
2026-09-12T20:40:39.893914Z TRACE logical_optimizer: applied logical rule rule="MergeSelectInnerJoin"
2026-09-12T20:40:39.894011Z DEBUG logical_optimizer: applied=2 dependent_filters_pulled=1 remaining_dependencies=0 visited=10 exhausted=false
2026-09-12T20:40:39.894507Z TRACE logical_optimizer: declined logical rule rule="PullDependentFilter" reason="right_input_shape"
2026-09-12T20:40:39.894628Z TRACE logical_optimizer: applied logical rule rule="PullDependentFilterOverJoin"
2026-09-12T20:40:39.894719Z TRACE logical_optimizer: applied logical rule rule="MergeSelectInnerJoin"
2026-09-12T20:40:39.894841Z DEBUG logical_optimizer: applied=2 dependent_filters_pulled=1 remaining_dependencies=0 visited=10 exhausted=false
2026-09-12T20:40:39.895453Z TRACE logical_optimizer: declined logical rule rule="PullDependentFilter" reason="right_input_shape"
2026-09-12T20:40:39.895560Z TRACE logical_optimizer: applied logical rule rule="PullDependentFilterOverJoin"
2026-09-12T20:40:39.895642Z TRACE logical_optimizer: applied logical rule rule="MergeSelectInnerJoin"
2026-09-12T20:40:39.895736Z DEBUG logical_optimizer: applied=2 dependent_filters_pulled=1 remaining_dependencies=0 visited=10 exhausted=false
2026-09-12T20:40:39.896396Z TRACE logical_optimizer: declined logical rule rule="PullDependentFilter" reason="right_input_shape"
2026-09-12T20:40:39.896502Z TRACE logical_optimizer: applied logical rule rule="PullDependentFilterOverJoin"
2026-09-12T20:40:39.896587Z TRACE logical_optimizer: applied logical rule rule="MergeSelectInnerJoin"
2026-09-12T20:40:39.896676Z DEBUG logical_optimizer: applied=2 dependent_filters_pulled=1 remaining_dependencies=0 visited=10 exhausted=false
2026-09-12T20:40:39.898044Z DEBUG logical_optimizer: logical binding uses a legacy path reason="value-producing subquery lowering"
2026-09-12T20:40:39.898224Z DEBUG logical_optimizer: logical binding uses a legacy path reason="aggregate lowering"
2026-09-12T20:40:39.899269Z DEBUG logical_optimizer: logical binding uses a legacy path reason="value-producing subquery lowering"
2026-09-12T20:40:39.899446Z DEBUG logical_optimizer: logical binding uses a legacy path reason="aggregate lowering"
2026-09-12T20:40:39.900682Z DEBUG logical_optimizer: logical binding uses a legacy path reason="value-producing subquery lowering"
2026-09-12T20:40:39.900846Z DEBUG logical_optimizer: logical binding uses a legacy path reason="aggregate lowering"
2026-09-12T20:40:39.902136Z DEBUG logical_optimizer: logical binding uses a legacy path reason="value-producing subquery lowering"
2026-09-12T20:40:39.902319Z DEBUG logical_optimizer: logical binding uses a legacy path reason="aggregate lowering"
2026-09-12T20:40:39.903729Z TRACE logical_optimizer: applied logical rule rule="PullDependentFilter"
2026-09-12T20:40:39.903828Z DEBUG logical_optimizer: applied=1 dependent_filters_pulled=1 remaining_dependencies=0 visited=5 exhausted=false
2026-09-12T20:40:39.904267Z TRACE logical_optimizer: applied logical rule rule="PullDependentFilter"
2026-09-12T20:40:39.904368Z DEBUG logical_optimizer: applied=1 dependent_filters_pulled=1 remaining_dependencies=0 visited=5 exhausted=false
2026-09-12T20:40:39.904821Z TRACE logical_optimizer: applied logical rule rule="PullDependentFilter"
2026-09-12T20:40:39.904921Z DEBUG logical_optimizer: applied=1 dependent_filters_pulled=1 remaining_dependencies=0 visited=5 exhausted=false
2026-09-12T20:40:39.905526Z TRACE logical_optimizer: applied logical rule rule="PullDependentFilter"
2026-09-12T20:40:39.905641Z DEBUG logical_optimizer: applied=1 dependent_filters_pulled=1 remaining_dependencies=0 visited=5 exhausted=false
2026-09-12T20:40:39.911411Z DEBUG logical_optimizer: logical binding uses a legacy path reason="aggregate lowering"
2026-09-12T20:40:39.911920Z DEBUG logical_optimizer: logical binding uses a legacy path reason="aggregate lowering"
2026-09-12T20:40:39.912354Z DEBUG logical_optimizer: logical binding uses a legacy path reason="aggregate lowering"
2026-09-12T20:40:39.914163Z DEBUG logical_optimizer: logical binding uses a legacy path reason="value-producing subquery lowering"
2026-09-12T20:40:39.914244Z DEBUG logical_optimizer: logical binding uses a legacy path reason="aggregate lowering"
2026-09-12T20:40:39.914329Z DEBUG logical_optimizer: logical binding uses a legacy path reason="value-producing subquery lowering"
2026-09-12T20:40:39.915134Z DEBUG logical_optimizer: logical binding uses a legacy path reason="value-producing subquery lowering"
2026-09-12T20:40:39.915262Z DEBUG logical_optimizer: logical binding uses a legacy path reason="aggregate lowering"
2026-09-12T20:40:39.915383Z DEBUG logical_optimizer: logical binding uses a legacy path reason="value-producing subquery lowering"
2026-09-12T20:40:39.918468Z DEBUG logical_optimizer: logical binding uses a legacy path reason="aggregate lowering"
2026-09-12T20:40:39.918650Z DEBUG logical_optimizer: logical binding uses a legacy path reason="aggregate lowering"
2026-09-12T20:40:39.918826Z TRACE logical_optimizer: applied logical rule rule="PullDependentFilter"
2026-09-12T20:40:39.918932Z DEBUG logical_optimizer: applied=1 dependent_filters_pulled=1 remaining_dependencies=0 visited=5 exhausted=false
2026-09-12T20:40:39.919632Z DEBUG logical_optimizer: logical binding uses a legacy path reason="aggregate lowering"
2026-09-12T20:40:39.919751Z DEBUG logical_optimizer: logical binding uses a legacy path reason="aggregate lowering"
2026-09-12T20:40:39.919894Z TRACE logical_optimizer: applied logical rule rule="PullDependentFilter"
2026-09-12T20:40:39.919998Z DEBUG logical_optimizer: applied=1 dependent_filters_pulled=1 remaining_dependencies=0 visited=5 exhausted=false
2026-09-12T20:40:39.920626Z DEBUG logical_optimizer: logical binding uses a legacy path reason="aggregate lowering"
2026-09-12T20:40:39.920740Z DEBUG logical_optimizer: logical binding uses a legacy path reason="aggregate lowering"
2026-09-12T20:40:39.920876Z TRACE logical_optimizer: applied logical rule rule="PullDependentFilter"
2026-09-12T20:40:39.920969Z DEBUG logical_optimizer: applied=1 dependent_filters_pulled=1 remaining_dependencies=0 visited=5 exhausted=false
2026-09-12T20:40:39.921922Z DEBUG logical_optimizer: logical binding uses a legacy path reason="aggregate lowering"
2026-09-12T20:40:39.922035Z DEBUG logical_optimizer: logical binding uses a legacy path reason="aggregate lowering"
2026-09-12T20:40:39.922204Z TRACE logical_optimizer: applied logical rule rule="PullDependentFilter"
2026-09-12T20:40:39.922307Z DEBUG logical_optimizer: applied=1 dependent_filters_pulled=1 remaining_dependencies=0 visited=5 exhausted=false
2026-09-12T20:40:39.926178Z DEBUG logical_optimizer: logical binding uses a legacy path reason="value-producing subquery lowering"
2026-09-12T20:40:39.926498Z DEBUG logical_optimizer: logical binding uses a legacy path reason="value-producing subquery lowering"
2026-09-12T20:40:39.930106Z DEBUG logical_optimizer: logical binding uses a legacy path reason="value-producing subquery lowering"
2026-09-12T20:40:39.930653Z DEBUG logical_optimizer: logical binding uses a legacy path reason="value-producing subquery lowering"
2026-09-12T20:40:39.935268Z DEBUG logical_optimizer: logical binding uses a legacy path reason="value-producing subquery lowering"
2026-09-12T20:40:39.935728Z DEBUG logical_optimizer: logical binding uses a legacy path reason="value-producing subquery lowering"
2026-09-12T20:40:39.936186Z DEBUG logical_optimizer: logical binding uses a legacy path reason="value-producing subquery lowering"
2026-09-12T20:40:39.936852Z DEBUG logical_optimizer: logical binding uses a legacy path reason="value-producing subquery lowering"
2026-09-12T20:40:39.937919Z TRACE logical_optimizer: applied logical rule rule="PullDependentFilter"
2026-09-12T20:40:39.938007Z DEBUG logical_optimizer: applied=1 dependent_filters_pulled=1 remaining_dependencies=0 visited=6 exhausted=false
2026-09-12T20:40:39.938502Z TRACE logical_optimizer: applied logical rule rule="PullDependentFilter"
2026-09-12T20:40:39.938583Z DEBUG logical_optimizer: applied=1 dependent_filters_pulled=1 remaining_dependencies=0 visited=6 exhausted=false
2026-09-12T20:40:39.939038Z TRACE logical_optimizer: applied logical rule rule="PullDependentFilter"
2026-09-12T20:40:39.939098Z DEBUG logical_optimizer: applied=1 dependent_filters_pulled=1 remaining_dependencies=0 visited=6 exhausted=false
2026-09-12T20:40:39.939656Z TRACE logical_optimizer: applied logical rule rule="PullDependentFilter"
2026-09-12T20:40:39.939730Z DEBUG logical_optimizer: applied=1 dependent_filters_pulled=1 remaining_dependencies=0 visited=6 exhausted=false
2026-09-12T20:40:39.941957Z TRACE logical_optimizer: applied logical rule rule="PullDependentFilter"
2026-09-12T20:40:39.942047Z DEBUG logical_optimizer: applied=1 dependent_filters_pulled=1 remaining_dependencies=0 visited=5 exhausted=false
2026-09-12T20:40:39.942549Z TRACE logical_optimizer: applied logical rule rule="PullDependentFilter"
2026-09-12T20:40:39.942636Z DEBUG logical_optimizer: applied=1 dependent_filters_pulled=1 remaining_dependencies=0 visited=5 exhausted=false
2026-09-12T20:40:39.943074Z TRACE logical_optimizer: applied logical rule rule="PullDependentFilter"
2026-09-12T20:40:39.943139Z DEBUG logical_optimizer: applied=1 dependent_filters_pulled=1 remaining_dependencies=0 visited=5 exhausted=false
2026-09-12T20:40:39.943627Z TRACE logical_optimizer: applied logical rule rule="PullDependentFilter"
2026-09-12T20:40:39.943717Z DEBUG logical_optimizer: applied=1 dependent_filters_pulled=1 remaining_dependencies=0 visited=5 exhausted=false
2026-09-12T20:40:39.944728Z DEBUG logical_optimizer: logical binding uses a legacy path reason="value-producing subquery lowering"
2026-09-12T20:40:39.944847Z DEBUG logical_optimizer: logical binding uses a legacy path reason="aggregate lowering"
2026-09-12T20:40:39.945369Z DEBUG logical_optimizer: logical binding uses a legacy path reason="value-producing subquery lowering"
2026-09-12T20:40:39.945487Z DEBUG logical_optimizer: logical binding uses a legacy path reason="aggregate lowering"
2026-09-12T20:40:39.945873Z DEBUG logical_optimizer: logical binding uses a legacy path reason="value-producing subquery lowering"
2026-09-12T20:40:39.945988Z DEBUG logical_optimizer: logical binding uses a legacy path reason="aggregate lowering"
2026-09-12T20:40:39.952090Z DEBUG logical_optimizer: logical binding uses a legacy path reason="value-producing subquery lowering"
2026-09-12T20:40:39.952671Z DEBUG logical_optimizer: logical binding uses a legacy path reason="value-producing subquery lowering"
2026-09-12T20:40:39.955054Z DEBUG logical_optimizer: logical binding uses a legacy path reason="value-producing subquery lowering"
2026-09-12T20:40:39.955739Z DEBUG logical_optimizer: logical binding uses a legacy path reason="value-producing subquery lowering"
2026-09-12T20:40:39.956834Z DEBUG logical_optimizer: logical binding uses a legacy path reason="aggregate lowering"
2026-09-12T20:40:39.957241Z DEBUG logical_optimizer: logical binding uses a legacy path reason="aggregate lowering"
2026-09-12T20:40:39.957653Z DEBUG logical_optimizer: logical binding uses a legacy path reason="value-producing subquery lowering"
2026-09-12T20:40:39.958197Z DEBUG logical_optimizer: logical binding uses a legacy path reason="value-producing subquery lowering"
2026-09-12T20:40:39.959983Z DEBUG logical_optimizer: logical binding uses a legacy path reason="DISTINCT output mapping"
2026-09-12T20:40:39.960383Z DEBUG logical_optimizer: logical binding uses a legacy path reason="DISTINCT output mapping"
2026-09-12T20:40:39.960787Z DEBUG logical_optimizer: logical binding uses a legacy path reason="value-producing subquery lowering"
2026-09-12T20:40:39.961203Z DEBUG logical_optimizer: logical binding uses a legacy path reason="value-producing subquery lowering"
2026-09-12T20:40:39.961622Z TRACE logical_optimizer: applied logical rule rule="PullDependentFilter"
2026-09-12T20:40:39.961704Z DEBUG logical_optimizer: applied=1 dependent_filters_pulled=1 remaining_dependencies=0 visited=5 exhausted=false
2026-09-12T20:40:39.962035Z TRACE logical_optimizer: applied logical rule rule="PullDependentFilter"
2026-09-12T20:40:39.962112Z DEBUG logical_optimizer: applied=1 dependent_filters_pulled=1 remaining_dependencies=0 visited=5 exhausted=false
2026-09-12T20:40:39.962451Z TRACE logical_optimizer: applied logical rule rule="PullDependentFilter"
2026-09-12T20:40:39.962526Z DEBUG logical_optimizer: applied=1 dependent_filters_pulled=1 remaining_dependencies=0 visited=5 exhausted=false
2026-09-12T20:40:39.962983Z TRACE logical_optimizer: applied logical rule rule="PullDependentFilter"
2026-09-12T20:40:39.963061Z DEBUG logical_optimizer: applied=1 dependent_filters_pulled=1 remaining_dependencies=0 visited=5 exhausted=false
2026-09-12T20:40:39.966127Z DEBUG logical_optimizer: logical binding uses a legacy path reason="aggregate lowering"
2026-09-12T20:40:39.966307Z TRACE logical_optimizer: applied logical rule rule="PullDependentFilter"
2026-09-12T20:40:39.966368Z DEBUG logical_optimizer: applied=1 dependent_filters_pulled=1 remaining_dependencies=0 visited=6 exhausted=false
2026-09-12T20:40:39.966613Z DEBUG logical_optimizer: logical binding uses a legacy path reason="scalar execution resource or subquery result"
2026-09-12T20:40:39.966725Z DEBUG logical_optimizer: logical binding uses a legacy path reason="value-producing subquery lowering"
2026-09-12T20:40:39.967800Z DEBUG logical_optimizer: logical binding uses a legacy path reason="aggregate lowering"
2026-09-12T20:40:39.967942Z TRACE logical_optimizer: applied logical rule rule="PullDependentFilter"
2026-09-12T20:40:39.968037Z DEBUG logical_optimizer: applied=1 dependent_filters_pulled=1 remaining_dependencies=0 visited=6 exhausted=false
2026-09-12T20:40:39.968307Z DEBUG logical_optimizer: logical binding uses a legacy path reason="scalar execution resource or subquery result"
2026-09-12T20:40:39.968425Z DEBUG logical_optimizer: logical binding uses a legacy path reason="value-producing subquery lowering"
2026-09-12T20:40:39.972200Z DEBUG logical_optimizer: logical binding uses a legacy path reason="aggregate lowering"
2026-09-12T20:40:39.972342Z DEBUG logical_optimizer: logical binding uses a legacy path reason="value-producing subquery lowering"
2026-09-12T20:40:39.973016Z DEBUG logical_optimizer: logical binding uses a legacy path reason="aggregate lowering"
2026-09-12T20:40:39.973159Z DEBUG logical_optimizer: logical binding uses a legacy path reason="value-producing subquery lowering"
2026-09-12T20:40:39.973889Z DEBUG logical_optimizer: logical binding uses a legacy path reason="value-producing subquery lowering"
2026-09-12T20:40:39.974400Z DEBUG logical_optimizer: logical binding uses a legacy path reason="value-producing subquery lowering"
2026-09-12T20:40:39.975196Z DEBUG logical_optimizer: logical binding uses a legacy path reason="DISTINCT output mapping"
2026-09-12T20:40:39.975623Z DEBUG logical_optimizer: logical binding uses a legacy path reason="DISTINCT output mapping"
2026-09-12T20:40:39.976161Z DEBUG logical_optimizer: logical binding uses a legacy path reason="aggregate lowering"
2026-09-12T20:40:39.976289Z DEBUG logical_optimizer: logical binding uses a legacy path reason="value-producing subquery lowering"
2026-09-12T20:40:39.976867Z DEBUG logical_optimizer: logical binding uses a legacy path reason="aggregate lowering"
2026-09-12T20:40:39.976983Z DEBUG logical_optimizer: logical binding uses a legacy path reason="value-producing subquery lowering"
2026-09-12T20:40:39.977639Z TRACE logical_optimizer: declined logical rule rule="PullDependentFilter" reason="right_input_shape"
2026-09-12T20:40:39.977748Z TRACE logical_optimizer: applied logical rule rule="PullDependentFilterOverJoin"
2026-09-12T20:40:39.977831Z TRACE logical_optimizer: applied logical rule rule="MergeSelectInnerJoin"
2026-09-12T20:40:39.977922Z DEBUG logical_optimizer: applied=2 dependent_filters_pulled=1 remaining_dependencies=0 visited=10 exhausted=false
2026-09-12T20:40:39.978430Z TRACE logical_optimizer: declined logical rule rule="PullDependentFilter" reason="right_input_shape"
2026-09-12T20:40:39.978537Z TRACE logical_optimizer: applied logical rule rule="PullDependentFilterOverJoin"
2026-09-12T20:40:39.978618Z TRACE logical_optimizer: applied logical rule rule="MergeSelectInnerJoin"
2026-09-12T20:40:39.978711Z DEBUG logical_optimizer: applied=2 dependent_filters_pulled=1 remaining_dependencies=0 visited=10 exhausted=false
2026-09-12T20:40:39.979364Z TRACE logical_optimizer: declined logical rule rule="PullDependentFilter" reason="right_input_shape"
2026-09-12T20:40:39.979480Z TRACE logical_optimizer: applied logical rule rule="PullDependentFilterOverJoin"
2026-09-12T20:40:39.979566Z TRACE logical_optimizer: applied logical rule rule="MergeSelectInnerJoin"
2026-09-12T20:40:39.979682Z DEBUG logical_optimizer: applied=2 dependent_filters_pulled=1 remaining_dependencies=0 visited=10 exhausted=false
2026-09-12T20:40:39.980403Z TRACE logical_optimizer: declined logical rule rule="PullDependentFilter" reason="right_input_shape"
2026-09-12T20:40:39.980519Z TRACE logical_optimizer: applied logical rule rule="PullDependentFilterOverJoin"
2026-09-12T20:40:39.980598Z TRACE logical_optimizer: applied logical rule rule="MergeSelectInnerJoin"
2026-09-12T20:40:39.980685Z DEBUG logical_optimizer: applied=2 dependent_filters_pulled=1 remaining_dependencies=0 visited=10 exhausted=false
2026-09-12T20:40:39.981871Z TRACE logical_optimizer: applied logical rule rule="PullDependentFilter"
2026-09-12T20:40:39.981965Z DEBUG logical_optimizer: applied=1 dependent_filters_pulled=1 remaining_dependencies=0 visited=5 exhausted=false
2026-09-12T20:40:39.982325Z TRACE logical_optimizer: applied logical rule rule="PullDependentFilter"
2026-09-12T20:40:39.982423Z DEBUG logical_optimizer: applied=1 dependent_filters_pulled=1 remaining_dependencies=0 visited=5 exhausted=false
2026-09-12T20:40:39.983001Z TRACE logical_optimizer: applied logical rule rule="PullDependentFilter"
2026-09-12T20:40:39.983092Z DEBUG logical_optimizer: applied=1 dependent_filters_pulled=1 remaining_dependencies=0 visited=5 exhausted=false
2026-09-12T20:40:39.983630Z TRACE logical_optimizer: applied logical rule rule="PullDependentFilter"
2026-09-12T20:40:39.983731Z DEBUG logical_optimizer: applied=1 dependent_filters_pulled=1 remaining_dependencies=0 visited=5 exhausted=false
2026-09-12T20:40:39.985855Z DEBUG logical_optimizer: logical binding uses a legacy path reason="aggregate lowering"
2026-09-12T20:40:39.986305Z DEBUG logical_optimizer: logical binding uses a legacy path reason="aggregate lowering"
2026-09-12T20:40:39.986732Z DEBUG logical_optimizer: logical binding uses a legacy path reason="value-producing subquery lowering"
2026-09-12T20:40:39.987225Z DEBUG logical_optimizer: logical binding uses a legacy path reason="value-producing subquery lowering"
2026-09-12T20:40:39.988100Z DEBUG logical_optimizer: logical binding uses a legacy path reason="aggregate lowering"
2026-09-12T20:40:39.988216Z DEBUG logical_optimizer: logical binding uses a legacy path reason="scalar execution resource or subquery result"
2026-09-12T20:40:39.988373Z DEBUG logical_optimizer: logical binding uses a legacy path reason="value-producing subquery lowering"
2026-09-12T20:40:39.989156Z DEBUG logical_optimizer: logical binding uses a legacy path reason="aggregate lowering"
2026-09-12T20:40:39.989269Z DEBUG logical_optimizer: logical binding uses a legacy path reason="scalar execution resource or subquery result"
2026-09-12T20:40:39.989412Z DEBUG logical_optimizer: logical binding uses a legacy path reason="value-producing subquery lowering"
2026-09-12T20:40:39.995562Z DEBUG logical_optimizer: logical binding uses a legacy path reason="value-producing subquery lowering"
2026-09-12T20:40:39.995905Z DEBUG logical_optimizer: logical binding uses a legacy path reason="value-producing subquery lowering"
2026-09-12T20:40:39.996474Z DEBUG logical_optimizer: logical binding uses a legacy path reason="DISTINCT output mapping"
2026-09-12T20:40:39.997116Z DEBUG logical_optimizer: logical binding uses a legacy path reason="DISTINCT output mapping"
2026-09-12T20:40:39.997972Z DEBUG logical_optimizer: logical binding uses a legacy path reason="DISTINCT output mapping"
2026-09-12T20:40:39.998860Z DEBUG logical_optimizer: logical binding uses a legacy path reason="DISTINCT output mapping"
2026-09-12T20:40:40.000027Z TRACE logical_optimizer: applied logical rule rule="PullDependentFilter"
2026-09-12T20:40:40.000122Z DEBUG logical_optimizer: applied=1 dependent_filters_pulled=1 remaining_dependencies=0 visited=5 exhausted=false
2026-09-12T20:40:40.000495Z TRACE logical_optimizer: applied logical rule rule="PullDependentFilter"
2026-09-12T20:40:40.000596Z DEBUG logical_optimizer: applied=1 dependent_filters_pulled=1 remaining_dependencies=0 visited=5 exhausted=false
2026-09-12T20:40:40.001038Z TRACE logical_optimizer: applied logical rule rule="PullDependentFilter"
2026-09-12T20:40:40.001145Z DEBUG logical_optimizer: applied=1 dependent_filters_pulled=1 remaining_dependencies=0 visited=5 exhausted=false
2026-09-12T20:40:40.001773Z TRACE logical_optimizer: applied logical rule rule="PullDependentFilter"
2026-09-12T20:40:40.001877Z DEBUG logical_optimizer: applied=1 dependent_filters_pulled=1 remaining_dependencies=0 visited=5 exhausted=false
2026-09-12T20:40:40.002718Z DEBUG logical_optimizer: logical binding uses a legacy path reason="DISTINCT output mapping"
2026-09-12T20:40:40.003085Z DEBUG logical_optimizer: logical binding uses a legacy path reason="DISTINCT output mapping"
2026-09-12T20:40:40.003614Z DEBUG logical_optimizer: logical binding uses a legacy path reason="value-producing subquery lowering"
2026-09-12T20:40:40.003731Z DEBUG logical_optimizer: logical binding uses a legacy path reason="aggregate lowering"
2026-09-12T20:40:40.004102Z DEBUG logical_optimizer: logical binding uses a legacy path reason="value-producing subquery lowering"
2026-09-12T20:40:40.004212Z DEBUG logical_optimizer: logical binding uses a legacy path reason="aggregate lowering"
2026-09-12T20:40:40.004663Z DEBUG logical_optimizer: logical binding uses a legacy path reason="value-producing subquery lowering"
2026-09-12T20:40:40.005028Z DEBUG logical_optimizer: logical binding uses a legacy path reason="value-producing subquery lowering"
2026-09-12T20:40:40.009197Z DEBUG logical_optimizer: logical binding uses a legacy path reason="value-producing subquery lowering"
2026-09-12T20:40:40.009698Z DEBUG logical_optimizer: logical binding uses a legacy path reason="value-producing subquery lowering"
2026-09-12T20:40:40.010165Z DEBUG logical_optimizer: logical binding uses a legacy path reason="value-producing subquery lowering"
2026-09-12T20:40:40.010684Z DEBUG logical_optimizer: logical binding uses a legacy path reason="value-producing subquery lowering"
2026-09-12T20:40:40.011463Z DEBUG logical_optimizer: logical binding uses a legacy path reason="DISTINCT output mapping"
2026-09-12T20:40:40.012269Z DEBUG logical_optimizer: logical binding uses a legacy path reason="DISTINCT output mapping"
2026-09-12T20:40:40.015037Z DEBUG logical_optimizer: logical binding uses a legacy path reason="value-producing subquery lowering"
2026-09-12T20:40:40.015408Z DEBUG logical_optimizer: logical binding uses a legacy path reason="value-producing subquery lowering"
2026-09-12T20:40:40.015749Z DEBUG logical_optimizer: logical binding uses a legacy path reason="value-producing subquery lowering"
2026-09-12T20:40:40.016223Z DEBUG logical_optimizer: logical binding uses a legacy path reason="value-producing subquery lowering"
2026-09-12T20:40:40.017652Z DEBUG logical_optimizer: logical binding uses a legacy path reason="value-producing subquery lowering"
2026-09-12T20:40:40.018099Z DEBUG logical_optimizer: logical binding uses a legacy path reason="value-producing subquery lowering"
2026-09-12T20:40:40.019378Z DEBUG logical_optimizer: logical binding uses a legacy path reason="value-producing subquery lowering"
2026-09-12T20:40:40.019504Z DEBUG logical_optimizer: logical binding uses a legacy path reason="aggregate lowering"
2026-09-12T20:40:40.020183Z DEBUG logical_optimizer: logical binding uses a legacy path reason="value-producing subquery lowering"
2026-09-12T20:40:40.020303Z DEBUG logical_optimizer: logical binding uses a legacy path reason="aggregate lowering"
2026-09-12T20:40:40.027546Z DEBUG logical_optimizer: logical binding uses a legacy path reason="subquery outside a direct EXISTS filter"
2026-09-12T20:40:40.027849Z DEBUG logical_optimizer: logical binding uses a legacy path reason="subquery outside a direct EXISTS filter"
2026-09-12T20:40:40.028243Z DEBUG logical_optimizer: logical binding uses a legacy path reason="scalar execution resource or subquery result"
2026-09-12T20:40:40.028557Z DEBUG logical_optimizer: logical binding uses a legacy path reason="scalar execution resource or subquery result"
2026-09-12T20:40:40.028836Z DEBUG logical_optimizer: logical binding uses a legacy path reason="scalar execution resource or subquery result"
2026-09-12T20:40:40.029375Z DEBUG logical_optimizer: logical binding uses a legacy path reason="value-producing subquery lowering"
2026-09-12T20:40:40.029750Z DEBUG logical_optimizer: logical binding uses a legacy path reason="value-producing subquery lowering"
2026-09-12T20:40:40.030205Z DEBUG logical_optimizer: logical binding uses a legacy path reason="value-producing subquery lowering"
2026-09-12T20:40:40.030865Z DEBUG logical_optimizer: logical binding uses a legacy path reason="value-producing subquery lowering"
2026-09-12T20:40:40.031502Z DEBUG logical_optimizer: logical binding uses a legacy path reason="value-producing subquery lowering"
2026-09-12T20:40:40.035237Z DEBUG logical_optimizer: logical binding uses a legacy path reason="value-producing subquery lowering"
2026-09-12T20:40:40.035351Z DEBUG logical_optimizer: logical binding uses a legacy path reason="aggregate lowering"
2026-09-12T20:40:40.035477Z TRACE logical_optimizer: applied logical rule rule="PullDependentFilter"
2026-09-12T20:40:40.035543Z DEBUG logical_optimizer: applied=1 dependent_filters_pulled=1 remaining_dependencies=0 visited=6 exhausted=false
2026-09-12T20:40:40.036160Z DEBUG logical_optimizer: logical binding uses a legacy path reason="value-producing subquery lowering"
2026-09-12T20:40:40.036277Z DEBUG logical_optimizer: logical binding uses a legacy path reason="aggregate lowering"
2026-09-12T20:40:40.036391Z TRACE logical_optimizer: applied logical rule rule="PullDependentFilter"
2026-09-12T20:40:40.036453Z DEBUG logical_optimizer: applied=1 dependent_filters_pulled=1 remaining_dependencies=0 visited=6 exhausted=false
2026-09-12T20:40:40.037174Z DEBUG logical_optimizer: logical binding uses a legacy path reason="aggregate lowering"
2026-09-12T20:40:40.037856Z DEBUG logical_optimizer: logical binding uses a legacy path reason="aggregate lowering"
2026-09-12T20:40:40.038634Z TRACE logical_optimizer: applied logical rule rule="PullDependentFilter"
2026-09-12T20:40:40.038712Z DEBUG logical_optimizer: applied=1 dependent_filters_pulled=1 remaining_dependencies=0 visited=5 exhausted=false
2026-09-12T20:40:40.039118Z TRACE logical_optimizer: applied logical rule rule="PullDependentFilter"
2026-09-12T20:40:40.039193Z DEBUG logical_optimizer: applied=1 dependent_filters_pulled=1 remaining_dependencies=0 visited=5 exhausted=false
2026-09-12T20:40:40.039774Z TRACE logical_optimizer: applied logical rule rule="PullDependentFilter"
2026-09-12T20:40:40.039861Z DEBUG logical_optimizer: applied=1 dependent_filters_pulled=1 remaining_dependencies=0 visited=5 exhausted=false
2026-09-12T20:40:40.040352Z TRACE logical_optimizer: applied logical rule rule="PullDependentFilter"
2026-09-12T20:40:40.040451Z DEBUG logical_optimizer: applied=1 dependent_filters_pulled=1 remaining_dependencies=0 visited=5 exhausted=false
2026-09-12T20:40:40.041616Z DEBUG logical_optimizer: logical binding uses a legacy path reason="value-producing subquery lowering"
2026-09-12T20:40:40.042016Z DEBUG logical_optimizer: logical binding uses a legacy path reason="value-producing subquery lowering"
2026-09-12T20:40:40.044441Z DEBUG logical_optimizer: logical binding uses a legacy path reason="value-producing subquery lowering"
2026-09-12T20:40:40.045008Z DEBUG logical_optimizer: logical binding uses a legacy path reason="value-producing subquery lowering"
2026-09-12T20:40:40.045735Z DEBUG logical_optimizer: logical binding uses a legacy path reason="aggregate lowering"
2026-09-12T20:40:40.046210Z DEBUG logical_optimizer: logical binding uses a legacy path reason="aggregate lowering"
2026-09-12T20:40:40.046586Z DEBUG logical_optimizer: logical binding uses a legacy path reason="aggregate lowering"
2026-09-12T20:40:40.047611Z DEBUG logical_optimizer: logical binding uses a legacy path reason="value-producing subquery lowering"
2026-09-12T20:40:40.048153Z DEBUG logical_optimizer: logical binding uses a legacy path reason="value-producing subquery lowering"
2026-09-12T20:40:40.049974Z DEBUG logical_optimizer: logical binding uses a legacy path reason="aggregate lowering"
2026-09-12T20:40:40.050472Z DEBUG logical_optimizer: logical binding uses a legacy path reason="aggregate lowering"
2026-09-12T20:40:40.050967Z DEBUG logical_optimizer: logical binding uses a legacy path reason="aggregate lowering"
2026-09-12T20:40:40.055059Z DEBUG logical_optimizer: logical binding uses a legacy path reason="aggregate lowering"
2026-09-12T20:40:40.055534Z DEBUG logical_optimizer: logical binding uses a legacy path reason="aggregate lowering"
2026-09-12T20:40:40.055892Z DEBUG logical_optimizer: logical binding uses a legacy path reason="aggregate lowering"
2026-09-12T20:40:40.056531Z DEBUG logical_optimizer: logical binding uses a legacy path reason="aggregate lowering"
2026-09-12T20:40:40.056647Z DEBUG logical_optimizer: logical binding uses a legacy path reason="aggregate lowering"
2026-09-12T20:40:40.057200Z DEBUG logical_optimizer: logical binding uses a legacy path reason="aggregate lowering"
2026-09-12T20:40:40.057316Z DEBUG logical_optimizer: logical binding uses a legacy path reason="aggregate lowering"
2026-09-12T20:40:40.058320Z DEBUG logical_optimizer: logical binding uses a legacy path reason="aggregate lowering"
2026-09-12T20:40:40.058452Z DEBUG logical_optimizer: logical binding uses a legacy path reason="value-producing subquery lowering"
2026-09-12T20:40:40.058576Z DEBUG logical_optimizer: logical binding uses a legacy path reason="aggregate lowering"
2026-09-12T20:40:40.059167Z DEBUG logical_optimizer: logical binding uses a legacy path reason="aggregate lowering"
2026-09-12T20:40:40.059283Z DEBUG logical_optimizer: logical binding uses a legacy path reason="value-producing subquery lowering"
2026-09-12T20:40:40.059400Z DEBUG logical_optimizer: logical binding uses a legacy path reason="aggregate lowering"
2026-09-12T20:40:40.059996Z DEBUG logical_optimizer: logical binding uses a legacy path reason="aggregate lowering"
2026-09-12T20:40:40.060127Z DEBUG logical_optimizer: logical binding uses a legacy path reason="value-producing subquery lowering"
2026-09-12T20:40:40.060271Z DEBUG logical_optimizer: logical binding uses a legacy path reason="aggregate lowering"
2026-09-12T20:40:40.061257Z DEBUG logical_optimizer: logical binding uses a legacy path reason="DISTINCT output mapping"
2026-09-12T20:40:40.061820Z DEBUG logical_optimizer: logical binding uses a legacy path reason="DISTINCT output mapping"
2026-09-12T20:40:40.062463Z DEBUG logical_optimizer: logical binding uses a legacy path reason="DISTINCT output mapping"
2026-09-12T20:40:40.063065Z DEBUG logical_optimizer: logical binding uses a legacy path reason="DISTINCT output mapping"
2026-09-12T20:40:40.069527Z DEBUG logical_optimizer: logical binding uses a legacy path reason="value-producing subquery lowering"
2026-09-12T20:40:40.069918Z DEBUG logical_optimizer: logical binding uses a legacy path reason="value-producing subquery lowering"
2026-09-12T20:40:40.070254Z DEBUG logical_optimizer: logical binding uses a legacy path reason="value-producing subquery lowering"
2026-09-12T20:40:40.070748Z DEBUG logical_optimizer: logical binding uses a legacy path reason="value-producing subquery lowering"
2026-09-12T20:40:40.071804Z DEBUG logical_optimizer: logical binding uses a legacy path reason="aggregate lowering"
2026-09-12T20:40:40.071915Z DEBUG logical_optimizer: logical binding uses a legacy path reason="value-producing subquery lowering"
2026-09-12T20:40:40.072004Z DEBUG logical_optimizer: logical binding uses a legacy path reason="aggregate lowering"
2026-09-12T20:40:40.072759Z DEBUG logical_optimizer: logical binding uses a legacy path reason="aggregate lowering"
2026-09-12T20:40:40.072889Z DEBUG logical_optimizer: logical binding uses a legacy path reason="value-producing subquery lowering"
2026-09-12T20:40:40.072993Z DEBUG logical_optimizer: logical binding uses a legacy path reason="aggregate lowering"
2026-09-12T20:40:40.076054Z DEBUG logical_optimizer: logical binding uses a legacy path reason="scalar execution resource or subquery result"
2026-09-12T20:40:40.076185Z DEBUG logical_optimizer: logical binding uses a legacy path reason="scalar execution resource or subquery result"
2026-09-12T20:40:40.076321Z DEBUG logical_optimizer: logical binding uses a legacy path reason="scalar execution resource or subquery result"
2026-09-12T20:40:40.076818Z DEBUG logical_optimizer: logical binding uses a legacy path reason="scalar execution resource or subquery result"
2026-09-12T20:40:40.076920Z DEBUG logical_optimizer: logical binding uses a legacy path reason="scalar execution resource or subquery result"
2026-09-12T20:40:40.077001Z DEBUG logical_optimizer: logical binding uses a legacy path reason="scalar execution resource or subquery result"
2026-09-12T20:40:40.077487Z DEBUG logical_optimizer: logical binding uses a legacy path reason="scalar execution resource or subquery result"
2026-09-12T20:40:40.077777Z DEBUG logical_optimizer: logical binding uses a legacy path reason="scalar execution resource or subquery result"
2026-09-12T20:40:40.080208Z TRACE logical_optimizer: declined logical rule rule="PullDependentFilter" reason="right_input_shape"
2026-09-12T20:40:40.080336Z TRACE logical_optimizer: applied logical rule rule="PullDependentFilterOverJoin"
2026-09-12T20:40:40.080428Z TRACE logical_optimizer: applied logical rule rule="MergeSelectInnerJoin"
2026-09-12T20:40:40.080545Z DEBUG logical_optimizer: applied=2 dependent_filters_pulled=1 remaining_dependencies=0 visited=10 exhausted=false
2026-09-12T20:40:40.081266Z TRACE logical_optimizer: declined logical rule rule="PullDependentFilter" reason="right_input_shape"
2026-09-12T20:40:40.081399Z TRACE logical_optimizer: applied logical rule rule="PullDependentFilterOverJoin"
2026-09-12T20:40:40.081493Z TRACE logical_optimizer: applied logical rule rule="MergeSelectInnerJoin"
2026-09-12T20:40:40.081605Z DEBUG logical_optimizer: applied=2 dependent_filters_pulled=1 remaining_dependencies=0 visited=10 exhausted=false
2026-09-12T20:40:40.082132Z TRACE logical_optimizer: declined logical rule rule="PullDependentFilter" reason="right_input_shape"
2026-09-12T20:40:40.082251Z TRACE logical_optimizer: applied logical rule rule="PullDependentFilterOverJoin"
2026-09-12T20:40:40.082343Z TRACE logical_optimizer: applied logical rule rule="MergeSelectInnerJoin"
2026-09-12T20:40:40.082439Z DEBUG logical_optimizer: applied=2 dependent_filters_pulled=1 remaining_dependencies=0 visited=10 exhausted=false
2026-09-12T20:40:40.083237Z TRACE logical_optimizer: declined logical rule rule="PullDependentFilter" reason="right_input_shape"
2026-09-12T20:40:40.083336Z TRACE logical_optimizer: applied logical rule rule="PullDependentFilterOverJoin"
2026-09-12T20:40:40.083419Z TRACE logical_optimizer: applied logical rule rule="MergeSelectInnerJoin"
2026-09-12T20:40:40.083519Z DEBUG logical_optimizer: applied=2 dependent_filters_pulled=1 remaining_dependencies=0 visited=10 exhausted=false
2026-09-12T20:40:40.088863Z DEBUG logical_optimizer: logical binding uses a legacy path reason="value-producing subquery lowering"
2026-09-12T20:40:40.089241Z DEBUG logical_optimizer: logical binding uses a legacy path reason="value-producing subquery lowering"
2026-09-12T20:40:40.089526Z DEBUG logical_optimizer: logical binding uses a legacy path reason="value-producing subquery lowering"
2026-09-12T20:40:40.090090Z DEBUG logical_optimizer: logical binding uses a legacy path reason="value-producing subquery lowering"
2026-09-12T20:40:40.090387Z DEBUG logical_optimizer: logical binding uses a legacy path reason="value-producing subquery lowering"
2026-09-12T20:40:40.090945Z DEBUG logical_optimizer: logical binding uses a legacy path reason="value-producing subquery lowering"
2026-09-12T20:40:40.092305Z DEBUG logical_optimizer: logical binding uses a legacy path reason="value-producing subquery lowering"
2026-09-12T20:40:40.092408Z DEBUG logical_optimizer: logical binding uses a legacy path reason="aggregate lowering"
2026-09-12T20:40:40.092677Z DEBUG logical_optimizer: logical binding uses a legacy path reason="value-producing subquery lowering"
2026-09-12T20:40:40.092777Z DEBUG logical_optimizer: logical binding uses a legacy path reason="scalar execution resource or subquery result"
2026-09-12T20:40:40.093771Z DEBUG logical_optimizer: logical binding uses a legacy path reason="value-producing subquery lowering"
2026-09-12T20:40:40.093863Z DEBUG logical_optimizer: logical binding uses a legacy path reason="aggregate lowering"
2026-09-12T20:40:40.094110Z DEBUG logical_optimizer: logical binding uses a legacy path reason="value-producing subquery lowering"
2026-09-12T20:40:40.094196Z DEBUG logical_optimizer: logical binding uses a legacy path reason="scalar execution resource or subquery result"
2026-09-12T20:40:40.095192Z DEBUG logical_optimizer: logical binding uses a legacy path reason="value-producing subquery lowering"
2026-09-12T20:40:40.095312Z DEBUG logical_optimizer: logical binding uses a legacy path reason="aggregate lowering"
2026-09-12T20:40:40.095515Z DEBUG logical_optimizer: logical binding uses a legacy path reason="value-producing subquery lowering"
2026-09-12T20:40:40.095637Z DEBUG logical_optimizer: logical binding uses a legacy path reason="scalar execution resource or subquery result"
2026-09-12T20:40:40.097112Z DEBUG logical_optimizer: logical binding uses a legacy path reason="value-producing subquery lowering"
2026-09-12T20:40:40.097223Z DEBUG logical_optimizer: logical binding uses a legacy path reason="aggregate lowering"
2026-09-12T20:40:40.097430Z DEBUG logical_optimizer: logical binding uses a legacy path reason="value-producing subquery lowering"
2026-09-12T20:40:40.097573Z DEBUG logical_optimizer: logical binding uses a legacy path reason="scalar execution resource or subquery result"
2026-09-12T20:40:40.100073Z DEBUG logical_optimizer: logical binding uses a legacy path reason="value-producing subquery lowering"
2026-09-12T20:40:40.100434Z DEBUG logical_optimizer: logical binding uses a legacy path reason="value-producing subquery lowering"
2026-09-12T20:40:40.100808Z TRACE logical_optimizer: applied logical rule rule="PullDependentFilter"
2026-09-12T20:40:40.100910Z DEBUG logical_optimizer: applied=1 dependent_filters_pulled=1 remaining_dependencies=0 visited=6 exhausted=false
2026-09-12T20:40:40.101422Z TRACE logical_optimizer: applied logical rule rule="PullDependentFilter"
2026-09-12T20:40:40.101523Z DEBUG logical_optimizer: applied=1 dependent_filters_pulled=1 remaining_dependencies=0 visited=6 exhausted=false
2026-09-12T20:40:40.102067Z TRACE logical_optimizer: applied logical rule rule="PullDependentFilter"
2026-09-12T20:40:40.102167Z DEBUG logical_optimizer: applied=1 dependent_filters_pulled=1 remaining_dependencies=0 visited=6 exhausted=false
2026-09-12T20:40:40.102778Z TRACE logical_optimizer: applied logical rule rule="PullDependentFilter"
2026-09-12T20:40:40.102882Z DEBUG logical_optimizer: applied=1 dependent_filters_pulled=1 remaining_dependencies=0 visited=6 exhausted=false
2026-09-12T20:40:40.103528Z DEBUG logical_optimizer: logical binding uses a legacy path reason="DISTINCT output mapping"
2026-09-12T20:40:40.103644Z DEBUG logical_optimizer: logical binding uses a legacy path reason="aggregate lowering"
2026-09-12T20:40:40.104166Z DEBUG logical_optimizer: logical binding uses a legacy path reason="DISTINCT output mapping"
2026-09-12T20:40:40.104282Z DEBUG logical_optimizer: logical binding uses a legacy path reason="aggregate lowering"
2026-09-12T20:40:40.104740Z TRACE logical_optimizer: applied logical rule rule="PullDependentFilter"
2026-09-12T20:40:40.104845Z DEBUG logical_optimizer: applied=1 dependent_filters_pulled=1 remaining_dependencies=0 visited=5 exhausted=false
2026-09-12T20:40:40.105222Z TRACE logical_optimizer: applied logical rule rule="PullDependentFilter"
2026-09-12T20:40:40.105314Z DEBUG logical_optimizer: applied=1 dependent_filters_pulled=1 remaining_dependencies=0 visited=5 exhausted=false
2026-09-12T20:40:40.105731Z TRACE logical_optimizer: applied logical rule rule="PullDependentFilter"
2026-09-12T20:40:40.105822Z DEBUG logical_optimizer: applied=1 dependent_filters_pulled=1 remaining_dependencies=0 visited=5 exhausted=false
2026-09-12T20:40:40.106318Z TRACE logical_optimizer: applied logical rule rule="PullDependentFilter"
2026-09-12T20:40:40.106454Z DEBUG logical_optimizer: applied=1 dependent_filters_pulled=1 remaining_dependencies=0 visited=5 exhausted=false
2026-09-12T20:40:40.107327Z DEBUG logical_optimizer: logical binding uses a legacy path reason="value-producing subquery lowering"
2026-09-12T20:40:40.107506Z TRACE logical_optimizer: declined logical rule rule="PullDependentFilter" reason="predicate_effects"
2026-09-12T20:40:40.107582Z TRACE logical_optimizer: declined logical rule rule="PullDependentFilterOverJoin" reason="right_input_shape"
2026-09-12T20:40:40.107667Z DEBUG logical_optimizer: applied=0 dependent_filters_pulled=0 remaining_dependencies=1 visited=7 exhausted=false
2026-09-12T20:40:40.108407Z DEBUG logical_optimizer: logical binding uses a legacy path reason="value-producing subquery lowering"
2026-09-12T20:40:40.108587Z TRACE logical_optimizer: declined logical rule rule="PullDependentFilter" reason="predicate_effects"
2026-09-12T20:40:40.108673Z TRACE logical_optimizer: declined logical rule rule="PullDependentFilterOverJoin" reason="right_input_shape"
2026-09-12T20:40:40.108778Z DEBUG logical_optimizer: applied=0 dependent_filters_pulled=0 remaining_dependencies=1 visited=7 exhausted=false
2026-09-12T20:40:40.109748Z DEBUG logical_optimizer: logical binding uses a legacy path reason="value-producing subquery lowering"
2026-09-12T20:40:40.109949Z TRACE logical_optimizer: declined logical rule rule="PullDependentFilter" reason="predicate_effects"
2026-09-12T20:40:40.110030Z TRACE logical_optimizer: declined logical rule rule="PullDependentFilterOverJoin" reason="right_input_shape"
2026-09-12T20:40:40.110115Z DEBUG logical_optimizer: applied=0 dependent_filters_pulled=0 remaining_dependencies=1 visited=7 exhausted=false
2026-09-12T20:40:40.110955Z DEBUG logical_optimizer: logical binding uses a legacy path reason="value-producing subquery lowering"
2026-09-12T20:40:40.111155Z TRACE logical_optimizer: declined logical rule rule="PullDependentFilter" reason="predicate_effects"
2026-09-12T20:40:40.111240Z TRACE logical_optimizer: declined logical rule rule="PullDependentFilterOverJoin" reason="right_input_shape"
2026-09-12T20:40:40.111327Z DEBUG logical_optimizer: applied=0 dependent_filters_pulled=0 remaining_dependencies=1 visited=7 exhausted=false
2026-09-12T20:40:40.113588Z DEBUG logical_optimizer: logical binding uses a legacy path reason="value-producing subquery lowering"
2026-09-12T20:40:40.113736Z DEBUG logical_optimizer: logical binding uses a legacy path reason="aggregate lowering"
2026-09-12T20:40:40.113863Z DEBUG logical_optimizer: logical binding uses a legacy path reason="aggregate lowering"
2026-09-12T20:40:40.113987Z DEBUG logical_optimizer: logical binding uses a legacy path reason="aggregate lowering"
2026-09-12T20:40:40.115004Z DEBUG logical_optimizer: logical binding uses a legacy path reason="value-producing subquery lowering"
2026-09-12T20:40:40.115156Z DEBUG logical_optimizer: logical binding uses a legacy path reason="aggregate lowering"
2026-09-12T20:40:40.115279Z DEBUG logical_optimizer: logical binding uses a legacy path reason="aggregate lowering"
2026-09-12T20:40:40.115399Z DEBUG logical_optimizer: logical binding uses a legacy path reason="aggregate lowering"
2026-09-12T20:40:40.116036Z TRACE logical_optimizer: applied logical rule rule="PullDependentFilter"
2026-09-12T20:40:40.116133Z DEBUG logical_optimizer: applied=1 dependent_filters_pulled=1 remaining_dependencies=0 visited=5 exhausted=false
2026-09-12T20:40:40.116586Z TRACE logical_optimizer: applied logical rule rule="PullDependentFilter"
2026-09-12T20:40:40.116683Z DEBUG logical_optimizer: applied=1 dependent_filters_pulled=1 remaining_dependencies=0 visited=5 exhausted=false
2026-09-12T20:40:40.117209Z TRACE logical_optimizer: applied logical rule rule="PullDependentFilter"
2026-09-12T20:40:40.117297Z DEBUG logical_optimizer: applied=1 dependent_filters_pulled=1 remaining_dependencies=0 visited=5 exhausted=false
2026-09-12T20:40:40.117774Z TRACE logical_optimizer: applied logical rule rule="PullDependentFilter"
2026-09-12T20:40:40.117869Z DEBUG logical_optimizer: applied=1 dependent_filters_pulled=1 remaining_dependencies=0 visited=5 exhausted=false
2026-09-12T20:40:40.118898Z DEBUG logical_optimizer: logical binding uses a legacy path reason="value-producing subquery lowering"
2026-09-12T20:40:40.119027Z DEBUG logical_optimizer: logical binding uses a legacy path reason="value-producing subquery lowering"
2026-09-12T20:40:40.119325Z DEBUG logical_optimizer: logical binding uses a legacy path reason="aggregate lowering"
2026-09-12T20:40:40.119485Z DEBUG logical_optimizer: logical binding uses a legacy path reason="value-producing subquery lowering"
2026-09-12T20:40:40.120485Z DEBUG logical_optimizer: logical binding uses a legacy path reason="value-producing subquery lowering"
2026-09-12T20:40:40.120604Z DEBUG logical_optimizer: logical binding uses a legacy path reason="value-producing subquery lowering"
2026-09-12T20:40:40.120860Z DEBUG logical_optimizer: logical binding uses a legacy path reason="aggregate lowering"
2026-09-12T20:40:40.121025Z DEBUG logical_optimizer: logical binding uses a legacy path reason="value-producing subquery lowering"
2026-09-12T20:40:40.122308Z DEBUG logical_optimizer: logical binding uses a legacy path reason="aggregate lowering"
2026-09-12T20:40:40.122425Z DEBUG logical_optimizer: logical binding uses a legacy path reason="aggregate lowering"
2026-09-12T20:40:40.123018Z DEBUG logical_optimizer: logical binding uses a legacy path reason="aggregate lowering"
2026-09-12T20:40:40.123156Z DEBUG logical_optimizer: logical binding uses a legacy path reason="aggregate lowering"
2026-09-12T20:40:40.125827Z DEBUG logical_optimizer: logical binding uses a legacy path reason="value-producing subquery lowering"
2026-09-12T20:40:40.125955Z DEBUG logical_optimizer: logical binding uses a legacy path reason="value-producing subquery lowering"
2026-09-12T20:40:40.126408Z DEBUG logical_optimizer: logical binding uses a legacy path reason="value-producing subquery lowering"
2026-09-12T20:40:40.126523Z DEBUG logical_optimizer: logical binding uses a legacy path reason="value-producing subquery lowering"
2026-09-12T20:40:40.127080Z DEBUG logical_optimizer: logical binding uses a legacy path reason="value-producing subquery lowering"
2026-09-12T20:40:40.127197Z DEBUG logical_optimizer: logical binding uses a legacy path reason="value-producing subquery lowering"
2026-09-12T20:40:40.129210Z TRACE logical_optimizer: applied logical rule rule="PullDependentFilter"
2026-09-12T20:40:40.129308Z DEBUG logical_optimizer: applied=1 dependent_filters_pulled=1 remaining_dependencies=0 visited=5 exhausted=false
2026-09-12T20:40:40.129685Z TRACE logical_optimizer: applied logical rule rule="PullDependentFilter"
2026-09-12T20:40:40.129791Z DEBUG logical_optimizer: applied=1 dependent_filters_pulled=1 remaining_dependencies=0 visited=5 exhausted=false
2026-09-12T20:40:40.130203Z TRACE logical_optimizer: applied logical rule rule="PullDependentFilter"
2026-09-12T20:40:40.130304Z DEBUG logical_optimizer: applied=1 dependent_filters_pulled=1 remaining_dependencies=0 visited=5 exhausted=false
2026-09-12T20:40:40.130781Z TRACE logical_optimizer: applied logical rule rule="PullDependentFilter"
2026-09-12T20:40:40.130874Z DEBUG logical_optimizer: applied=1 dependent_filters_pulled=1 remaining_dependencies=0 visited=5 exhausted=false
2026-09-12T20:40:40.133146Z TRACE logical_optimizer: applied logical rule rule="PullDependentFilter"
2026-09-12T20:40:40.133242Z DEBUG logical_optimizer: applied=1 dependent_filters_pulled=1 remaining_dependencies=0 visited=4 exhausted=false
2026-09-12T20:40:40.133549Z TRACE logical_optimizer: applied logical rule rule="PullDependentFilter"
2026-09-12T20:40:40.133641Z DEBUG logical_optimizer: applied=1 dependent_filters_pulled=1 remaining_dependencies=0 visited=4 exhausted=false
2026-09-12T20:40:40.147677Z DEBUG logical_optimizer: logical binding uses a legacy path reason="value-producing subquery lowering"
2026-09-12T20:40:40.147791Z DEBUG logical_optimizer: logical binding uses a legacy path reason="value-producing subquery lowering"
2026-09-12T20:40:40.148297Z DEBUG logical_optimizer: logical binding uses a legacy path reason="value-producing subquery lowering"
2026-09-12T20:40:40.148422Z DEBUG logical_optimizer: logical binding uses a legacy path reason="value-producing subquery lowering"
2026-09-12T20:40:40.148965Z DEBUG logical_optimizer: logical binding uses a legacy path reason="scalar execution resource or subquery result"
2026-09-12T20:40:40.149380Z DEBUG logical_optimizer: logical binding uses a legacy path reason="scalar execution resource or subquery result"
2026-09-12T20:40:40.149961Z DEBUG logical_optimizer: logical binding uses a legacy path reason="scalar execution resource or subquery result"
2026-09-12T20:40:40.150983Z TRACE logical_optimizer: applied logical rule rule="PullDependentFilter"
2026-09-12T20:40:40.151062Z DEBUG logical_optimizer: applied=1 dependent_filters_pulled=1 remaining_dependencies=0 visited=5 exhausted=false
2026-09-12T20:40:40.151505Z TRACE logical_optimizer: applied logical rule rule="PullDependentFilter"
2026-09-12T20:40:40.151592Z DEBUG logical_optimizer: applied=1 dependent_filters_pulled=1 remaining_dependencies=0 visited=5 exhausted=false
2026-09-12T20:40:40.151957Z TRACE logical_optimizer: applied logical rule rule="PullDependentFilter"
2026-09-12T20:40:40.152047Z DEBUG logical_optimizer: applied=1 dependent_filters_pulled=1 remaining_dependencies=0 visited=5 exhausted=false
2026-09-12T20:40:40.152569Z TRACE logical_optimizer: applied logical rule rule="PullDependentFilter"
2026-09-12T20:40:40.152658Z DEBUG logical_optimizer: applied=1 dependent_filters_pulled=1 remaining_dependencies=0 visited=5 exhausted=false
2026-09-12T20:40:40.153991Z DEBUG logical_optimizer: logical binding uses a legacy path reason="value-producing subquery lowering"
2026-09-12T20:40:40.154255Z DEBUG logical_optimizer: logical binding uses a legacy path reason="value-producing subquery lowering"
2026-09-12T20:40:40.154749Z DEBUG logical_optimizer: logical binding uses a legacy path reason="value-producing subquery lowering"
2026-09-12T20:40:40.154988Z DEBUG logical_optimizer: logical binding uses a legacy path reason="value-producing subquery lowering"
2026-09-12T20:40:40.157027Z DEBUG logical_optimizer: logical binding uses a legacy path reason="DISTINCT output mapping"
2026-09-12T20:40:40.157403Z DEBUG logical_optimizer: logical binding uses a legacy path reason="DISTINCT output mapping"
2026-09-12T20:40:40.157865Z DEBUG logical_optimizer: logical binding uses a legacy path reason="DISTINCT output mapping"
2026-09-12T20:40:40.163345Z DEBUG logical_optimizer: logical binding uses a legacy path reason="aggregate lowering"
2026-09-12T20:40:40.163472Z DEBUG logical_optimizer: logical binding uses a legacy path reason="value-producing subquery lowering"
2026-09-12T20:40:40.163557Z DEBUG logical_optimizer: logical binding uses a legacy path reason="value-producing subquery lowering"
2026-09-12T20:40:40.163679Z DEBUG logical_optimizer: logical binding uses a legacy path reason="value-producing subquery lowering"
2026-09-12T20:40:40.163765Z DEBUG logical_optimizer: logical binding uses a legacy path reason="value-producing subquery lowering"
2026-09-12T20:40:40.165360Z DEBUG logical_optimizer: logical binding uses a legacy path reason="aggregate lowering"
2026-09-12T20:40:40.165488Z DEBUG logical_optimizer: logical binding uses a legacy path reason="value-producing subquery lowering"
2026-09-12T20:40:40.165586Z DEBUG logical_optimizer: logical binding uses a legacy path reason="value-producing subquery lowering"
2026-09-12T20:40:40.165711Z DEBUG logical_optimizer: logical binding uses a legacy path reason="value-producing subquery lowering"
2026-09-12T20:40:40.165795Z DEBUG logical_optimizer: logical binding uses a legacy path reason="value-producing subquery lowering"
2026-09-12T20:40:40.167343Z DEBUG logical_optimizer: logical binding uses a legacy path reason="value-producing subquery lowering"
2026-09-12T20:40:40.167444Z DEBUG logical_optimizer: logical binding uses a legacy path reason="value-producing subquery lowering"
2026-09-12T20:40:40.168023Z DEBUG logical_optimizer: logical binding uses a legacy path reason="value-producing subquery lowering"
2026-09-12T20:40:40.168115Z DEBUG logical_optimizer: logical binding uses a legacy path reason="value-producing subquery lowering"
2026-09-12T20:40:40.168597Z DEBUG logical_optimizer: logical binding uses a legacy path reason="value-producing subquery lowering"
2026-09-12T20:40:40.168694Z DEBUG logical_optimizer: logical binding uses a legacy path reason="value-producing subquery lowering"
2026-09-12T20:40:40.169464Z DEBUG logical_optimizer: logical binding uses a legacy path reason="value-producing subquery lowering"
2026-09-12T20:40:40.169557Z DEBUG logical_optimizer: logical binding uses a legacy path reason="value-producing subquery lowering"
2026-09-12T20:40:40.170133Z TRACE logical_optimizer: declined logical rule rule="PullDependentFilter" reason="right_input_shape"
2026-09-12T20:40:40.170231Z TRACE logical_optimizer: applied logical rule rule="PullDependentFilterOverJoin"
2026-09-12T20:40:40.170302Z TRACE logical_optimizer: applied logical rule rule="MergeSelectInnerJoin"
2026-09-12T20:40:40.170380Z DEBUG logical_optimizer: applied=2 dependent_filters_pulled=1 remaining_dependencies=0 visited=10 exhausted=false
2026-09-12T20:40:40.170906Z TRACE logical_optimizer: declined logical rule rule="PullDependentFilter" reason="right_input_shape"
2026-09-12T20:40:40.170988Z TRACE logical_optimizer: applied logical rule rule="PullDependentFilterOverJoin"
2026-09-12T20:40:40.171045Z TRACE logical_optimizer: applied logical rule rule="MergeSelectInnerJoin"
2026-09-12T20:40:40.171108Z DEBUG logical_optimizer: applied=2 dependent_filters_pulled=1 remaining_dependencies=0 visited=10 exhausted=false
2026-09-12T20:40:40.171495Z TRACE logical_optimizer: declined logical rule rule="PullDependentFilter" reason="right_input_shape"
2026-09-12T20:40:40.171592Z TRACE logical_optimizer: applied logical rule rule="PullDependentFilterOverJoin"
2026-09-12T20:40:40.171654Z TRACE logical_optimizer: applied logical rule rule="MergeSelectInnerJoin"
2026-09-12T20:40:40.171722Z DEBUG logical_optimizer: applied=2 dependent_filters_pulled=1 remaining_dependencies=0 visited=10 exhausted=false
2026-09-12T20:40:40.172432Z TRACE logical_optimizer: declined logical rule rule="PullDependentFilter" reason="right_input_shape"
2026-09-12T20:40:40.172520Z TRACE logical_optimizer: applied logical rule rule="PullDependentFilterOverJoin"
2026-09-12T20:40:40.172573Z TRACE logical_optimizer: applied logical rule rule="MergeSelectInnerJoin"
2026-09-12T20:40:40.172637Z DEBUG logical_optimizer: applied=2 dependent_filters_pulled=1 remaining_dependencies=0 visited=10 exhausted=false
2026-09-12T20:40:40.173368Z TRACE logical_optimizer: declined logical rule rule="PullDependentFilter" reason="right_input_shape"
2026-09-12T20:40:40.173461Z TRACE logical_optimizer: applied logical rule rule="PullDependentFilterOverJoin"
2026-09-12T20:40:40.173520Z TRACE logical_optimizer: applied logical rule rule="MergeSelectInnerJoin"
2026-09-12T20:40:40.173585Z DEBUG logical_optimizer: applied=2 dependent_filters_pulled=1 remaining_dependencies=0 visited=10 exhausted=false
2026-09-12T20:40:40.174083Z TRACE logical_optimizer: declined logical rule rule="PullDependentFilter" reason="right_input_shape"
2026-09-12T20:40:40.174183Z TRACE logical_optimizer: applied logical rule rule="PullDependentFilterOverJoin"
2026-09-12T20:40:40.174246Z TRACE logical_optimizer: applied logical rule rule="MergeSelectInnerJoin"
2026-09-12T20:40:40.174318Z DEBUG logical_optimizer: applied=2 dependent_filters_pulled=1 remaining_dependencies=0 visited=10 exhausted=false
2026-09-12T20:40:40.174845Z TRACE logical_optimizer: declined logical rule rule="PullDependentFilter" reason="right_input_shape"
2026-09-12T20:40:40.174932Z TRACE logical_optimizer: applied logical rule rule="PullDependentFilterOverJoin"
2026-09-12T20:40:40.174986Z TRACE logical_optimizer: applied logical rule rule="MergeSelectInnerJoin"
2026-09-12T20:40:40.175048Z DEBUG logical_optimizer: applied=2 dependent_filters_pulled=1 remaining_dependencies=0 visited=10 exhausted=false
2026-09-12T20:40:40.175758Z TRACE logical_optimizer: declined logical rule rule="PullDependentFilter" reason="right_input_shape"
2026-09-12T20:40:40.175844Z TRACE logical_optimizer: applied logical rule rule="PullDependentFilterOverJoin"
2026-09-12T20:40:40.175898Z TRACE logical_optimizer: applied logical rule rule="MergeSelectInnerJoin"
2026-09-12T20:40:40.175962Z DEBUG logical_optimizer: applied=2 dependent_filters_pulled=1 remaining_dependencies=0 visited=10 exhausted=false
2026-09-12T20:40:40.176898Z DEBUG logical_optimizer: logical binding uses a legacy path reason="DISTINCT output mapping"
2026-09-12T20:40:40.177390Z DEBUG logical_optimizer: logical binding uses a legacy path reason="DISTINCT output mapping"
2026-09-12T20:40:40.178191Z DEBUG logical_optimizer: logical binding uses a legacy path reason="DISTINCT output mapping"
2026-09-12T20:40:40.178765Z DEBUG logical_optimizer: logical binding uses a legacy path reason="DISTINCT output mapping"
2026-09-12T20:40:40.182734Z DEBUG logical_optimizer: logical binding uses a legacy path reason="DISTINCT output mapping"
2026-09-12T20:40:40.182892Z DEBUG logical_optimizer: logical binding uses a legacy path reason="scalar execution resource or subquery result"
2026-09-12T20:40:40.183088Z DEBUG logical_optimizer: logical binding uses a legacy path reason="aggregate lowering"
2026-09-12T20:40:40.183993Z DEBUG logical_optimizer: logical binding uses a legacy path reason="DISTINCT output mapping"
2026-09-12T20:40:40.184124Z DEBUG logical_optimizer: logical binding uses a legacy path reason="scalar execution resource or subquery result"
2026-09-12T20:40:40.184272Z DEBUG logical_optimizer: logical binding uses a legacy path reason="aggregate lowering"
2026-09-12T20:40:40.185006Z DEBUG logical_optimizer: logical binding uses a legacy path reason="DISTINCT output mapping"
2026-09-12T20:40:40.185131Z DEBUG logical_optimizer: logical binding uses a legacy path reason="scalar execution resource or subquery result"
2026-09-12T20:40:40.185279Z DEBUG logical_optimizer: logical binding uses a legacy path reason="aggregate lowering"
2026-09-12T20:40:40.186912Z DEBUG logical_optimizer: logical binding uses a legacy path reason="aggregate lowering"
2026-09-12T20:40:40.187345Z DEBUG logical_optimizer: logical binding uses a legacy path reason="aggregate lowering"
2026-09-12T20:40:40.188292Z DEBUG logical_optimizer: logical binding uses a legacy path reason="value-producing subquery lowering"
2026-09-12T20:40:40.188446Z DEBUG logical_optimizer: logical binding uses a legacy path reason="value-producing subquery lowering"
2026-09-12T20:40:40.188640Z DEBUG logical_optimizer: logical binding uses a legacy path reason="scalar execution resource or subquery result"
2026-09-12T20:40:40.189206Z DEBUG logical_optimizer: logical binding uses a legacy path reason="value-producing subquery lowering"
2026-09-12T20:40:40.189321Z DEBUG logical_optimizer: logical binding uses a legacy path reason="value-producing subquery lowering"
2026-09-12T20:40:40.189453Z DEBUG logical_optimizer: logical binding uses a legacy path reason="scalar execution resource or subquery result"
2026-09-12T20:40:40.189902Z DEBUG logical_optimizer: logical binding uses a legacy path reason="value-producing subquery lowering"
2026-09-12T20:40:40.190017Z DEBUG logical_optimizer: logical binding uses a legacy path reason="value-producing subquery lowering"
2026-09-12T20:40:40.190147Z DEBUG logical_optimizer: logical binding uses a legacy path reason="scalar execution resource or subquery result"
2026-09-12T20:40:40.191545Z DEBUG logical_optimizer: logical binding uses a legacy path reason="DISTINCT output mapping"
2026-09-12T20:40:40.192163Z DEBUG logical_optimizer: logical binding uses a legacy path reason="DISTINCT output mapping"
2026-09-12T20:40:40.193042Z DEBUG logical_optimizer: logical binding uses a legacy path reason="aggregate lowering"
2026-09-12T20:40:40.193548Z DEBUG logical_optimizer: logical binding uses a legacy path reason="aggregate lowering"
2026-09-12T20:40:40.194421Z DEBUG logical_optimizer: logical binding uses a legacy path reason="value-producing subquery lowering"
2026-09-12T20:40:40.194819Z DEBUG logical_optimizer: logical binding uses a legacy path reason="value-producing subquery lowering"
2026-09-12T20:40:40.195431Z DEBUG logical_optimizer: logical binding uses a legacy path reason="value-producing subquery lowering"
2026-09-12T20:40:40.196047Z DEBUG logical_optimizer: logical binding uses a legacy path reason="value-producing subquery lowering"
2026-09-12T20:40:40.196765Z TRACE logical_optimizer: applied logical rule rule="PullDependentFilter"
2026-09-12T20:40:40.196863Z DEBUG logical_optimizer: applied=1 dependent_filters_pulled=1 remaining_dependencies=0 visited=5 exhausted=false
2026-09-12T20:40:40.197274Z TRACE logical_optimizer: applied logical rule rule="PullDependentFilter"
2026-09-12T20:40:40.197377Z DEBUG logical_optimizer: applied=1 dependent_filters_pulled=1 remaining_dependencies=0 visited=5 exhausted=false
2026-09-12T20:40:40.197815Z TRACE logical_optimizer: applied logical rule rule="PullDependentFilter"
2026-09-12T20:40:40.197906Z DEBUG logical_optimizer: applied=1 dependent_filters_pulled=1 remaining_dependencies=0 visited=5 exhausted=false
2026-09-12T20:40:40.198417Z TRACE logical_optimizer: applied logical rule rule="PullDependentFilter"
2026-09-12T20:40:40.198516Z DEBUG logical_optimizer: applied=1 dependent_filters_pulled=1 remaining_dependencies=0 visited=5 exhausted=false
2026-09-12T20:40:40.200001Z TRACE logical_optimizer: applied logical rule rule="PullDependentFilter"
2026-09-12T20:40:40.200101Z DEBUG logical_optimizer: applied=1 dependent_filters_pulled=1 remaining_dependencies=0 visited=5 exhausted=false
2026-09-12T20:40:40.200474Z TRACE logical_optimizer: applied logical rule rule="PullDependentFilter"
2026-09-12T20:40:40.200562Z DEBUG logical_optimizer: applied=1 dependent_filters_pulled=1 remaining_dependencies=0 visited=5 exhausted=false
2026-09-12T20:40:40.201024Z TRACE logical_optimizer: applied logical rule rule="PullDependentFilter"
2026-09-12T20:40:40.201113Z DEBUG logical_optimizer: applied=1 dependent_filters_pulled=1 remaining_dependencies=0 visited=5 exhausted=false
2026-09-12T20:40:40.201598Z TRACE logical_optimizer: applied logical rule rule="PullDependentFilter"
2026-09-12T20:40:40.201689Z DEBUG logical_optimizer: applied=1 dependent_filters_pulled=1 remaining_dependencies=0 visited=5 exhausted=false
2026-09-12T20:40:40.203097Z DEBUG logical_optimizer: logical binding uses a legacy path reason="DISTINCT output mapping"
2026-09-12T20:40:40.203785Z DEBUG logical_optimizer: logical binding uses a legacy path reason="DISTINCT output mapping"
2026-09-12T20:40:40.205004Z DEBUG logical_optimizer: logical binding uses a legacy path reason="DISTINCT output mapping"
2026-09-12T20:40:40.206103Z DEBUG logical_optimizer: logical binding uses a legacy path reason="DISTINCT output mapping"
2026-09-12T20:40:40.207296Z DEBUG logical_optimizer: logical binding uses a legacy path reason="aggregate lowering"
2026-09-12T20:40:40.207556Z DEBUG logical_optimizer: logical binding uses a legacy path reason="aggregate lowering"
2026-09-12T20:40:40.208588Z DEBUG logical_optimizer: logical binding uses a legacy path reason="aggregate lowering"
2026-09-12T20:40:40.208809Z DEBUG logical_optimizer: logical binding uses a legacy path reason="aggregate lowering"
2026-09-12T20:40:40.211780Z TRACE logical_optimizer: applied logical rule rule="PullDependentFilter"
2026-09-12T20:40:40.211879Z DEBUG logical_optimizer: applied=1 dependent_filters_pulled=1 remaining_dependencies=0 visited=6 exhausted=false
2026-09-12T20:40:40.212200Z TRACE logical_optimizer: applied logical rule rule="PullDependentFilter"
2026-09-12T20:40:40.212293Z DEBUG logical_optimizer: applied=1 dependent_filters_pulled=1 remaining_dependencies=0 visited=6 exhausted=false
2026-09-12T20:40:40.212894Z DEBUG logical_optimizer: logical binding uses a legacy path reason="value-producing subquery lowering"
2026-09-12T20:40:40.213020Z DEBUG logical_optimizer: logical binding uses a legacy path reason="aggregate lowering"
2026-09-12T20:40:40.213206Z DEBUG logical_optimizer: logical binding uses a legacy path reason="aggregate lowering"
2026-09-12T20:40:40.213325Z DEBUG logical_optimizer: logical binding uses a legacy path reason="aggregate lowering"
2026-09-12T20:40:40.214004Z DEBUG logical_optimizer: logical binding uses a legacy path reason="value-producing subquery lowering"
2026-09-12T20:40:40.214119Z DEBUG logical_optimizer: logical binding uses a legacy path reason="aggregate lowering"
2026-09-12T20:40:40.214249Z DEBUG logical_optimizer: logical binding uses a legacy path reason="aggregate lowering"
2026-09-12T20:40:40.214371Z DEBUG logical_optimizer: logical binding uses a legacy path reason="aggregate lowering"
2026-09-12T20:40:40.215095Z DEBUG logical_optimizer: logical binding uses a legacy path reason="value-producing subquery lowering"
2026-09-12T20:40:40.215227Z DEBUG logical_optimizer: logical binding uses a legacy path reason="aggregate lowering"
2026-09-12T20:40:40.215341Z DEBUG logical_optimizer: logical binding uses a legacy path reason="aggregate lowering"
2026-09-12T20:40:40.215456Z DEBUG logical_optimizer: logical binding uses a legacy path reason="aggregate lowering"
2026-09-12T20:40:40.216647Z DEBUG logical_optimizer: logical binding uses a legacy path reason="value-producing subquery lowering"
2026-09-12T20:40:40.216765Z DEBUG logical_optimizer: logical binding uses a legacy path reason="aggregate lowering"
2026-09-12T20:40:40.216890Z DEBUG logical_optimizer: logical binding uses a legacy path reason="aggregate lowering"
2026-09-12T20:40:40.217007Z DEBUG logical_optimizer: logical binding uses a legacy path reason="aggregate lowering"
2026-09-12T20:40:40.217764Z TRACE logical_optimizer: declined logical rule rule="PullDependentFilter" reason="right_input_shape"
2026-09-12T20:40:40.217871Z TRACE logical_optimizer: applied logical rule rule="PullDependentFilterOverJoin"
2026-09-12T20:40:40.217949Z TRACE logical_optimizer: applied logical rule rule="MergeSelectInnerJoin"
2026-09-12T20:40:40.218038Z DEBUG logical_optimizer: applied=2 dependent_filters_pulled=1 remaining_dependencies=0 visited=10 exhausted=false
2026-09-12T20:40:40.218706Z TRACE logical_optimizer: declined logical rule rule="PullDependentFilter" reason="right_input_shape"
2026-09-12T20:40:40.218814Z TRACE logical_optimizer: applied logical rule rule="PullDependentFilterOverJoin"
2026-09-12T20:40:40.218894Z TRACE logical_optimizer: applied logical rule rule="MergeSelectInnerJoin"
2026-09-12T20:40:40.218979Z DEBUG logical_optimizer: applied=2 dependent_filters_pulled=1 remaining_dependencies=0 visited=10 exhausted=false
2026-09-12T20:40:40.219618Z TRACE logical_optimizer: declined logical rule rule="PullDependentFilter" reason="right_input_shape"
2026-09-12T20:40:40.219716Z TRACE logical_optimizer: applied logical rule rule="PullDependentFilterOverJoin"
2026-09-12T20:40:40.219795Z TRACE logical_optimizer: applied logical rule rule="MergeSelectInnerJoin"
2026-09-12T20:40:40.219884Z DEBUG logical_optimizer: applied=2 dependent_filters_pulled=1 remaining_dependencies=0 visited=10 exhausted=false
2026-09-12T20:40:40.220690Z TRACE logical_optimizer: declined logical rule rule="PullDependentFilter" reason="right_input_shape"
2026-09-12T20:40:40.220796Z TRACE logical_optimizer: applied logical rule rule="PullDependentFilterOverJoin"
2026-09-12T20:40:40.220875Z TRACE logical_optimizer: applied logical rule rule="MergeSelectInnerJoin"
2026-09-12T20:40:40.220962Z DEBUG logical_optimizer: applied=2 dependent_filters_pulled=1 remaining_dependencies=0 visited=10 exhausted=false
2026-09-12T20:40:40.222654Z DEBUG logical_optimizer: logical binding uses a legacy path reason="aggregate lowering"
2026-09-12T20:40:40.223020Z DEBUG logical_optimizer: logical binding uses a legacy path reason="aggregate lowering"
2026-09-12T20:40:40.223796Z DEBUG logical_optimizer: logical binding uses a legacy path reason="value-producing subquery lowering"
2026-09-12T20:40:40.223931Z DEBUG logical_optimizer: logical binding uses a legacy path reason="value-producing subquery lowering"
2026-09-12T20:40:40.224234Z TRACE logical_optimizer: declined logical rule rule="PullDependentFilter" reason="predicate_effects"
2026-09-12T20:40:40.224320Z TRACE logical_optimizer: declined logical rule rule="PullDependentFilterOverJoin" reason="right_input_shape"
2026-09-12T20:40:40.224408Z DEBUG logical_optimizer: applied=0 dependent_filters_pulled=0 remaining_dependencies=1 visited=6 exhausted=false
2026-09-12T20:40:40.225932Z DEBUG logical_optimizer: logical binding uses a legacy path reason="value-producing subquery lowering"
2026-09-12T20:40:40.226062Z DEBUG logical_optimizer: logical binding uses a legacy path reason="value-producing subquery lowering"
2026-09-12T20:40:40.226337Z TRACE logical_optimizer: declined logical rule rule="PullDependentFilter" reason="predicate_effects"
2026-09-12T20:40:40.226419Z TRACE logical_optimizer: declined logical rule rule="PullDependentFilterOverJoin" reason="right_input_shape"
2026-09-12T20:40:40.226507Z DEBUG logical_optimizer: applied=0 dependent_filters_pulled=0 remaining_dependencies=1 visited=6 exhausted=false
2026-09-12T20:40:40.234946Z DEBUG logical_optimizer: logical binding uses a legacy path reason="value-producing subquery lowering"
2026-09-12T20:40:40.235071Z DEBUG logical_optimizer: logical binding uses a legacy path reason="value-producing subquery lowering"
2026-09-12T20:40:40.235361Z DEBUG logical_optimizer: logical binding uses a legacy path reason="value-producing subquery lowering"
2026-09-12T20:40:40.236278Z DEBUG logical_optimizer: logical binding uses a legacy path reason="value-producing subquery lowering"
2026-09-12T20:40:40.236395Z DEBUG logical_optimizer: logical binding uses a legacy path reason="value-producing subquery lowering"
2026-09-12T20:40:40.236613Z DEBUG logical_optimizer: logical binding uses a legacy path reason="value-producing subquery lowering"
2026-09-12T20:40:40.237206Z TRACE logical_optimizer: declined logical rule rule="PullDependentFilter" reason="right_input_shape"
2026-09-12T20:40:40.237285Z TRACE logical_optimizer: applied logical rule rule="PullDependentFilterOverJoin"
2026-09-12T20:40:40.237338Z TRACE logical_optimizer: applied logical rule rule="MergeSelectInnerJoin"
2026-09-12T20:40:40.237401Z DEBUG logical_optimizer: applied=2 dependent_filters_pulled=1 remaining_dependencies=0 visited=10 exhausted=false
2026-09-12T20:40:40.238010Z TRACE logical_optimizer: declined logical rule rule="PullDependentFilter" reason="right_input_shape"
2026-09-12T20:40:40.238100Z TRACE logical_optimizer: applied logical rule rule="PullDependentFilterOverJoin"
2026-09-12T20:40:40.238157Z TRACE logical_optimizer: applied logical rule rule="MergeSelectInnerJoin"
2026-09-12T20:40:40.238224Z DEBUG logical_optimizer: applied=2 dependent_filters_pulled=1 remaining_dependencies=0 visited=10 exhausted=false
2026-09-12T20:40:40.238825Z TRACE logical_optimizer: declined logical rule rule="PullDependentFilter" reason="right_input_shape"
2026-09-12T20:40:40.238895Z TRACE logical_optimizer: applied logical rule rule="PullDependentFilterOverJoin"
2026-09-12T20:40:40.238949Z TRACE logical_optimizer: applied logical rule rule="MergeSelectInnerJoin"
2026-09-12T20:40:40.239013Z DEBUG logical_optimizer: applied=2 dependent_filters_pulled=1 remaining_dependencies=0 visited=10 exhausted=false
2026-09-12T20:40:40.239758Z TRACE logical_optimizer: declined logical rule rule="PullDependentFilter" reason="right_input_shape"
2026-09-12T20:40:40.239859Z TRACE logical_optimizer: applied logical rule rule="PullDependentFilterOverJoin"
2026-09-12T20:40:40.239927Z TRACE logical_optimizer: applied logical rule rule="MergeSelectInnerJoin"
2026-09-12T20:40:40.240002Z DEBUG logical_optimizer: applied=2 dependent_filters_pulled=1 remaining_dependencies=0 visited=10 exhausted=false
2026-09-12T20:40:40.241219Z TRACE logical_optimizer: applied logical rule rule="PullDependentFilter"
2026-09-12T20:40:40.241296Z DEBUG logical_optimizer: applied=1 dependent_filters_pulled=1 remaining_dependencies=0 visited=5 exhausted=false
2026-09-12T20:40:40.241665Z TRACE logical_optimizer: applied logical rule rule="PullDependentFilter"
2026-09-12T20:40:40.241787Z DEBUG logical_optimizer: applied=1 dependent_filters_pulled=1 remaining_dependencies=0 visited=5 exhausted=false
2026-09-12T20:40:40.242477Z TRACE logical_optimizer: applied logical rule rule="PullDependentFilter"
2026-09-12T20:40:40.242540Z DEBUG logical_optimizer: applied=1 dependent_filters_pulled=1 remaining_dependencies=0 visited=5 exhausted=false
2026-09-12T20:40:40.243018Z TRACE logical_optimizer: applied logical rule rule="PullDependentFilter"
2026-09-12T20:40:40.243104Z DEBUG logical_optimizer: applied=1 dependent_filters_pulled=1 remaining_dependencies=0 visited=5 exhausted=false
2026-09-12T20:40:40.244341Z DEBUG logical_optimizer: logical binding uses a legacy path reason="DISTINCT output mapping"
2026-09-12T20:40:40.244783Z DEBUG logical_optimizer: logical binding uses a legacy path reason="DISTINCT output mapping"
2026-09-12T20:40:40.245209Z DEBUG logical_optimizer: logical binding uses a legacy path reason="value-producing subquery lowering"
2026-09-12T20:40:40.245717Z DEBUG logical_optimizer: logical binding uses a legacy path reason="value-producing subquery lowering"
2026-09-12T20:40:40.246320Z DEBUG logical_optimizer: logical binding uses a legacy path reason="value-producing subquery lowering"
2026-09-12T20:40:40.246888Z DEBUG logical_optimizer: logical binding uses a legacy path reason="value-producing subquery lowering"
2026-09-12T20:40:40.247972Z DEBUG logical_optimizer: logical binding uses a legacy path reason="value-producing subquery lowering"
2026-09-12T20:40:40.248353Z DEBUG logical_optimizer: logical binding uses a legacy path reason="value-producing subquery lowering"
2026-09-12T20:40:40.248903Z DEBUG logical_optimizer: logical binding uses a legacy path reason="aggregate lowering"
2026-09-12T20:40:40.249585Z DEBUG logical_optimizer: logical binding uses a legacy path reason="aggregate lowering"
2026-09-12T20:40:40.250104Z DEBUG logical_optimizer: logical binding uses a legacy path reason="aggregate lowering"
2026-09-12T20:40:40.250919Z DEBUG logical_optimizer: logical binding uses a legacy path reason="scalar execution resource or subquery result"
2026-09-12T20:40:40.251241Z DEBUG logical_optimizer: logical binding uses a legacy path reason="scalar execution resource or subquery result"
2026-09-12T20:40:40.251561Z DEBUG logical_optimizer: logical binding uses a legacy path reason="value-producing subquery lowering"
2026-09-12T20:40:40.251940Z DEBUG logical_optimizer: logical binding uses a legacy path reason="value-producing subquery lowering"
2026-09-12T20:40:40.252288Z DEBUG logical_optimizer: logical binding uses a legacy path reason="value-producing subquery lowering"
2026-09-12T20:40:40.252802Z DEBUG logical_optimizer: logical binding uses a legacy path reason="value-producing subquery lowering"
2026-09-12T20:40:40.253244Z DEBUG logical_optimizer: logical binding uses a legacy path reason="value-producing subquery lowering"
2026-09-12T20:40:40.253697Z DEBUG logical_optimizer: logical binding uses a legacy path reason="value-producing subquery lowering"
2026-09-12T20:40:40.254119Z TRACE logical_optimizer: applied logical rule rule="PullDependentFilter"
2026-09-12T20:40:40.254224Z DEBUG logical_optimizer: applied=1 dependent_filters_pulled=1 remaining_dependencies=0 visited=4 exhausted=false
2026-09-12T20:40:40.254544Z TRACE logical_optimizer: applied logical rule rule="PullDependentFilter"
2026-09-12T20:40:40.254637Z DEBUG logical_optimizer: applied=1 dependent_filters_pulled=1 remaining_dependencies=0 visited=4 exhausted=false
2026-09-12T20:40:40.254922Z TRACE logical_optimizer: applied logical rule rule="PullDependentFilter"
2026-09-12T20:40:40.255017Z DEBUG logical_optimizer: applied=1 dependent_filters_pulled=1 remaining_dependencies=0 visited=4 exhausted=false
2026-09-12T20:40:40.255456Z TRACE logical_optimizer: applied logical rule rule="PullDependentFilter"
2026-09-12T20:40:40.255548Z DEBUG logical_optimizer: applied=1 dependent_filters_pulled=1 remaining_dependencies=0 visited=4 exhausted=false
2026-09-12T20:40:40.259221Z TRACE logical_optimizer: applied logical rule rule="PullDependentFilter"
2026-09-12T20:40:40.259325Z DEBUG logical_optimizer: applied=1 dependent_filters_pulled=1 remaining_dependencies=0 visited=4 exhausted=false
2026-09-12T20:40:40.259736Z TRACE logical_optimizer: applied logical rule rule="PullDependentFilter"
2026-09-12T20:40:40.259833Z DEBUG logical_optimizer: applied=1 dependent_filters_pulled=1 remaining_dependencies=0 visited=4 exhausted=false
2026-09-12T20:40:40.260125Z TRACE logical_optimizer: applied logical rule rule="PullDependentFilter"
2026-09-12T20:40:40.260218Z DEBUG logical_optimizer: applied=1 dependent_filters_pulled=1 remaining_dependencies=0 visited=4 exhausted=false
2026-09-12T20:40:40.260657Z TRACE logical_optimizer: applied logical rule rule="PullDependentFilter"
2026-09-12T20:40:40.260747Z DEBUG logical_optimizer: applied=1 dependent_filters_pulled=1 remaining_dependencies=0 visited=4 exhausted=false
2026-09-12T20:40:40.262043Z DEBUG logical_optimizer: logical binding uses a legacy path reason="value-producing subquery lowering"
2026-09-12T20:40:40.262445Z DEBUG logical_optimizer: logical binding uses a legacy path reason="value-producing subquery lowering"
2026-09-12T20:40:40.262803Z DEBUG logical_optimizer: logical binding uses a legacy path reason="value-producing subquery lowering"
2026-09-12T20:40:40.263357Z DEBUG logical_optimizer: logical binding uses a legacy path reason="value-producing subquery lowering"
2026-09-12T20:40:40.263959Z DEBUG logical_optimizer: logical binding uses a legacy path reason="DISTINCT output mapping"
2026-09-12T20:40:40.264391Z DEBUG logical_optimizer: logical binding uses a legacy path reason="DISTINCT output mapping"
2026-09-12T20:40:40.264741Z TRACE logical_optimizer: declined logical rule rule="PullDependentFilter" reason="right_input_shape"
2026-09-12T20:40:40.264850Z TRACE logical_optimizer: applied logical rule rule="PullDependentFilterOverJoin"
2026-09-12T20:40:40.264933Z TRACE logical_optimizer: applied logical rule rule="MergeSelectInnerJoin"
2026-09-12T20:40:40.265032Z DEBUG logical_optimizer: applied=2 dependent_filters_pulled=1 remaining_dependencies=0 visited=10 exhausted=false
2026-09-12T20:40:40.265616Z TRACE logical_optimizer: declined logical rule rule="PullDependentFilter" reason="right_input_shape"
2026-09-12T20:40:40.265732Z TRACE logical_optimizer: applied logical rule rule="PullDependentFilterOverJoin"
2026-09-12T20:40:40.265822Z TRACE logical_optimizer: applied logical rule rule="MergeSelectInnerJoin"
2026-09-12T20:40:40.265921Z DEBUG logical_optimizer: applied=2 dependent_filters_pulled=1 remaining_dependencies=0 visited=10 exhausted=false
2026-09-12T20:40:40.266426Z TRACE logical_optimizer: declined logical rule rule="PullDependentFilter" reason="right_input_shape"
2026-09-12T20:40:40.266530Z TRACE logical_optimizer: applied logical rule rule="PullDependentFilterOverJoin"
2026-09-12T20:40:40.266608Z TRACE logical_optimizer: applied logical rule rule="MergeSelectInnerJoin"
2026-09-12T20:40:40.266713Z DEBUG logical_optimizer: applied=2 dependent_filters_pulled=1 remaining_dependencies=0 visited=10 exhausted=false
2026-09-12T20:40:40.267500Z TRACE logical_optimizer: declined logical rule rule="PullDependentFilter" reason="right_input_shape"
2026-09-12T20:40:40.267605Z TRACE logical_optimizer: applied logical rule rule="PullDependentFilterOverJoin"
2026-09-12T20:40:40.267689Z TRACE logical_optimizer: applied logical rule rule="MergeSelectInnerJoin"
2026-09-12T20:40:40.267784Z DEBUG logical_optimizer: applied=2 dependent_filters_pulled=1 remaining_dependencies=0 visited=10 exhausted=false
2026-09-12T20:40:40.272242Z DEBUG logical_optimizer: logical binding uses a legacy path reason="value-producing subquery lowering"
2026-09-12T20:40:40.272372Z DEBUG logical_optimizer: logical binding uses a legacy path reason="aggregate lowering"
2026-09-12T20:40:40.272536Z DEBUG logical_optimizer: logical binding uses a legacy path reason="value-producing subquery lowering"
2026-09-12T20:40:40.273476Z DEBUG logical_optimizer: logical binding uses a legacy path reason="value-producing subquery lowering"
2026-09-12T20:40:40.273672Z DEBUG logical_optimizer: logical binding uses a legacy path reason="aggregate lowering"
2026-09-12T20:40:40.273844Z DEBUG logical_optimizer: logical binding uses a legacy path reason="value-producing subquery lowering"
2026-09-12T20:40:40.274429Z DEBUG logical_optimizer: logical binding uses a legacy path reason="DISTINCT output mapping"
2026-09-12T20:40:40.274885Z DEBUG logical_optimizer: logical binding uses a legacy path reason="DISTINCT output mapping"
2026-09-12T20:40:40.275547Z DEBUG logical_optimizer: logical binding uses a legacy path reason="DISTINCT output mapping"
2026-09-12T20:40:40.276075Z DEBUG logical_optimizer: logical binding uses a legacy path reason="DISTINCT output mapping"
2026-09-12T20:40:40.277211Z TRACE logical_optimizer: declined logical rule rule="PullDependentFilter" reason="right_input_shape"
2026-09-12T20:40:40.277317Z TRACE logical_optimizer: applied logical rule rule="PullDependentFilterOverJoin"
2026-09-12T20:40:40.277400Z TRACE logical_optimizer: applied logical rule rule="MergeSelectInnerJoin"
2026-09-12T20:40:40.277487Z DEBUG logical_optimizer: applied=2 dependent_filters_pulled=1 remaining_dependencies=0 visited=10 exhausted=false
2026-09-12T20:40:40.278093Z TRACE logical_optimizer: declined logical rule rule="PullDependentFilter" reason="right_input_shape"
2026-09-12T20:40:40.278201Z TRACE logical_optimizer: applied logical rule rule="PullDependentFilterOverJoin"
2026-09-12T20:40:40.278278Z TRACE logical_optimizer: applied logical rule rule="MergeSelectInnerJoin"
2026-09-12T20:40:40.278375Z DEBUG logical_optimizer: applied=2 dependent_filters_pulled=1 remaining_dependencies=0 visited=10 exhausted=false
2026-09-12T20:40:40.278923Z TRACE logical_optimizer: declined logical rule rule="PullDependentFilter" reason="right_input_shape"
2026-09-12T20:40:40.279037Z TRACE logical_optimizer: applied logical rule rule="PullDependentFilterOverJoin"
2026-09-12T20:40:40.279124Z TRACE logical_optimizer: applied logical rule rule="MergeSelectInnerJoin"
2026-09-12T20:40:40.279224Z DEBUG logical_optimizer: applied=2 dependent_filters_pulled=1 remaining_dependencies=0 visited=10 exhausted=false
2026-09-12T20:40:40.280009Z TRACE logical_optimizer: declined logical rule rule="PullDependentFilter" reason="right_input_shape"
2026-09-12T20:40:40.280122Z TRACE logical_optimizer: applied logical rule rule="PullDependentFilterOverJoin"
2026-09-12T20:40:40.280216Z TRACE logical_optimizer: applied logical rule rule="MergeSelectInnerJoin"
2026-09-12T20:40:40.280312Z DEBUG logical_optimizer: applied=2 dependent_filters_pulled=1 remaining_dependencies=0 visited=10 exhausted=false
2026-09-12T20:40:40.286681Z DEBUG logical_optimizer: logical binding uses a legacy path reason="aggregate lowering"
2026-09-12T20:40:40.286817Z DEBUG logical_optimizer: logical binding uses a legacy path reason="scalar execution resource or subquery result"
2026-09-12T20:40:40.287392Z DEBUG logical_optimizer: logical binding uses a legacy path reason="aggregate lowering"
2026-09-12T20:40:40.287520Z DEBUG logical_optimizer: logical binding uses a legacy path reason="scalar execution resource or subquery result"
2026-09-12T20:40:40.287933Z DEBUG logical_optimizer: logical binding uses a legacy path reason="aggregate lowering"
2026-09-12T20:40:40.288026Z DEBUG logical_optimizer: logical binding uses a legacy path reason="scalar execution resource or subquery result"
2026-09-12T20:40:40.288762Z DEBUG logical_optimizer: logical binding uses a legacy path reason="value-producing subquery lowering"
2026-09-12T20:40:40.289221Z DEBUG logical_optimizer: logical binding uses a legacy path reason="value-producing subquery lowering"
2026-09-12T20:40:40.293426Z TRACE logical_optimizer: applied logical rule rule="PullDependentFilter"
2026-09-12T20:40:40.293566Z DEBUG logical_optimizer: applied=1 dependent_filters_pulled=1 remaining_dependencies=0 visited=5 exhausted=false
2026-09-12T20:40:40.293919Z TRACE logical_optimizer: applied logical rule rule="PullDependentFilter"
2026-09-12T20:40:40.294003Z DEBUG logical_optimizer: applied=1 dependent_filters_pulled=1 remaining_dependencies=0 visited=5 exhausted=false
2026-09-12T20:40:40.294284Z TRACE logical_optimizer: applied logical rule rule="PullDependentFilter"
2026-09-12T20:40:40.294347Z DEBUG logical_optimizer: applied=1 dependent_filters_pulled=1 remaining_dependencies=0 visited=5 exhausted=false
2026-09-12T20:40:40.294805Z TRACE logical_optimizer: applied logical rule rule="PullDependentFilter"
2026-09-12T20:40:40.294879Z DEBUG logical_optimizer: applied=1 dependent_filters_pulled=1 remaining_dependencies=0 visited=5 exhausted=false
2026-09-12T20:40:40.297255Z DEBUG logical_optimizer: logical binding uses a legacy path reason="value-producing subquery lowering"
2026-09-12T20:40:40.297658Z DEBUG logical_optimizer: logical binding uses a legacy path reason="value-producing subquery lowering"
2026-09-12T20:40:40.298101Z DEBUG logical_optimizer: logical binding uses a legacy path reason="value-producing subquery lowering"
2026-09-12T20:40:40.298488Z DEBUG logical_optimizer: logical binding uses a legacy path reason="value-producing subquery lowering"
2026-09-12T20:40:40.301736Z DEBUG logical_optimizer: logical binding uses a legacy path reason="value-producing subquery lowering"
2026-09-12T20:40:40.301885Z TRACE logical_optimizer: applied logical rule rule="PullDependentFilter"
2026-09-12T20:40:40.301980Z DEBUG logical_optimizer: applied=1 dependent_filters_pulled=1 remaining_dependencies=0 visited=5 exhausted=false
2026-09-12T20:40:40.302658Z DEBUG logical_optimizer: logical binding uses a legacy path reason="value-producing subquery lowering"
2026-09-12T20:40:40.302812Z TRACE logical_optimizer: applied logical rule rule="PullDependentFilter"
2026-09-12T20:40:40.302918Z DEBUG logical_optimizer: applied=1 dependent_filters_pulled=1 remaining_dependencies=0 visited=5 exhausted=false
2026-09-12T20:40:40.303743Z DEBUG logical_optimizer: logical binding uses a legacy path reason="value-producing subquery lowering"
2026-09-12T20:40:40.303872Z TRACE logical_optimizer: applied logical rule rule="PullDependentFilter"
2026-09-12T20:40:40.303978Z DEBUG logical_optimizer: applied=1 dependent_filters_pulled=1 remaining_dependencies=0 visited=5 exhausted=false
2026-09-12T20:40:40.304926Z DEBUG logical_optimizer: logical binding uses a legacy path reason="value-producing subquery lowering"
2026-09-12T20:40:40.305067Z TRACE logical_optimizer: applied logical rule rule="PullDependentFilter"
2026-09-12T20:40:40.305169Z DEBUG logical_optimizer: applied=1 dependent_filters_pulled=1 remaining_dependencies=0 visited=5 exhausted=false
2026-09-12T20:40:40.308564Z DEBUG logical_optimizer: logical binding uses a legacy path reason="aggregate lowering"
2026-09-12T20:40:40.308697Z DEBUG logical_optimizer: logical binding uses a legacy path reason="aggregate lowering"
2026-09-12T20:40:40.309203Z DEBUG logical_optimizer: logical binding uses a legacy path reason="aggregate lowering"
2026-09-12T20:40:40.309325Z DEBUG logical_optimizer: logical binding uses a legacy path reason="aggregate lowering"
2026-09-12T20:40:40.309826Z DEBUG logical_optimizer: logical binding uses a legacy path reason="aggregate lowering"
2026-09-12T20:40:40.309944Z DEBUG logical_optimizer: logical binding uses a legacy path reason="aggregate lowering"
2026-09-12T20:40:40.310616Z DEBUG logical_optimizer: logical binding uses a legacy path reason="aggregate lowering"
2026-09-12T20:40:40.310735Z DEBUG logical_optimizer: logical binding uses a legacy path reason="aggregate lowering"
2026-09-12T20:40:40.311463Z DEBUG logical_optimizer: logical binding uses a legacy path reason="subquery outside a direct EXISTS filter"
2026-09-12T20:40:40.311830Z DEBUG logical_optimizer: logical binding uses a legacy path reason="subquery outside a direct EXISTS filter"
2026-09-12T20:40:40.312219Z DEBUG logical_optimizer: logical binding uses a legacy path reason="subquery outside a direct EXISTS filter"
2026-09-12T20:40:40.312769Z TRACE logical_optimizer: applied logical rule rule="PullDependentFilter"
2026-09-12T20:40:40.312911Z DEBUG logical_optimizer: applied=1 dependent_filters_pulled=1 remaining_dependencies=0 visited=5 exhausted=false
2026-09-12T20:40:40.313334Z TRACE logical_optimizer: applied logical rule rule="PullDependentFilter"
2026-09-12T20:40:40.313432Z DEBUG logical_optimizer: applied=1 dependent_filters_pulled=1 remaining_dependencies=0 visited=5 exhausted=false
2026-09-12T20:40:40.313870Z TRACE logical_optimizer: applied logical rule rule="PullDependentFilter"
2026-09-12T20:40:40.313960Z DEBUG logical_optimizer: applied=1 dependent_filters_pulled=1 remaining_dependencies=0 visited=5 exhausted=false
2026-09-12T20:40:40.314488Z TRACE logical_optimizer: applied logical rule rule="PullDependentFilter"
2026-09-12T20:40:40.314588Z DEBUG logical_optimizer: applied=1 dependent_filters_pulled=1 remaining_dependencies=0 visited=5 exhausted=false
2026-09-12T20:40:40.315356Z TRACE logical_optimizer: declined logical rule rule="PullDependentFilter" reason="right_input_shape"
2026-09-12T20:40:40.315473Z TRACE logical_optimizer: applied logical rule rule="PullDependentFilterOverJoin"
2026-09-12T20:40:40.315567Z TRACE logical_optimizer: applied logical rule rule="MergeSelectInnerJoin"
2026-09-12T20:40:40.315672Z DEBUG logical_optimizer: applied=2 dependent_filters_pulled=1 remaining_dependencies=0 visited=10 exhausted=false
2026-09-12T20:40:40.316364Z TRACE logical_optimizer: declined logical rule rule="PullDependentFilter" reason="right_input_shape"
2026-09-12T20:40:40.316477Z TRACE logical_optimizer: applied logical rule rule="PullDependentFilterOverJoin"
2026-09-12T20:40:40.316565Z TRACE logical_optimizer: applied logical rule rule="MergeSelectInnerJoin"
2026-09-12T20:40:40.316661Z DEBUG logical_optimizer: applied=2 dependent_filters_pulled=1 remaining_dependencies=0 visited=10 exhausted=false
2026-09-12T20:40:40.317229Z TRACE logical_optimizer: declined logical rule rule="PullDependentFilter" reason="right_input_shape"
2026-09-12T20:40:40.317334Z TRACE logical_optimizer: applied logical rule rule="PullDependentFilterOverJoin"
2026-09-12T20:40:40.317414Z TRACE logical_optimizer: applied logical rule rule="MergeSelectInnerJoin"
2026-09-12T20:40:40.317499Z DEBUG logical_optimizer: applied=2 dependent_filters_pulled=1 remaining_dependencies=0 visited=10 exhausted=false
2026-09-12T20:40:40.318258Z TRACE logical_optimizer: declined logical rule rule="PullDependentFilter" reason="right_input_shape"
2026-09-12T20:40:40.318355Z TRACE logical_optimizer: applied logical rule rule="PullDependentFilterOverJoin"
2026-09-12T20:40:40.318431Z TRACE logical_optimizer: applied logical rule rule="MergeSelectInnerJoin"
2026-09-12T20:40:40.318520Z DEBUG logical_optimizer: applied=2 dependent_filters_pulled=1 remaining_dependencies=0 visited=10 exhausted=false
2026-09-12T20:40:40.319863Z DEBUG logical_optimizer: logical binding uses a legacy path reason="value-producing subquery lowering"
2026-09-12T20:40:40.319990Z DEBUG logical_optimizer: logical binding uses a legacy path reason="aggregate lowering"
2026-09-12T20:40:40.320742Z DEBUG logical_optimizer: logical binding uses a legacy path reason="value-producing subquery lowering"
2026-09-12T20:40:40.320870Z DEBUG logical_optimizer: logical binding uses a legacy path reason="aggregate lowering"
2026-09-12T20:40:40.321909Z DEBUG logical_optimizer: logical binding uses a legacy path reason="value-producing subquery lowering"
2026-09-12T20:40:40.322034Z DEBUG logical_optimizer: logical binding uses a legacy path reason="aggregate lowering"
2026-09-12T20:40:40.330869Z DEBUG logical_optimizer: logical binding uses a legacy path reason="DISTINCT output mapping"
2026-09-12T20:40:40.331184Z DEBUG logical_optimizer: logical binding uses a legacy path reason="DISTINCT output mapping"
2026-09-12T20:40:40.331467Z DEBUG logical_optimizer: logical binding uses a legacy path reason="DISTINCT output mapping"
2026-09-12T20:40:40.332235Z DEBUG logical_optimizer: logical binding uses a legacy path reason="value-producing subquery lowering"
2026-09-12T20:40:40.332326Z DEBUG logical_optimizer: logical binding uses a legacy path reason="aggregate lowering"
2026-09-12T20:40:40.332478Z TRACE logical_optimizer: applied logical rule rule="PullDependentFilter"
2026-09-12T20:40:40.332570Z DEBUG logical_optimizer: applied=1 dependent_filters_pulled=1 remaining_dependencies=0 visited=5 exhausted=false
2026-09-12T20:40:40.332810Z DEBUG logical_optimizer: logical binding uses a legacy path reason="aggregate lowering"
2026-09-12T20:40:40.333543Z DEBUG logical_optimizer: logical binding uses a legacy path reason="value-producing subquery lowering"
2026-09-12T20:40:40.333650Z DEBUG logical_optimizer: logical binding uses a legacy path reason="aggregate lowering"
2026-09-12T20:40:40.333763Z TRACE logical_optimizer: applied logical rule rule="PullDependentFilter"
2026-09-12T20:40:40.333824Z DEBUG logical_optimizer: applied=1 dependent_filters_pulled=1 remaining_dependencies=0 visited=5 exhausted=false
2026-09-12T20:40:40.334015Z DEBUG logical_optimizer: logical binding uses a legacy path reason="aggregate lowering"
2026-09-12T20:40:40.334558Z DEBUG logical_optimizer: logical binding uses a legacy path reason="value-producing subquery lowering"
2026-09-12T20:40:40.334637Z DEBUG logical_optimizer: logical binding uses a legacy path reason="aggregate lowering"
2026-09-12T20:40:40.334737Z TRACE logical_optimizer: applied logical rule rule="PullDependentFilter"
2026-09-12T20:40:40.334796Z DEBUG logical_optimizer: applied=1 dependent_filters_pulled=1 remaining_dependencies=0 visited=5 exhausted=false
2026-09-12T20:40:40.334931Z DEBUG logical_optimizer: logical binding uses a legacy path reason="aggregate lowering"
2026-09-12T20:40:40.336069Z DEBUG logical_optimizer: logical binding uses a legacy path reason="value-producing subquery lowering"
2026-09-12T20:40:40.336183Z DEBUG logical_optimizer: logical binding uses a legacy path reason="aggregate lowering"
2026-09-12T20:40:40.336302Z TRACE logical_optimizer: applied logical rule rule="PullDependentFilter"
2026-09-12T20:40:40.336370Z DEBUG logical_optimizer: applied=1 dependent_filters_pulled=1 remaining_dependencies=0 visited=5 exhausted=false
2026-09-12T20:40:40.336513Z DEBUG logical_optimizer: logical binding uses a legacy path reason="aggregate lowering"
2026-09-12T20:40:40.342107Z DEBUG logical_optimizer: logical binding uses a legacy path reason="aggregate lowering"
2026-09-12T20:40:40.342226Z DEBUG logical_optimizer: logical binding uses a legacy path reason="aggregate lowering"
2026-09-12T20:40:40.342772Z DEBUG logical_optimizer: logical binding uses a legacy path reason="aggregate lowering"
2026-09-12T20:40:40.342886Z DEBUG logical_optimizer: logical binding uses a legacy path reason="aggregate lowering"
2026-09-12T20:40:40.343272Z DEBUG logical_optimizer: logical binding uses a legacy path reason="aggregate lowering"
2026-09-12T20:40:40.343352Z DEBUG logical_optimizer: logical binding uses a legacy path reason="aggregate lowering"
2026-09-12T20:40:40.349462Z DEBUG logical_optimizer: logical binding uses a legacy path reason="scalar execution resource or subquery result"
2026-09-12T20:40:40.349801Z DEBUG logical_optimizer: logical binding uses a legacy path reason="scalar execution resource or subquery result"
2026-09-12T20:40:40.359433Z DEBUG logical_optimizer: logical binding uses a legacy path reason="value-producing subquery lowering"
2026-09-12T20:40:40.359594Z DEBUG logical_optimizer: logical binding uses a legacy path reason="value-producing subquery lowering"
2026-09-12T20:40:40.359716Z DEBUG logical_optimizer: logical binding uses a legacy path reason="value-producing subquery lowering"
2026-09-12T20:40:40.359829Z DEBUG logical_optimizer: logical binding uses a legacy path reason="value-producing subquery lowering"
2026-09-12T20:40:40.361358Z DEBUG logical_optimizer: logical binding uses a legacy path reason="value-producing subquery lowering"
2026-09-12T20:40:40.361512Z DEBUG logical_optimizer: logical binding uses a legacy path reason="value-producing subquery lowering"
2026-09-12T20:40:40.361662Z DEBUG logical_optimizer: logical binding uses a legacy path reason="value-producing subquery lowering"
2026-09-12T20:40:40.361823Z DEBUG logical_optimizer: logical binding uses a legacy path reason="value-producing subquery lowering"
2026-09-12T20:40:40.367077Z DEBUG logical_optimizer: logical binding uses a legacy path reason="aggregate lowering"
2026-09-12T20:40:40.367630Z DEBUG logical_optimizer: logical binding uses a legacy path reason="aggregate lowering"
2026-09-12T20:40:40.367972Z DEBUG logical_optimizer: logical binding uses a legacy path reason="aggregate lowering"
2026-09-12T20:40:40.368719Z DEBUG logical_optimizer: logical binding uses a legacy path reason="value-producing subquery lowering"
2026-09-12T20:40:40.368831Z DEBUG logical_optimizer: logical binding uses a legacy path reason="value-producing subquery lowering"
2026-09-12T20:40:40.368920Z DEBUG logical_optimizer: logical binding uses a legacy path reason="aggregate lowering"
2026-09-12T20:40:40.369500Z DEBUG logical_optimizer: logical binding uses a legacy path reason="value-producing subquery lowering"
2026-09-12T20:40:40.369635Z DEBUG logical_optimizer: logical binding uses a legacy path reason="value-producing subquery lowering"
2026-09-12T20:40:40.369738Z DEBUG logical_optimizer: logical binding uses a legacy path reason="aggregate lowering"
2026-09-12T20:40:40.373223Z DEBUG logical_optimizer: logical binding uses a legacy path reason="value-producing subquery lowering"
2026-09-12T20:40:40.373415Z DEBUG logical_optimizer: logical binding uses a legacy path reason="aggregate lowering"
2026-09-12T20:40:40.374427Z DEBUG logical_optimizer: logical binding uses a legacy path reason="value-producing subquery lowering"
2026-09-12T20:40:40.374596Z DEBUG logical_optimizer: logical binding uses a legacy path reason="aggregate lowering"
2026-09-12T20:40:40.375627Z DEBUG logical_optimizer: logical binding uses a legacy path reason="value-producing subquery lowering"
2026-09-12T20:40:40.376242Z DEBUG logical_optimizer: logical binding uses a legacy path reason="value-producing subquery lowering"
2026-09-12T20:40:40.377473Z DEBUG logical_optimizer: logical binding uses a legacy path reason="aggregate lowering"
2026-09-12T20:40:40.377620Z DEBUG logical_optimizer: logical binding uses a legacy path reason="aggregate lowering"
2026-09-12T20:40:40.377716Z DEBUG logical_optimizer: logical binding uses a legacy path reason="aggregate lowering"
2026-09-12T20:40:40.377800Z DEBUG logical_optimizer: logical binding uses a legacy path reason="aggregate lowering"
2026-09-12T20:40:40.378756Z DEBUG logical_optimizer: logical binding uses a legacy path reason="aggregate lowering"
2026-09-12T20:40:40.378884Z DEBUG logical_optimizer: logical binding uses a legacy path reason="aggregate lowering"
2026-09-12T20:40:40.378966Z DEBUG logical_optimizer: logical binding uses a legacy path reason="aggregate lowering"
2026-09-12T20:40:40.379041Z DEBUG logical_optimizer: logical binding uses a legacy path reason="aggregate lowering"
2026-09-12T20:40:40.381834Z DEBUG logical_optimizer: logical binding uses a legacy path reason="DISTINCT output mapping"
2026-09-12T20:40:40.382225Z DEBUG logical_optimizer: logical binding uses a legacy path reason="DISTINCT output mapping"
2026-09-12T20:40:40.385028Z DEBUG logical_optimizer: logical binding uses a legacy path reason="value-producing subquery lowering"
2026-09-12T20:40:40.385584Z DEBUG logical_optimizer: logical binding uses a legacy path reason="value-producing subquery lowering"
2026-09-12T20:40:40.386315Z DEBUG logical_optimizer: logical binding uses a legacy path reason="value-producing subquery lowering"
2026-09-12T20:40:40.386833Z DEBUG logical_optimizer: logical binding uses a legacy path reason="value-producing subquery lowering"
2026-09-12T20:40:40.391973Z DEBUG logical_optimizer: logical binding uses a legacy path reason="value-producing subquery lowering"
2026-09-12T20:40:40.392210Z TRACE logical_optimizer: applied logical rule rule="PullDependentFilter"
2026-09-12T20:40:40.392319Z DEBUG logical_optimizer: applied=1 dependent_filters_pulled=1 remaining_dependencies=0 visited=5 exhausted=false
2026-09-12T20:40:40.393017Z DEBUG logical_optimizer: logical binding uses a legacy path reason="value-producing subquery lowering"
2026-09-12T20:40:40.393197Z TRACE logical_optimizer: applied logical rule rule="PullDependentFilter"
2026-09-12T20:40:40.393304Z DEBUG logical_optimizer: applied=1 dependent_filters_pulled=1 remaining_dependencies=0 visited=5 exhausted=false
2026-09-12T20:40:40.397012Z DEBUG logical_optimizer: logical binding uses a legacy path reason="aggregate lowering"
2026-09-12T20:40:40.397350Z DEBUG logical_optimizer: logical binding uses a legacy path reason="value-producing subquery lowering"
2026-09-12T20:40:40.397506Z DEBUG logical_optimizer: logical binding uses a legacy path reason="value-producing subquery lowering"
2026-09-12T20:40:40.399139Z DEBUG logical_optimizer: logical binding uses a legacy path reason="aggregate lowering"
2026-09-12T20:40:40.399350Z DEBUG logical_optimizer: logical binding uses a legacy path reason="value-producing subquery lowering"
2026-09-12T20:40:40.399477Z DEBUG logical_optimizer: logical binding uses a legacy path reason="value-producing subquery lowering"
2026-09-12T20:40:40.401390Z DEBUG logical_optimizer: logical binding uses a legacy path reason="aggregate lowering"
2026-09-12T20:40:40.401548Z DEBUG logical_optimizer: logical binding uses a legacy path reason="aggregate lowering"
2026-09-12T20:40:40.401891Z DEBUG logical_optimizer: logical binding uses a legacy path reason="aggregate lowering"
2026-09-12T20:40:40.403092Z DEBUG logical_optimizer: logical binding uses a legacy path reason="aggregate lowering"
2026-09-12T20:40:40.403241Z DEBUG logical_optimizer: logical binding uses a legacy path reason="aggregate lowering"
2026-09-12T20:40:40.403521Z DEBUG logical_optimizer: logical binding uses a legacy path reason="aggregate lowering"
2026-09-12T20:40:40.404429Z DEBUG logical_optimizer: logical binding uses a legacy path reason="DISTINCT output mapping"
2026-09-12T20:40:40.404583Z DEBUG logical_optimizer: logical binding uses a legacy path reason="aggregate lowering"
2026-09-12T20:40:40.404731Z DEBUG logical_optimizer: logical binding uses a legacy path reason="value-producing subquery lowering"
2026-09-12T20:40:40.404864Z DEBUG logical_optimizer: logical binding uses a legacy path reason="aggregate lowering"
2026-09-12T20:40:40.405571Z DEBUG logical_optimizer: logical binding uses a legacy path reason="DISTINCT output mapping"
2026-09-12T20:40:40.405704Z DEBUG logical_optimizer: logical binding uses a legacy path reason="aggregate lowering"
2026-09-12T20:40:40.405839Z DEBUG logical_optimizer: logical binding uses a legacy path reason="value-producing subquery lowering"
2026-09-12T20:40:40.405962Z DEBUG logical_optimizer: logical binding uses a legacy path reason="aggregate lowering"
2026-09-12T20:40:40.406756Z DEBUG logical_optimizer: logical binding uses a legacy path reason="DISTINCT output mapping"
2026-09-12T20:40:40.407291Z DEBUG logical_optimizer: logical binding uses a legacy path reason="aggregate lowering"
2026-09-12T20:40:40.407439Z DEBUG logical_optimizer: logical binding uses a legacy path reason="value-producing subquery lowering"
2026-09-12T20:40:40.407588Z DEBUG logical_optimizer: logical binding uses a legacy path reason="aggregate lowering"
2026-09-12T20:40:40.409528Z DEBUG logical_optimizer: logical binding uses a legacy path reason="aggregate lowering"
2026-09-12T20:40:40.409997Z DEBUG logical_optimizer: logical binding uses a legacy path reason="value-producing subquery lowering"
2026-09-12T20:40:40.410766Z DEBUG logical_optimizer: logical binding uses a legacy path reason="aggregate lowering"
2026-09-12T20:40:40.411160Z DEBUG logical_optimizer: logical binding uses a legacy path reason="value-producing subquery lowering"
2026-09-12T20:40:40.414239Z DEBUG logical_optimizer: logical binding uses a legacy path reason="value-producing subquery lowering"
2026-09-12T20:40:40.414641Z DEBUG logical_optimizer: logical binding uses a legacy path reason="value-producing subquery lowering"
2026-09-12T20:40:40.415092Z TRACE logical_optimizer: applied logical rule rule="PullDependentFilter"
2026-09-12T20:40:40.415601Z DEBUG logical_optimizer: applied=1 dependent_filters_pulled=1 remaining_dependencies=0 visited=5 exhausted=false
2026-09-12T20:40:40.416031Z TRACE logical_optimizer: applied logical rule rule="PullDependentFilter"
2026-09-12T20:40:40.416146Z DEBUG logical_optimizer: applied=1 dependent_filters_pulled=1 remaining_dependencies=0 visited=5 exhausted=false
2026-09-12T20:40:40.416502Z TRACE logical_optimizer: applied logical rule rule="PullDependentFilter"
2026-09-12T20:40:40.416623Z DEBUG logical_optimizer: applied=1 dependent_filters_pulled=1 remaining_dependencies=0 visited=5 exhausted=false
2026-09-12T20:40:40.417264Z TRACE logical_optimizer: applied logical rule rule="PullDependentFilter"
2026-09-12T20:40:40.417386Z DEBUG logical_optimizer: applied=1 dependent_filters_pulled=1 remaining_dependencies=0 visited=5 exhausted=false
2026-09-12T20:40:40.418691Z DEBUG logical_optimizer: logical binding uses a legacy path reason="value-producing subquery lowering"
2026-09-12T20:40:40.419732Z DEBUG logical_optimizer: logical binding uses a legacy path reason="value-producing subquery lowering"
2026-09-12T20:40:40.420531Z DEBUG logical_optimizer: logical binding uses a legacy path reason="value-producing subquery lowering"
2026-09-12T20:40:40.420981Z DEBUG logical_optimizer: logical binding uses a legacy path reason="value-producing subquery lowering"
2026-09-12T20:40:40.421674Z DEBUG logical_optimizer: logical binding uses a legacy path reason="value-producing subquery lowering"
2026-09-12T20:40:40.422768Z DEBUG logical_optimizer: logical binding uses a legacy path reason="aggregate lowering"
2026-09-12T20:40:40.423646Z DEBUG logical_optimizer: logical binding uses a legacy path reason="aggregate lowering"
2026-09-12T20:40:40.424621Z DEBUG logical_optimizer: logical binding uses a legacy path reason="aggregate lowering"
2026-09-12T20:40:40.425544Z DEBUG logical_optimizer: logical binding uses a legacy path reason="aggregate lowering"
2026-09-12T20:40:40.426874Z TRACE logical_optimizer: applied logical rule rule="PullDependentFilter"
2026-09-12T20:40:40.427016Z DEBUG logical_optimizer: applied=1 dependent_filters_pulled=1 remaining_dependencies=0 visited=5 exhausted=false
2026-09-12T20:40:40.427431Z TRACE logical_optimizer: applied logical rule rule="PullDependentFilter"
2026-09-12T20:40:40.427537Z DEBUG logical_optimizer: applied=1 dependent_filters_pulled=1 remaining_dependencies=0 visited=5 exhausted=false
2026-09-12T20:40:40.427867Z TRACE logical_optimizer: applied logical rule rule="PullDependentFilter"
2026-09-12T20:40:40.427976Z DEBUG logical_optimizer: applied=1 dependent_filters_pulled=1 remaining_dependencies=0 visited=5 exhausted=false
2026-09-12T20:40:40.428503Z TRACE logical_optimizer: applied logical rule rule="PullDependentFilter"
2026-09-12T20:40:40.428614Z DEBUG logical_optimizer: applied=1 dependent_filters_pulled=1 remaining_dependencies=0 visited=5 exhausted=false
2026-09-12T20:40:40.436063Z DEBUG logical_optimizer: logical binding uses a legacy path reason="DISTINCT output mapping"
2026-09-12T20:40:40.436225Z DEBUG logical_optimizer: logical binding uses a legacy path reason="value-producing subquery lowering"
2026-09-12T20:40:40.436444Z DEBUG logical_optimizer: logical binding uses a legacy path reason="aggregate lowering"
2026-09-12T20:40:40.437269Z DEBUG logical_optimizer: logical binding uses a legacy path reason="DISTINCT output mapping"
2026-09-12T20:40:40.437389Z DEBUG logical_optimizer: logical binding uses a legacy path reason="value-producing subquery lowering"
2026-09-12T20:40:40.437550Z DEBUG logical_optimizer: logical binding uses a legacy path reason="aggregate lowering"
2026-09-12T20:40:40.440274Z DEBUG logical_optimizer: logical binding uses a legacy path reason="value-producing subquery lowering"
2026-09-12T20:40:40.441935Z DEBUG logical_optimizer: logical binding uses a legacy path reason="value-producing subquery lowering"
2026-09-12T20:40:40.443688Z DEBUG logical_optimizer: logical binding uses a legacy path reason="value-producing subquery lowering"
2026-09-12T20:40:40.444382Z DEBUG logical_optimizer: logical binding uses a legacy path reason="value-producing subquery lowering"
2026-09-12T20:40:40.445245Z DEBUG logical_optimizer: logical binding uses a legacy path reason="value-producing subquery lowering"
2026-09-12T20:40:40.445863Z DEBUG logical_optimizer: logical binding uses a legacy path reason="value-producing subquery lowering"
2026-09-12T20:40:40.447705Z DEBUG logical_optimizer: logical binding uses a legacy path reason="value-producing subquery lowering"
2026-09-12T20:40:40.447890Z DEBUG logical_optimizer: logical binding uses a legacy path reason="aggregate lowering"
2026-09-12T20:40:40.448057Z DEBUG logical_optimizer: logical binding uses a legacy path reason="aggregate lowering"
2026-09-12T20:40:40.448805Z DEBUG logical_optimizer: logical binding uses a legacy path reason="value-producing subquery lowering"
2026-09-12T20:40:40.448955Z DEBUG logical_optimizer: logical binding uses a legacy path reason="aggregate lowering"
2026-09-12T20:40:40.449118Z DEBUG logical_optimizer: logical binding uses a legacy path reason="aggregate lowering"
2026-09-12T20:40:40.450614Z DEBUG logical_optimizer: logical binding uses a legacy path reason="DISTINCT output mapping"
2026-09-12T20:40:40.450780Z DEBUG logical_optimizer: logical binding uses a legacy path reason="value-producing subquery lowering"
2026-09-12T20:40:40.451989Z DEBUG logical_optimizer: logical binding uses a legacy path reason="DISTINCT output mapping"
2026-09-12T20:40:40.452128Z DEBUG logical_optimizer: logical binding uses a legacy path reason="value-producing subquery lowering"
2026-09-12T20:40:40.453687Z DEBUG logical_optimizer: logical binding uses a legacy path reason="aggregate lowering"
2026-09-12T20:40:40.454652Z DEBUG logical_optimizer: logical binding uses a legacy path reason="aggregate lowering"
2026-09-12T20:40:40.455628Z DEBUG logical_optimizer: logical binding uses a legacy path reason="aggregate lowering"
2026-09-12T20:40:40.456720Z DEBUG logical_optimizer: logical binding uses a legacy path reason="aggregate lowering"
2026-09-12T20:40:40.458300Z TRACE logical_optimizer: declined logical rule rule="PullDependentFilter" reason="right_input_shape"
2026-09-12T20:40:40.458439Z TRACE logical_optimizer: applied logical rule rule="PullDependentFilterOverJoin"
2026-09-12T20:40:40.458533Z TRACE logical_optimizer: applied logical rule rule="MergeSelectInnerJoin"
2026-09-12T20:40:40.458654Z DEBUG logical_optimizer: applied=2 dependent_filters_pulled=1 remaining_dependencies=0 visited=10 exhausted=false
2026-09-12T20:40:40.459411Z TRACE logical_optimizer: declined logical rule rule="PullDependentFilter" reason="right_input_shape"
2026-09-12T20:40:40.459530Z TRACE logical_optimizer: applied logical rule rule="PullDependentFilterOverJoin"
2026-09-12T20:40:40.459617Z TRACE logical_optimizer: applied logical rule rule="MergeSelectInnerJoin"
2026-09-12T20:40:40.459721Z DEBUG logical_optimizer: applied=2 dependent_filters_pulled=1 remaining_dependencies=0 visited=10 exhausted=false
2026-09-12T20:40:40.460874Z TRACE logical_optimizer: declined logical rule rule="PullDependentFilter" reason="right_input_shape"
2026-09-12T20:40:40.461064Z TRACE logical_optimizer: applied logical rule rule="PullDependentFilterOverJoin"
2026-09-12T20:40:40.461167Z TRACE logical_optimizer: applied logical rule rule="MergeSelectInnerJoin"
2026-09-12T20:40:40.461279Z DEBUG logical_optimizer: applied=2 dependent_filters_pulled=1 remaining_dependencies=0 visited=10 exhausted=false
2026-09-12T20:40:40.462251Z TRACE logical_optimizer: declined logical rule rule="PullDependentFilter" reason="right_input_shape"
2026-09-12T20:40:40.462361Z TRACE logical_optimizer: applied logical rule rule="PullDependentFilterOverJoin"
2026-09-12T20:40:40.462471Z TRACE logical_optimizer: applied logical rule rule="MergeSelectInnerJoin"
2026-09-12T20:40:40.462586Z DEBUG logical_optimizer: applied=2 dependent_filters_pulled=1 remaining_dependencies=0 visited=10 exhausted=false
2026-09-12T20:40:40.464414Z TRACE logical_optimizer: applied logical rule rule="PullDependentFilter"
2026-09-12T20:40:40.464611Z DEBUG logical_optimizer: applied=1 dependent_filters_pulled=1 remaining_dependencies=0 visited=5 exhausted=false
2026-09-12T20:40:40.465194Z TRACE logical_optimizer: applied logical rule rule="PullDependentFilter"
2026-09-12T20:40:40.465310Z DEBUG logical_optimizer: applied=1 dependent_filters_pulled=1 remaining_dependencies=0 visited=5 exhausted=false
2026-09-12T20:40:40.465926Z TRACE logical_optimizer: applied logical rule rule="PullDependentFilter"
2026-09-12T20:40:40.466031Z DEBUG logical_optimizer: applied=1 dependent_filters_pulled=1 remaining_dependencies=0 visited=5 exhausted=false
2026-09-12T20:40:40.466667Z TRACE logical_optimizer: applied logical rule rule="PullDependentFilter"
2026-09-12T20:40:40.466811Z DEBUG logical_optimizer: applied=1 dependent_filters_pulled=1 remaining_dependencies=0 visited=5 exhausted=false
2026-09-12T20:40:40.470510Z DEBUG logical_optimizer: logical binding uses a legacy path reason="aggregate lowering"
2026-09-12T20:40:40.471566Z DEBUG logical_optimizer: logical binding uses a legacy path reason="aggregate lowering"
2026-09-12T20:40:40.480801Z DEBUG logical_optimizer: logical binding uses a legacy path reason="value-producing subquery lowering"
2026-09-12T20:40:40.481068Z DEBUG logical_optimizer: logical binding uses a legacy path reason="value-producing subquery lowering"
2026-09-12T20:40:40.481255Z DEBUG logical_optimizer: logical binding uses a legacy path reason="aggregate lowering"
2026-09-12T20:40:40.481479Z TRACE logical_optimizer: applied logical rule rule="PullDependentFilter"
2026-09-12T20:40:40.481604Z DEBUG logical_optimizer: applied=1 dependent_filters_pulled=1 remaining_dependencies=0 visited=5 exhausted=false
2026-09-12T20:40:40.482983Z DEBUG logical_optimizer: logical binding uses a legacy path reason="value-producing subquery lowering"
2026-09-12T20:40:40.483195Z DEBUG logical_optimizer: logical binding uses a legacy path reason="value-producing subquery lowering"
2026-09-12T20:40:40.483355Z DEBUG logical_optimizer: logical binding uses a legacy path reason="aggregate lowering"
2026-09-12T20:40:40.483606Z TRACE logical_optimizer: applied logical rule rule="PullDependentFilter"
2026-09-12T20:40:40.483708Z DEBUG logical_optimizer: applied=1 dependent_filters_pulled=1 remaining_dependencies=0 visited=5 exhausted=false
2026-09-12T20:40:40.484697Z DEBUG logical_optimizer: logical binding uses a legacy path reason="value-producing subquery lowering"
2026-09-12T20:40:40.484837Z DEBUG logical_optimizer: logical binding uses a legacy path reason="value-producing subquery lowering"
2026-09-12T20:40:40.485006Z DEBUG logical_optimizer: logical binding uses a legacy path reason="aggregate lowering"
2026-09-12T20:40:40.485328Z TRACE logical_optimizer: applied logical rule rule="PullDependentFilter"
2026-09-12T20:40:40.485443Z DEBUG logical_optimizer: applied=1 dependent_filters_pulled=1 remaining_dependencies=0 visited=5 exhausted=false
2026-09-12T20:40:40.488039Z DEBUG logical_optimizer: logical binding uses a legacy path reason="value-producing subquery lowering"
2026-09-12T20:40:40.488260Z DEBUG logical_optimizer: logical binding uses a legacy path reason="value-producing subquery lowering"
2026-09-12T20:40:40.488438Z DEBUG logical_optimizer: logical binding uses a legacy path reason="aggregate lowering"
2026-09-12T20:40:40.488691Z TRACE logical_optimizer: applied logical rule rule="PullDependentFilter"
2026-09-12T20:40:40.488833Z DEBUG logical_optimizer: applied=1 dependent_filters_pulled=1 remaining_dependencies=0 visited=5 exhausted=false
2026-09-12T20:40:40.490599Z DEBUG logical_optimizer: logical binding uses a legacy path reason="aggregate lowering"
2026-09-12T20:40:40.490869Z DEBUG logical_optimizer: logical binding uses a legacy path reason="value-producing subquery lowering"
2026-09-12T20:40:40.492456Z DEBUG logical_optimizer: logical binding uses a legacy path reason="aggregate lowering"
2026-09-12T20:40:40.492692Z DEBUG logical_optimizer: logical binding uses a legacy path reason="value-producing subquery lowering"
2026-09-12T20:40:40.494649Z DEBUG logical_optimizer: logical binding uses a legacy path reason="aggregate lowering"
2026-09-12T20:40:40.494890Z DEBUG logical_optimizer: logical binding uses a legacy path reason="value-producing subquery lowering"
2026-09-12T20:40:40.496592Z DEBUG logical_optimizer: logical binding uses a legacy path reason="aggregate lowering"
2026-09-12T20:40:40.496796Z DEBUG logical_optimizer: logical binding uses a legacy path reason="value-producing subquery lowering"
2026-09-12T20:40:40.499729Z TRACE logical_optimizer: declined logical rule rule="PullDependentFilter" reason="right_input_shape"
2026-09-12T20:40:40.499867Z TRACE logical_optimizer: applied logical rule rule="PullDependentFilterOverJoin"
2026-09-12T20:40:40.500008Z TRACE logical_optimizer: applied logical rule rule="MergeSelectInnerJoin"
2026-09-12T20:40:40.500123Z DEBUG logical_optimizer: applied=2 dependent_filters_pulled=1 remaining_dependencies=0 visited=10 exhausted=false
2026-09-12T20:40:40.500882Z TRACE logical_optimizer: declined logical rule rule="PullDependentFilter" reason="right_input_shape"
2026-09-12T20:40:40.501002Z TRACE logical_optimizer: applied logical rule rule="PullDependentFilterOverJoin"
2026-09-12T20:40:40.501093Z TRACE logical_optimizer: applied logical rule rule="MergeSelectInnerJoin"
2026-09-12T20:40:40.501222Z DEBUG logical_optimizer: applied=2 dependent_filters_pulled=1 remaining_dependencies=0 visited=10 exhausted=false
2026-09-12T20:40:40.502363Z TRACE logical_optimizer: declined logical rule rule="PullDependentFilter" reason="right_input_shape"
2026-09-12T20:40:40.502493Z TRACE logical_optimizer: applied logical rule rule="PullDependentFilterOverJoin"
2026-09-12T20:40:40.502588Z TRACE logical_optimizer: applied logical rule rule="MergeSelectInnerJoin"
2026-09-12T20:40:40.502743Z DEBUG logical_optimizer: applied=2 dependent_filters_pulled=1 remaining_dependencies=0 visited=10 exhausted=false
2026-09-12T20:40:40.503952Z TRACE logical_optimizer: declined logical rule rule="PullDependentFilter" reason="right_input_shape"
2026-09-12T20:40:40.504094Z TRACE logical_optimizer: applied logical rule rule="PullDependentFilterOverJoin"
2026-09-12T20:40:40.504194Z TRACE logical_optimizer: applied logical rule rule="MergeSelectInnerJoin"
2026-09-12T20:40:40.504312Z DEBUG logical_optimizer: applied=2 dependent_filters_pulled=1 remaining_dependencies=0 visited=10 exhausted=false
2026-09-12T20:40:40.510434Z DEBUG logical_optimizer: logical binding uses a legacy path reason="value-producing subquery lowering"
2026-09-12T20:40:40.511486Z DEBUG logical_optimizer: logical binding uses a legacy path reason="value-producing subquery lowering"
2026-09-12T20:40:40.513240Z DEBUG logical_optimizer: logical binding uses a legacy path reason="DISTINCT output mapping"
2026-09-12T20:40:40.513674Z DEBUG logical_optimizer: logical binding uses a legacy path reason="DISTINCT output mapping"
2026-09-12T20:40:40.514620Z DEBUG logical_optimizer: logical binding uses a legacy path reason="aggregate lowering"
2026-09-12T20:40:40.515041Z DEBUG logical_optimizer: logical binding uses a legacy path reason="aggregate lowering"
2026-09-12T20:40:40.515465Z DEBUG logical_optimizer: logical binding uses a legacy path reason="aggregate lowering"
2026-09-12T20:40:40.516150Z TRACE logical_optimizer: applied logical rule rule="PullDependentFilter"
2026-09-12T20:40:40.516271Z DEBUG logical_optimizer: applied=1 dependent_filters_pulled=1 remaining_dependencies=0 visited=5 exhausted=false
2026-09-12T20:40:40.516729Z TRACE logical_optimizer: applied logical rule rule="PullDependentFilter"
2026-09-12T20:40:40.516821Z DEBUG logical_optimizer: applied=1 dependent_filters_pulled=1 remaining_dependencies=0 visited=5 exhausted=false
2026-09-12T20:40:40.517316Z TRACE logical_optimizer: applied logical rule rule="PullDependentFilter"
2026-09-12T20:40:40.517417Z DEBUG logical_optimizer: applied=1 dependent_filters_pulled=1 remaining_dependencies=0 visited=5 exhausted=false
2026-09-12T20:40:40.518136Z TRACE logical_optimizer: applied logical rule rule="PullDependentFilter"
2026-09-12T20:40:40.518338Z DEBUG logical_optimizer: applied=1 dependent_filters_pulled=1 remaining_dependencies=0 visited=5 exhausted=false
2026-09-12T20:40:40.519474Z DEBUG logical_optimizer: logical binding uses a legacy path reason="aggregate lowering"
2026-09-12T20:40:40.520314Z DEBUG logical_optimizer: logical binding uses a legacy path reason="aggregate lowering"
2026-09-12T20:40:40.521350Z DEBUG logical_optimizer: logical binding uses a legacy path reason="aggregate lowering"
2026-09-12T20:40:40.522848Z DEBUG logical_optimizer: logical binding uses a legacy path reason="value-producing subquery lowering"
2026-09-12T20:40:40.523031Z DEBUG logical_optimizer: logical binding uses a legacy path reason="aggregate lowering"
2026-09-12T20:40:40.524509Z DEBUG logical_optimizer: logical binding uses a legacy path reason="value-producing subquery lowering"
2026-09-12T20:40:40.524690Z DEBUG logical_optimizer: logical binding uses a legacy path reason="aggregate lowering"
2026-09-12T20:40:40.526593Z TRACE logical_optimizer: declined logical rule rule="PullDependentFilter" reason="right_input_shape"
2026-09-12T20:40:40.526715Z TRACE logical_optimizer: applied logical rule rule="PullDependentFilterOverJoin"
2026-09-12T20:40:40.526814Z TRACE logical_optimizer: applied logical rule rule="MergeSelectInnerJoin"
2026-09-12T20:40:40.526920Z DEBUG logical_optimizer: applied=2 dependent_filters_pulled=1 remaining_dependencies=0 visited=10 exhausted=false
2026-09-12T20:40:40.527854Z TRACE logical_optimizer: declined logical rule rule="PullDependentFilter" reason="right_input_shape"
2026-09-12T20:40:40.527980Z TRACE logical_optimizer: applied logical rule rule="PullDependentFilterOverJoin"
2026-09-12T20:40:40.528082Z TRACE logical_optimizer: applied logical rule rule="MergeSelectInnerJoin"
2026-09-12T20:40:40.528183Z DEBUG logical_optimizer: applied=2 dependent_filters_pulled=1 remaining_dependencies=0 visited=10 exhausted=false
2026-09-12T20:40:40.528903Z TRACE logical_optimizer: declined logical rule rule="PullDependentFilter" reason="right_input_shape"
2026-09-12T20:40:40.529009Z TRACE logical_optimizer: applied logical rule rule="PullDependentFilterOverJoin"
2026-09-12T20:40:40.529109Z TRACE logical_optimizer: applied logical rule rule="MergeSelectInnerJoin"
2026-09-12T20:40:40.529228Z DEBUG logical_optimizer: applied=2 dependent_filters_pulled=1 remaining_dependencies=0 visited=10 exhausted=false
2026-09-12T20:40:40.530697Z TRACE logical_optimizer: declined logical rule rule="PullDependentFilter" reason="right_input_shape"
2026-09-12T20:40:40.530829Z TRACE logical_optimizer: applied logical rule rule="PullDependentFilterOverJoin"
2026-09-12T20:40:40.530935Z TRACE logical_optimizer: applied logical rule rule="MergeSelectInnerJoin"
2026-09-12T20:40:40.531042Z DEBUG logical_optimizer: applied=2 dependent_filters_pulled=1 remaining_dependencies=0 visited=10 exhausted=false
2026-09-12T20:40:40.532665Z DEBUG logical_optimizer: logical binding uses a legacy path reason="aggregate lowering"
2026-09-12T20:40:40.532811Z DEBUG logical_optimizer: logical binding uses a legacy path reason="value-producing subquery lowering"
2026-09-12T20:40:40.533985Z DEBUG logical_optimizer: logical binding uses a legacy path reason="aggregate lowering"
2026-09-12T20:40:40.534157Z DEBUG logical_optimizer: logical binding uses a legacy path reason="value-producing subquery lowering"
2026-09-12T20:40:40.535031Z DEBUG logical_optimizer: logical binding uses a legacy path reason="aggregate lowering"
2026-09-12T20:40:40.535187Z DEBUG logical_optimizer: logical binding uses a legacy path reason="value-producing subquery lowering"
2026-09-12T20:40:40.536503Z DEBUG logical_optimizer: logical binding uses a legacy path reason="aggregate lowering"
2026-09-12T20:40:40.536701Z DEBUG logical_optimizer: logical binding uses a legacy path reason="value-producing subquery lowering"
2026-09-12T20:40:40.537808Z TRACE logical_optimizer: applied logical rule rule="PullDependentFilter"
2026-09-12T20:40:40.537902Z DEBUG logical_optimizer: applied=1 dependent_filters_pulled=1 remaining_dependencies=0 visited=6 exhausted=false
2026-09-12T20:40:40.538557Z TRACE logical_optimizer: applied logical rule rule="PullDependentFilter"
2026-09-12T20:40:40.538669Z DEBUG logical_optimizer: applied=1 dependent_filters_pulled=1 remaining_dependencies=0 visited=6 exhausted=false
2026-09-12T20:40:40.539846Z DEBUG logical_optimizer: logical binding uses a legacy path reason="aggregate lowering"
2026-09-12T20:40:40.540398Z DEBUG logical_optimizer: logical binding uses a legacy path reason="aggregate lowering"
2026-09-12T20:40:40.541115Z DEBUG logical_optimizer: logical binding uses a legacy path reason="aggregate lowering"
2026-09-12T20:40:40.542611Z DEBUG logical_optimizer: logical binding uses a legacy path reason="aggregate lowering"
2026-09-12T20:40:40.543397Z DEBUG logical_optimizer: logical binding uses a legacy path reason="aggregate lowering"
2026-09-12T20:40:40.544029Z DEBUG logical_optimizer: logical binding uses a legacy path reason="value-producing subquery lowering"
2026-09-12T20:40:40.544180Z DEBUG logical_optimizer: logical binding uses a legacy path reason="aggregate lowering"
2026-09-12T20:40:40.544758Z DEBUG logical_optimizer: logical binding uses a legacy path reason="value-producing subquery lowering"
2026-09-12T20:40:40.544885Z DEBUG logical_optimizer: logical binding uses a legacy path reason="aggregate lowering"
2026-09-12T20:40:40.545426Z DEBUG logical_optimizer: logical binding uses a legacy path reason="value-producing subquery lowering"
2026-09-12T20:40:40.545560Z DEBUG logical_optimizer: logical binding uses a legacy path reason="aggregate lowering"
2026-09-12T20:40:40.546494Z DEBUG logical_optimizer: logical binding uses a legacy path reason="value-producing subquery lowering"
2026-09-12T20:40:40.546628Z DEBUG logical_optimizer: logical binding uses a legacy path reason="aggregate lowering"
2026-09-12T20:40:40.547877Z DEBUG logical_optimizer: logical binding uses a legacy path reason="DISTINCT output mapping"
2026-09-12T20:40:40.548298Z DEBUG logical_optimizer: logical binding uses a legacy path reason="aggregate lowering"
2026-09-12T20:40:40.550423Z DEBUG logical_optimizer: logical binding uses a legacy path reason="DISTINCT output mapping"
2026-09-12T20:40:40.550764Z DEBUG logical_optimizer: logical binding uses a legacy path reason="aggregate lowering"
2026-09-12T20:40:40.552313Z DEBUG logical_optimizer: logical binding uses a legacy path reason="DISTINCT output mapping"
2026-09-12T20:40:40.552694Z DEBUG logical_optimizer: logical binding uses a legacy path reason="aggregate lowering"
2026-09-12T20:40:40.554582Z DEBUG logical_optimizer: logical binding uses a legacy path reason="DISTINCT output mapping"
2026-09-12T20:40:40.554971Z DEBUG logical_optimizer: logical binding uses a legacy path reason="aggregate lowering"
2026-09-12T20:40:40.556851Z DEBUG logical_optimizer: logical binding uses a legacy path reason="subquery outside a direct EXISTS filter"
2026-09-12T20:40:40.557386Z DEBUG logical_optimizer: logical binding uses a legacy path reason="subquery outside a direct EXISTS filter"
2026-09-12T20:40:40.557979Z DEBUG logical_optimizer: logical binding uses a legacy path reason="subquery outside a direct EXISTS filter"
2026-09-12T20:40:40.561647Z DEBUG logical_optimizer: logical binding uses a legacy path reason="value-producing subquery lowering"
2026-09-12T20:40:40.562372Z DEBUG logical_optimizer: logical binding uses a legacy path reason="value-producing subquery lowering"
2026-09-12T20:40:40.564355Z DEBUG logical_optimizer: logical binding uses a legacy path reason="aggregate lowering"
2026-09-12T20:40:40.564530Z DEBUG logical_optimizer: logical binding uses a legacy path reason="value-producing subquery lowering"
2026-09-12T20:40:40.565444Z DEBUG logical_optimizer: logical binding uses a legacy path reason="aggregate lowering"
2026-09-12T20:40:40.565578Z DEBUG logical_optimizer: logical binding uses a legacy path reason="value-producing subquery lowering"
2026-09-12T20:40:40.566210Z DEBUG logical_optimizer: logical binding uses a legacy path reason="aggregate lowering"
2026-09-12T20:40:40.567021Z DEBUG logical_optimizer: logical binding uses a legacy path reason="aggregate lowering"
2026-09-12T20:40:40.567981Z DEBUG logical_optimizer: logical binding uses a legacy path reason="value-producing subquery lowering"
2026-09-12T20:40:40.568436Z DEBUG logical_optimizer: logical binding uses a legacy path reason="value-producing subquery lowering"
2026-09-12T20:40:40.568796Z DEBUG logical_optimizer: logical binding uses a legacy path reason="value-producing subquery lowering"
2026-09-12T20:40:40.569417Z DEBUG logical_optimizer: logical binding uses a legacy path reason="value-producing subquery lowering"
2026-09-12T20:40:40.570890Z DEBUG logical_optimizer: logical binding uses a legacy path reason="value-producing subquery lowering"
2026-09-12T20:40:40.571434Z DEBUG logical_optimizer: logical binding uses a legacy path reason="value-producing subquery lowering"
2026-09-12T20:40:40.572037Z DEBUG logical_optimizer: logical binding uses a legacy path reason="value-producing subquery lowering"
2026-09-12T20:40:40.572948Z DEBUG logical_optimizer: logical binding uses a legacy path reason="value-producing subquery lowering"
2026-09-12T20:40:40.573865Z TRACE logical_optimizer: applied logical rule rule="PullDependentFilter"
2026-09-12T20:40:40.573977Z DEBUG logical_optimizer: applied=1 dependent_filters_pulled=1 remaining_dependencies=0 visited=5 exhausted=false
2026-09-12T20:40:40.574440Z TRACE logical_optimizer: applied logical rule rule="PullDependentFilter"
2026-09-12T20:40:40.574576Z DEBUG logical_optimizer: applied=1 dependent_filters_pulled=1 remaining_dependencies=0 visited=5 exhausted=false
2026-09-12T20:40:40.575293Z TRACE logical_optimizer: applied logical rule rule="PullDependentFilter"
2026-09-12T20:40:40.575425Z DEBUG logical_optimizer: applied=1 dependent_filters_pulled=1 remaining_dependencies=0 visited=5 exhausted=false
2026-09-12T20:40:40.576096Z TRACE logical_optimizer: applied logical rule rule="PullDependentFilter"
2026-09-12T20:40:40.576202Z DEBUG logical_optimizer: applied=1 dependent_filters_pulled=1 remaining_dependencies=0 visited=5 exhausted=false
2026-09-12T20:40:40.577384Z DEBUG logical_optimizer: logical binding uses a legacy path reason="value-producing subquery lowering"
2026-09-12T20:40:40.577891Z DEBUG logical_optimizer: logical binding uses a legacy path reason="value-producing subquery lowering"
2026-09-12T20:40:40.578344Z DEBUG logical_optimizer: logical binding uses a legacy path reason="value-producing subquery lowering"
2026-09-12T20:40:40.579169Z DEBUG logical_optimizer: logical binding uses a legacy path reason="subquery outside a direct EXISTS filter"
2026-09-12T20:40:40.579591Z DEBUG logical_optimizer: logical binding uses a legacy path reason="subquery outside a direct EXISTS filter"
2026-09-12T20:40:40.580059Z DEBUG logical_optimizer: logical binding uses a legacy path reason="subquery outside a direct EXISTS filter"
2026-09-12T20:40:40.580754Z TRACE logical_optimizer: applied logical rule rule="PullDependentFilter"
2026-09-12T20:40:40.580874Z DEBUG logical_optimizer: applied=1 dependent_filters_pulled=1 remaining_dependencies=0 visited=5 exhausted=false
2026-09-12T20:40:40.581456Z TRACE logical_optimizer: applied logical rule rule="PullDependentFilter"
2026-09-12T20:40:40.581579Z DEBUG logical_optimizer: applied=1 dependent_filters_pulled=1 remaining_dependencies=0 visited=5 exhausted=false
2026-09-12T20:40:40.582343Z TRACE logical_optimizer: applied logical rule rule="PullDependentFilter"
2026-09-12T20:40:40.582465Z DEBUG logical_optimizer: applied=1 dependent_filters_pulled=1 remaining_dependencies=0 visited=5 exhausted=false
2026-09-12T20:40:40.583163Z TRACE logical_optimizer: applied logical rule rule="PullDependentFilter"
2026-09-12T20:40:40.583279Z DEBUG logical_optimizer: applied=1 dependent_filters_pulled=1 remaining_dependencies=0 visited=5 exhausted=false
2026-09-12T20:40:40.585359Z DEBUG logical_optimizer: logical binding uses a legacy path reason="value-producing subquery lowering"
2026-09-12T20:40:40.586041Z DEBUG logical_optimizer: logical binding uses a legacy path reason="value-producing subquery lowering"
2026-09-12T20:40:40.608292Z DEBUG logical_optimizer: logical binding uses a legacy path reason="value-producing subquery lowering"
2026-09-12T20:40:40.608900Z DEBUG logical_optimizer: logical binding uses a legacy path reason="value-producing subquery lowering"
2026-09-12T20:40:40.609423Z DEBUG logical_optimizer: logical binding uses a legacy path reason="value-producing subquery lowering"
2026-09-12T20:40:40.610434Z DEBUG logical_optimizer: logical binding uses a legacy path reason="aggregate lowering"
2026-09-12T20:40:40.611035Z DEBUG logical_optimizer: logical binding uses a legacy path reason="aggregate lowering"
2026-09-12T20:40:40.611826Z DEBUG logical_optimizer: logical binding uses a legacy path reason="aggregate lowering"
2026-09-12T20:40:40.612820Z DEBUG logical_optimizer: logical binding uses a legacy path reason="value-producing subquery lowering"
2026-09-12T20:40:40.613539Z DEBUG logical_optimizer: logical binding uses a legacy path reason="value-producing subquery lowering"
2026-09-12T20:40:40.614323Z DEBUG logical_optimizer: logical binding uses a legacy path reason="value-producing subquery lowering"
2026-09-12T20:40:40.615152Z DEBUG logical_optimizer: logical binding uses a legacy path reason="value-producing subquery lowering"
2026-09-12T20:40:40.624440Z DEBUG logical_optimizer: logical binding uses a legacy path reason="aggregate lowering"
2026-09-12T20:40:40.625109Z DEBUG logical_optimizer: logical binding uses a legacy path reason="aggregate lowering"
2026-09-12T20:40:40.625709Z DEBUG logical_optimizer: logical binding uses a legacy path reason="scalar execution resource or subquery result"
2026-09-12T20:40:40.626131Z DEBUG logical_optimizer: logical binding uses a legacy path reason="scalar execution resource or subquery result"
2026-09-12T20:40:40.628014Z DEBUG logical_optimizer: logical binding uses a legacy path reason="DISTINCT output mapping"
2026-09-12T20:40:40.629040Z DEBUG logical_optimizer: logical binding uses a legacy path reason="DISTINCT output mapping"
2026-09-12T20:40:40.630207Z DEBUG logical_optimizer: logical binding uses a legacy path reason="DISTINCT output mapping"
2026-09-12T20:40:40.630373Z DEBUG logical_optimizer: logical binding uses a legacy path reason="aggregate lowering"
2026-09-12T20:40:40.630882Z DEBUG logical_optimizer: logical binding uses a legacy path reason="DISTINCT output mapping"
2026-09-12T20:40:40.631054Z DEBUG logical_optimizer: logical binding uses a legacy path reason="aggregate lowering"
2026-09-12T20:40:40.631655Z DEBUG logical_optimizer: logical binding uses a legacy path reason="DISTINCT output mapping"
2026-09-12T20:40:40.631799Z DEBUG logical_optimizer: logical binding uses a legacy path reason="aggregate lowering"
2026-09-12T20:40:40.632856Z DEBUG logical_optimizer: logical binding uses a legacy path reason="aggregate lowering"
2026-09-12T20:40:40.633371Z DEBUG logical_optimizer: logical binding uses a legacy path reason="aggregate lowering"
2026-09-12T20:40:40.634007Z DEBUG logical_optimizer: logical binding uses a legacy path reason="value-producing subquery lowering"
2026-09-12T20:40:40.634876Z DEBUG logical_optimizer: logical binding uses a legacy path reason="value-producing subquery lowering"
2026-09-12T20:40:40.635915Z DEBUG logical_optimizer: logical binding uses a legacy path reason="value-producing subquery lowering"
2026-09-12T20:40:40.636778Z DEBUG logical_optimizer: logical binding uses a legacy path reason="value-producing subquery lowering"
2026-09-12T20:40:40.638231Z TRACE logical_optimizer: declined logical rule rule="PullDependentFilter" reason="right_input_shape"
2026-09-12T20:40:40.638414Z TRACE logical_optimizer: applied logical rule rule="PullDependentFilterOverJoin"
2026-09-12T20:40:40.638514Z TRACE logical_optimizer: applied logical rule rule="MergeSelectInnerJoin"
2026-09-12T20:40:40.638635Z DEBUG logical_optimizer: applied=2 dependent_filters_pulled=1 remaining_dependencies=0 visited=10 exhausted=false
2026-09-12T20:40:40.639804Z TRACE logical_optimizer: declined logical rule rule="PullDependentFilter" reason="right_input_shape"
2026-09-12T20:40:40.639953Z TRACE logical_optimizer: applied logical rule rule="PullDependentFilterOverJoin"
2026-09-12T20:40:40.640061Z TRACE logical_optimizer: applied logical rule rule="MergeSelectInnerJoin"
2026-09-12T20:40:40.640169Z DEBUG logical_optimizer: applied=2 dependent_filters_pulled=1 remaining_dependencies=0 visited=10 exhausted=false
2026-09-12T20:40:40.640910Z TRACE logical_optimizer: declined logical rule rule="PullDependentFilter" reason="right_input_shape"
2026-09-12T20:40:40.641026Z TRACE logical_optimizer: applied logical rule rule="PullDependentFilterOverJoin"
2026-09-12T20:40:40.641124Z TRACE logical_optimizer: applied logical rule rule="MergeSelectInnerJoin"
2026-09-12T20:40:40.641237Z DEBUG logical_optimizer: applied=2 dependent_filters_pulled=1 remaining_dependencies=0 visited=10 exhausted=false
2026-09-12T20:40:40.642254Z TRACE logical_optimizer: declined logical rule rule="PullDependentFilter" reason="right_input_shape"
2026-09-12T20:40:40.642388Z TRACE logical_optimizer: applied logical rule rule="PullDependentFilterOverJoin"
2026-09-12T20:40:40.642481Z TRACE logical_optimizer: applied logical rule rule="MergeSelectInnerJoin"
2026-09-12T20:40:40.642598Z DEBUG logical_optimizer: applied=2 dependent_filters_pulled=1 remaining_dependencies=0 visited=10 exhausted=false
2026-09-12T20:40:40.647490Z DEBUG logical_optimizer: logical binding uses a legacy path reason="aggregate lowering"
2026-09-12T20:40:40.648241Z DEBUG logical_optimizer: logical binding uses a legacy path reason="aggregate lowering"
2026-09-12T20:40:40.649163Z DEBUG logical_optimizer: logical binding uses a legacy path reason="aggregate lowering"
2026-09-12T20:40:40.650600Z DEBUG logical_optimizer: logical binding uses a legacy path reason="scalar execution resource or subquery result"
2026-09-12T20:40:40.650757Z DEBUG logical_optimizer: logical binding uses a legacy path reason="value-producing subquery lowering"
2026-09-12T20:40:40.651747Z DEBUG logical_optimizer: logical binding uses a legacy path reason="scalar execution resource or subquery result"
2026-09-12T20:40:40.651954Z DEBUG logical_optimizer: logical binding uses a legacy path reason="value-producing subquery lowering"
2026-09-12T20:40:40.652668Z DEBUG logical_optimizer: logical binding uses a legacy path reason="scalar execution resource or subquery result"
2026-09-12T20:40:40.652832Z DEBUG logical_optimizer: logical binding uses a legacy path reason="value-producing subquery lowering"
2026-09-12T20:40:40.653971Z DEBUG logical_optimizer: logical binding uses a legacy path reason="scalar execution resource or subquery result"
2026-09-12T20:40:40.654132Z DEBUG logical_optimizer: logical binding uses a legacy path reason="value-producing subquery lowering"
2026-09-12T20:40:40.655320Z DEBUG logical_optimizer: logical binding uses a legacy path reason="value-producing subquery lowering"
2026-09-12T20:40:40.655889Z DEBUG logical_optimizer: logical binding uses a legacy path reason="value-producing subquery lowering"
2026-09-12T20:40:40.656587Z DEBUG logical_optimizer: logical binding uses a legacy path reason="value-producing subquery lowering"
2026-09-12T20:40:40.658418Z DEBUG logical_optimizer: logical binding uses a legacy path reason="value-producing subquery lowering"
2026-09-12T20:40:40.658648Z DEBUG logical_optimizer: logical binding uses a legacy path reason="scalar execution resource or subquery result"
2026-09-12T20:40:40.658832Z DEBUG logical_optimizer: logical binding uses a legacy path reason="scalar execution resource or subquery result"
2026-09-12T20:40:40.659993Z DEBUG logical_optimizer: logical binding uses a legacy path reason="value-producing subquery lowering"
2026-09-12T20:40:40.660190Z DEBUG logical_optimizer: logical binding uses a legacy path reason="scalar execution resource or subquery result"
2026-09-12T20:40:40.660341Z DEBUG logical_optimizer: logical binding uses a legacy path reason="scalar execution resource or subquery result"
2026-09-12T20:40:40.661573Z DEBUG logical_optimizer: logical binding uses a legacy path reason="value-producing subquery lowering"
2026-09-12T20:40:40.661827Z DEBUG logical_optimizer: logical binding uses a legacy path reason="scalar execution resource or subquery result"
2026-09-12T20:40:40.662009Z DEBUG logical_optimizer: logical binding uses a legacy path reason="scalar execution resource or subquery result"
2026-09-12T20:40:40.664049Z DEBUG logical_optimizer: logical binding uses a legacy path reason="value-producing subquery lowering"
2026-09-12T20:40:40.664213Z DEBUG logical_optimizer: logical binding uses a legacy path reason="aggregate lowering"
2026-09-12T20:40:40.665344Z DEBUG logical_optimizer: logical binding uses a legacy path reason="value-producing subquery lowering"
2026-09-12T20:40:40.665497Z DEBUG logical_optimizer: logical binding uses a legacy path reason="aggregate lowering"
2026-09-12T20:40:40.666261Z DEBUG logical_optimizer: logical binding uses a legacy path reason="value-producing subquery lowering"
2026-09-12T20:40:40.666393Z DEBUG logical_optimizer: logical binding uses a legacy path reason="aggregate lowering"
2026-09-12T20:40:40.667611Z DEBUG logical_optimizer: logical binding uses a legacy path reason="value-producing subquery lowering"
2026-09-12T20:40:40.667758Z DEBUG logical_optimizer: logical binding uses a legacy path reason="aggregate lowering"
2026-09-12T20:40:40.669201Z DEBUG logical_optimizer: logical binding uses a legacy path reason="value-producing subquery lowering"
2026-09-12T20:40:40.669352Z DEBUG logical_optimizer: logical binding uses a legacy path reason="value-producing subquery lowering"
2026-09-12T20:40:40.669497Z DEBUG logical_optimizer: logical binding uses a legacy path reason="aggregate lowering"
2026-09-12T20:40:40.670336Z DEBUG logical_optimizer: logical binding uses a legacy path reason="value-producing subquery lowering"
2026-09-12T20:40:40.670495Z DEBUG logical_optimizer: logical binding uses a legacy path reason="value-producing subquery lowering"
2026-09-12T20:40:40.670703Z DEBUG logical_optimizer: logical binding uses a legacy path reason="aggregate lowering"
2026-09-12T20:40:40.678155Z DEBUG logical_optimizer: logical binding uses a legacy path reason="aggregate lowering"
2026-09-12T20:40:40.678937Z DEBUG logical_optimizer: logical binding uses a legacy path reason="aggregate lowering"
2026-09-12T20:40:40.682916Z TRACE logical_optimizer: applied logical rule rule="PullDependentFilter"
2026-09-12T20:40:40.683076Z DEBUG logical_optimizer: applied=1 dependent_filters_pulled=1 remaining_dependencies=0 visited=5 exhausted=false
2026-09-12T20:40:40.683553Z TRACE logical_optimizer: applied logical rule rule="PullDependentFilter"
2026-09-12T20:40:40.683678Z DEBUG logical_optimizer: applied=1 dependent_filters_pulled=1 remaining_dependencies=0 visited=5 exhausted=false
2026-09-12T20:40:40.684500Z TRACE logical_optimizer: applied logical rule rule="PullDependentFilter"
2026-09-12T20:40:40.684612Z DEBUG logical_optimizer: applied=1 dependent_filters_pulled=1 remaining_dependencies=0 visited=5 exhausted=false
2026-09-12T20:40:40.685228Z TRACE logical_optimizer: applied logical rule rule="PullDependentFilter"
2026-09-12T20:40:40.685330Z DEBUG logical_optimizer: applied=1 dependent_filters_pulled=1 remaining_dependencies=0 visited=5 exhausted=false
2026-09-12T20:40:40.686911Z DEBUG logical_optimizer: logical binding uses a legacy path reason="value-producing subquery lowering"
2026-09-12T20:40:40.687764Z DEBUG logical_optimizer: logical binding uses a legacy path reason="value-producing subquery lowering"
2026-09-12T20:40:40.691334Z DEBUG logical_optimizer: logical binding uses a legacy path reason="aggregate lowering"
2026-09-12T20:40:40.692273Z DEBUG logical_optimizer: logical binding uses a legacy path reason="aggregate lowering"
2026-09-12T20:40:40.693276Z DEBUG logical_optimizer: logical binding uses a legacy path reason="DISTINCT output mapping"
2026-09-12T20:40:40.693415Z DEBUG logical_optimizer: logical binding uses a legacy path reason="value-producing subquery lowering"
2026-09-12T20:40:40.694083Z DEBUG logical_optimizer: logical binding uses a legacy path reason="DISTINCT output mapping"
2026-09-12T20:40:40.694260Z DEBUG logical_optimizer: logical binding uses a legacy path reason="value-producing subquery lowering"
2026-09-12T20:40:40.695069Z DEBUG logical_optimizer: logical binding uses a legacy path reason="DISTINCT output mapping"
2026-09-12T20:40:40.695218Z DEBUG logical_optimizer: logical binding uses a legacy path reason="aggregate lowering"
2026-09-12T20:40:40.695351Z DEBUG logical_optimizer: logical binding uses a legacy path reason="value-producing subquery lowering"
2026-09-12T20:40:40.696398Z DEBUG logical_optimizer: logical binding uses a legacy path reason="DISTINCT output mapping"
2026-09-12T20:40:40.696555Z DEBUG logical_optimizer: logical binding uses a legacy path reason="aggregate lowering"
2026-09-12T20:40:40.696709Z DEBUG logical_optimizer: logical binding uses a legacy path reason="value-producing subquery lowering"
2026-09-12T20:40:40.698397Z DEBUG logical_optimizer: logical binding uses a legacy path reason="aggregate lowering"
2026-09-12T20:40:40.698536Z DEBUG logical_optimizer: logical binding uses a legacy path reason="aggregate lowering"
2026-09-12T20:40:40.699583Z DEBUG logical_optimizer: logical binding uses a legacy path reason="aggregate lowering"
2026-09-12T20:40:40.699763Z DEBUG logical_optimizer: logical binding uses a legacy path reason="aggregate lowering"
2026-09-12T20:40:40.700832Z DEBUG logical_optimizer: logical binding uses a legacy path reason="aggregate lowering"
2026-09-12T20:40:40.700970Z DEBUG logical_optimizer: logical binding uses a legacy path reason="aggregate lowering"
2026-09-12T20:40:40.702886Z DEBUG logical_optimizer: logical binding uses a legacy path reason="aggregate lowering"
2026-09-12T20:40:40.703013Z DEBUG logical_optimizer: logical binding uses a legacy path reason="aggregate lowering"
2026-09-12T20:40:40.717260Z DEBUG logical_optimizer: logical binding uses a legacy path reason="aggregate lowering"
2026-09-12T20:40:40.717966Z DEBUG logical_optimizer: logical binding uses a legacy path reason="aggregate lowering"
2026-09-12T20:40:40.718702Z DEBUG logical_optimizer: logical binding uses a legacy path reason="aggregate lowering"
2026-09-12T20:40:40.719562Z DEBUG logical_optimizer: logical binding uses a legacy path reason="aggregate lowering"
2026-09-12T20:40:40.723847Z TRACE logical_optimizer: declined logical rule rule="PullDependentFilter" reason="right_input_shape"
2026-09-12T20:40:40.724122Z TRACE logical_optimizer: applied logical rule rule="PullDependentFilterOverJoin"
2026-09-12T20:40:40.724254Z TRACE logical_optimizer: applied logical rule rule="MergeSelectInnerJoin"
2026-09-12T20:40:40.724431Z DEBUG logical_optimizer: applied=2 dependent_filters_pulled=1 remaining_dependencies=0 visited=10 exhausted=false
2026-09-12T20:40:40.725671Z TRACE logical_optimizer: declined logical rule rule="PullDependentFilter" reason="right_input_shape"
2026-09-12T20:40:40.725823Z TRACE logical_optimizer: applied logical rule rule="PullDependentFilterOverJoin"
2026-09-12T20:40:40.725931Z TRACE logical_optimizer: applied logical rule rule="MergeSelectInnerJoin"
2026-09-12T20:40:40.726044Z DEBUG logical_optimizer: applied=2 dependent_filters_pulled=1 remaining_dependencies=0 visited=10 exhausted=false
2026-09-12T20:40:40.727857Z TRACE logical_optimizer: declined logical rule rule="PullDependentFilter" reason="right_input_shape"
2026-09-12T20:40:40.728024Z TRACE logical_optimizer: applied logical rule rule="PullDependentFilterOverJoin"
2026-09-12T20:40:40.728134Z TRACE logical_optimizer: applied logical rule rule="MergeSelectInnerJoin"
2026-09-12T20:40:40.728324Z DEBUG logical_optimizer: applied=2 dependent_filters_pulled=1 remaining_dependencies=0 visited=10 exhausted=false
2026-09-12T20:40:40.729918Z TRACE logical_optimizer: declined logical rule rule="PullDependentFilter" reason="right_input_shape"
2026-09-12T20:40:40.730111Z TRACE logical_optimizer: applied logical rule rule="PullDependentFilterOverJoin"
2026-09-12T20:40:40.730242Z TRACE logical_optimizer: applied logical rule rule="MergeSelectInnerJoin"
2026-09-12T20:40:40.730457Z DEBUG logical_optimizer: applied=2 dependent_filters_pulled=1 remaining_dependencies=0 visited=10 exhausted=false
2026-09-12T20:40:40.734639Z DEBUG logical_optimizer: logical binding uses a legacy path reason="aggregate lowering"
2026-09-12T20:40:40.736011Z DEBUG logical_optimizer: logical binding uses a legacy path reason="aggregate lowering"
2026-09-12T20:40:40.739838Z DEBUG logical_optimizer: logical binding uses a legacy path reason="value-producing subquery lowering"
2026-09-12T20:40:40.740402Z DEBUG logical_optimizer: logical binding uses a legacy path reason="value-producing subquery lowering"
2026-09-12T20:40:40.741360Z DEBUG logical_optimizer: logical binding uses a legacy path reason="value-producing subquery lowering"
2026-09-12T20:40:40.742050Z DEBUG logical_optimizer: logical binding uses a legacy path reason="value-producing subquery lowering"
2026-09-12T20:40:40.743161Z DEBUG logical_optimizer: logical binding uses a legacy path reason="DISTINCT output mapping"
2026-09-12T20:40:40.743771Z DEBUG logical_optimizer: logical binding uses a legacy path reason="DISTINCT output mapping"
2026-09-12T20:40:40.744682Z DEBUG logical_optimizer: logical binding uses a legacy path reason="aggregate lowering"
2026-09-12T20:40:40.744962Z DEBUG logical_optimizer: logical binding uses a legacy path reason="aggregate lowering"
2026-09-12T20:40:40.745129Z DEBUG logical_optimizer: logical binding uses a legacy path reason="aggregate lowering"
2026-09-12T20:40:40.747003Z DEBUG logical_optimizer: logical binding uses a legacy path reason="aggregate lowering"
2026-09-12T20:40:40.747273Z DEBUG logical_optimizer: logical binding uses a legacy path reason="aggregate lowering"
2026-09-12T20:40:40.747443Z DEBUG logical_optimizer: logical binding uses a legacy path reason="aggregate lowering"
2026-09-12T20:40:40.749301Z DEBUG logical_optimizer: logical binding uses a legacy path reason="aggregate lowering"
2026-09-12T20:40:40.749816Z DEBUG logical_optimizer: logical binding uses a legacy path reason="aggregate lowering"
2026-09-12T20:40:40.750032Z DEBUG logical_optimizer: logical binding uses a legacy path reason="aggregate lowering"
2026-09-12T20:40:40.752599Z DEBUG logical_optimizer: logical binding uses a legacy path reason="aggregate lowering"
2026-09-12T20:40:40.752956Z DEBUG logical_optimizer: logical binding uses a legacy path reason="aggregate lowering"
2026-09-12T20:40:40.753102Z DEBUG logical_optimizer: logical binding uses a legacy path reason="aggregate lowering"
2026-09-12T20:40:40.758242Z DEBUG logical_optimizer: logical binding uses a legacy path reason="value-producing subquery lowering"
2026-09-12T20:40:40.758455Z DEBUG logical_optimizer: logical binding uses a legacy path reason="aggregate lowering"
2026-09-12T20:40:40.759162Z DEBUG logical_optimizer: logical binding uses a legacy path reason="value-producing subquery lowering"
2026-09-12T20:40:40.759388Z DEBUG logical_optimizer: logical binding uses a legacy path reason="aggregate lowering"
2026-09-12T20:40:40.760152Z DEBUG logical_optimizer: logical binding uses a legacy path reason="value-producing subquery lowering"
2026-09-12T20:40:40.760331Z DEBUG logical_optimizer: logical binding uses a legacy path reason="aggregate lowering"
2026-09-12T20:40:40.762685Z DEBUG logical_optimizer: logical binding uses a legacy path reason="aggregate lowering"
2026-09-12T20:40:40.763225Z DEBUG logical_optimizer: logical binding uses a legacy path reason="aggregate lowering"
2026-09-12T20:40:40.763885Z DEBUG logical_optimizer: logical binding uses a legacy path reason="aggregate lowering"
2026-09-12T20:40:40.779547Z DEBUG logical_optimizer: logical binding uses a legacy path reason="aggregate lowering"
2026-09-12T20:40:40.780724Z DEBUG logical_optimizer: logical binding uses a legacy path reason="aggregate lowering"
2026-09-12T20:40:40.784401Z DEBUG logical_optimizer: logical binding uses a legacy path reason="aggregate lowering"
2026-09-12T20:40:40.785320Z DEBUG logical_optimizer: logical binding uses a legacy path reason="aggregate lowering"
2026-09-12T20:40:40.793194Z TRACE logical_optimizer: declined logical rule rule="PullDependentFilter" reason="right_input_shape"
2026-09-12T20:40:40.793322Z TRACE logical_optimizer: applied logical rule rule="PullDependentFilterOverJoin"
2026-09-12T20:40:40.793390Z TRACE logical_optimizer: applied logical rule rule="MergeSelectInnerJoin"
2026-09-12T20:40:40.793487Z DEBUG logical_optimizer: applied=2 dependent_filters_pulled=1 remaining_dependencies=0 visited=10 exhausted=false
2026-09-12T20:40:40.794586Z TRACE logical_optimizer: declined logical rule rule="PullDependentFilter" reason="right_input_shape"
2026-09-12T20:40:40.794693Z TRACE logical_optimizer: applied logical rule rule="PullDependentFilterOverJoin"
2026-09-12T20:40:40.794780Z TRACE logical_optimizer: applied logical rule rule="MergeSelectInnerJoin"
2026-09-12T20:40:40.794882Z DEBUG logical_optimizer: applied=2 dependent_filters_pulled=1 remaining_dependencies=0 visited=10 exhausted=false
2026-09-12T20:40:40.795858Z TRACE logical_optimizer: declined logical rule rule="PullDependentFilter" reason="right_input_shape"
2026-09-12T20:40:40.795947Z TRACE logical_optimizer: applied logical rule rule="PullDependentFilterOverJoin"
2026-09-12T20:40:40.796001Z TRACE logical_optimizer: applied logical rule rule="MergeSelectInnerJoin"
2026-09-12T20:40:40.796078Z DEBUG logical_optimizer: applied=2 dependent_filters_pulled=1 remaining_dependencies=0 visited=10 exhausted=false
2026-09-12T20:40:40.797242Z TRACE logical_optimizer: declined logical rule rule="PullDependentFilter" reason="right_input_shape"
2026-09-12T20:40:40.797367Z TRACE logical_optimizer: applied logical rule rule="PullDependentFilterOverJoin"
2026-09-12T20:40:40.797430Z TRACE logical_optimizer: applied logical rule rule="MergeSelectInnerJoin"
2026-09-12T20:40:40.797530Z DEBUG logical_optimizer: applied=2 dependent_filters_pulled=1 remaining_dependencies=0 visited=10 exhausted=false
2026-09-12T20:40:40.804640Z DEBUG logical_optimizer: logical binding uses a legacy path reason="value-producing subquery lowering"
2026-09-12T20:40:40.805718Z DEBUG logical_optimizer: logical binding uses a legacy path reason="value-producing subquery lowering"
2026-09-12T20:40:40.806767Z DEBUG logical_optimizer: logical binding uses a legacy path reason="aggregate lowering"
2026-09-12T20:40:40.806915Z DEBUG logical_optimizer: logical binding uses a legacy path reason="value-producing subquery lowering"
2026-09-12T20:40:40.807886Z DEBUG logical_optimizer: logical binding uses a legacy path reason="aggregate lowering"
2026-09-12T20:40:40.808022Z DEBUG logical_optimizer: logical binding uses a legacy path reason="value-producing subquery lowering"
2026-09-12T20:40:40.809828Z DEBUG logical_optimizer: logical binding uses a legacy path reason="aggregate lowering"
2026-09-12T20:40:40.809962Z DEBUG logical_optimizer: logical binding uses a legacy path reason="value-producing subquery lowering"
2026-09-12T20:40:40.811086Z DEBUG logical_optimizer: logical binding uses a legacy path reason="aggregate lowering"
2026-09-12T20:40:40.811232Z DEBUG logical_optimizer: logical binding uses a legacy path reason="value-producing subquery lowering"
2026-09-12T20:40:40.813453Z DEBUG logical_optimizer: logical binding uses a legacy path reason="DISTINCT output mapping"
2026-09-12T20:40:40.814081Z DEBUG logical_optimizer: logical binding uses a legacy path reason="DISTINCT output mapping"
2026-09-12T20:40:40.814608Z DEBUG logical_optimizer: logical binding uses a legacy path reason="DISTINCT output mapping"
2026-09-12T20:40:40.815495Z DEBUG logical_optimizer: logical binding uses a legacy path reason="DISTINCT output mapping"
2026-09-12T20:40:40.816267Z DEBUG logical_optimizer: logical binding uses a legacy path reason="DISTINCT output mapping"
2026-09-12T20:40:40.817048Z DEBUG logical_optimizer: logical binding uses a legacy path reason="DISTINCT output mapping"
2026-09-12T20:40:40.818092Z DEBUG logical_optimizer: logical binding uses a legacy path reason="DISTINCT output mapping"
2026-09-12T20:40:40.819131Z DEBUG logical_optimizer: logical binding uses a legacy path reason="DISTINCT output mapping"
2026-09-12T20:40:40.821723Z TRACE logical_optimizer: declined logical rule rule="PullDependentFilter" reason="predicate_effects"
2026-09-12T20:40:40.821875Z TRACE logical_optimizer: declined logical rule rule="PullDependentFilterOverJoin" reason="right_input_shape"
2026-09-12T20:40:40.821998Z DEBUG logical_optimizer: applied=0 dependent_filters_pulled=0 remaining_dependencies=1 visited=6 exhausted=false
2026-09-12T20:40:40.823019Z TRACE logical_optimizer: declined logical rule rule="PullDependentFilter" reason="predicate_effects"
2026-09-12T20:40:40.823129Z TRACE logical_optimizer: declined logical rule rule="PullDependentFilterOverJoin" reason="right_input_shape"
2026-09-12T20:40:40.823242Z DEBUG logical_optimizer: applied=0 dependent_filters_pulled=0 remaining_dependencies=1 visited=6 exhausted=false
2026-09-12T20:40:40.841401Z DEBUG logical_optimizer: logical binding uses a legacy path reason="value-producing subquery lowering"
2026-09-12T20:40:40.842358Z DEBUG logical_optimizer: logical binding uses a legacy path reason="value-producing subquery lowering"
2026-09-12T20:40:40.843680Z DEBUG logical_optimizer: logical binding uses a legacy path reason="value-producing subquery lowering"
2026-09-12T20:40:40.844274Z DEBUG logical_optimizer: logical binding uses a legacy path reason="value-producing subquery lowering"
2026-09-12T20:40:40.844959Z DEBUG logical_optimizer: logical binding uses a legacy path reason="value-producing subquery lowering"
2026-09-12T20:40:40.845577Z DEBUG logical_optimizer: logical binding uses a legacy path reason="value-producing subquery lowering"
2026-09-12T20:40:40.847231Z DEBUG logical_optimizer: logical binding uses a legacy path reason="aggregate lowering"
2026-09-12T20:40:40.847381Z DEBUG logical_optimizer: logical binding uses a legacy path reason="aggregate lowering"
2026-09-12T20:40:40.847507Z DEBUG logical_optimizer: logical binding uses a legacy path reason="aggregate lowering"
2026-09-12T20:40:40.847707Z DEBUG logical_optimizer: logical binding uses a legacy path reason="value-producing subquery lowering"
2026-09-12T20:40:40.849092Z DEBUG logical_optimizer: logical binding uses a legacy path reason="aggregate lowering"
2026-09-12T20:40:40.849267Z DEBUG logical_optimizer: logical binding uses a legacy path reason="aggregate lowering"
2026-09-12T20:40:40.849423Z DEBUG logical_optimizer: logical binding uses a legacy path reason="aggregate lowering"
2026-09-12T20:40:40.849628Z DEBUG logical_optimizer: logical binding uses a legacy path reason="value-producing subquery lowering"
2026-09-12T20:40:40.851251Z DEBUG logical_optimizer: logical binding uses a legacy path reason="aggregate lowering"
2026-09-12T20:40:40.851944Z DEBUG logical_optimizer: logical binding uses a legacy path reason="aggregate lowering"
2026-09-12T20:40:40.852670Z TRACE logical_optimizer: applied logical rule rule="PullDependentFilter"
2026-09-12T20:40:40.852789Z DEBUG logical_optimizer: applied=1 dependent_filters_pulled=1 remaining_dependencies=0 visited=6 exhausted=false
2026-09-12T20:40:40.853267Z TRACE logical_optimizer: applied logical rule rule="PullDependentFilter"
2026-09-12T20:40:40.853381Z DEBUG logical_optimizer: applied=1 dependent_filters_pulled=1 remaining_dependencies=0 visited=6 exhausted=false
2026-09-12T20:40:40.855062Z DEBUG logical_optimizer: logical binding uses a legacy path reason="value-producing subquery lowering"
2026-09-12T20:40:40.855597Z DEBUG logical_optimizer: logical binding uses a legacy path reason="value-producing subquery lowering"
2026-09-12T20:40:40.855989Z TRACE logical_optimizer: declined logical rule rule="PullDependentFilter" reason="right_input_shape"
2026-09-12T20:40:40.856131Z TRACE logical_optimizer: applied logical rule rule="PullDependentFilterOverJoin"
2026-09-12T20:40:40.856234Z TRACE logical_optimizer: applied logical rule rule="MergeSelectInnerJoin"
2026-09-12T20:40:40.856359Z DEBUG logical_optimizer: applied=2 dependent_filters_pulled=1 remaining_dependencies=0 visited=10 exhausted=false
2026-09-12T20:40:40.857357Z TRACE logical_optimizer: declined logical rule rule="PullDependentFilter" reason="right_input_shape"
2026-09-12T20:40:40.857504Z TRACE logical_optimizer: applied logical rule rule="PullDependentFilterOverJoin"
2026-09-12T20:40:40.857612Z TRACE logical_optimizer: applied logical rule rule="MergeSelectInnerJoin"
2026-09-12T20:40:40.857739Z DEBUG logical_optimizer: applied=2 dependent_filters_pulled=1 remaining_dependencies=0 visited=10 exhausted=false
2026-09-12T20:40:40.858839Z TRACE logical_optimizer: declined logical rule rule="PullDependentFilter" reason="right_input_shape"
2026-09-12T20:40:40.858976Z TRACE logical_optimizer: applied logical rule rule="PullDependentFilterOverJoin"
2026-09-12T20:40:40.859078Z TRACE logical_optimizer: applied logical rule rule="MergeSelectInnerJoin"
2026-09-12T20:40:40.859190Z DEBUG logical_optimizer: applied=2 dependent_filters_pulled=1 remaining_dependencies=0 visited=10 exhausted=false
2026-09-12T20:40:40.860163Z TRACE logical_optimizer: declined logical rule rule="PullDependentFilter" reason="right_input_shape"
2026-09-12T20:40:40.860311Z TRACE logical_optimizer: applied logical rule rule="PullDependentFilterOverJoin"
2026-09-12T20:40:40.860413Z TRACE logical_optimizer: applied logical rule rule="MergeSelectInnerJoin"
2026-09-12T20:40:40.860574Z DEBUG logical_optimizer: applied=2 dependent_filters_pulled=1 remaining_dependencies=0 visited=10 exhausted=false
2026-09-12T20:40:40.867096Z TRACE logical_optimizer: declined logical rule rule="PullDependentFilter" reason="right_input_shape"
2026-09-12T20:40:40.867274Z TRACE logical_optimizer: applied logical rule rule="PullDependentFilterOverJoin"
2026-09-12T20:40:40.867385Z TRACE logical_optimizer: applied logical rule rule="MergeSelectInnerJoin"
2026-09-12T20:40:40.867507Z DEBUG logical_optimizer: applied=2 dependent_filters_pulled=1 remaining_dependencies=0 visited=10 exhausted=false
2026-09-12T20:40:40.868266Z TRACE logical_optimizer: declined logical rule rule="PullDependentFilter" reason="right_input_shape"
2026-09-12T20:40:40.868398Z TRACE logical_optimizer: applied logical rule rule="PullDependentFilterOverJoin"
2026-09-12T20:40:40.868498Z TRACE logical_optimizer: applied logical rule rule="MergeSelectInnerJoin"
2026-09-12T20:40:40.868618Z DEBUG logical_optimizer: applied=2 dependent_filters_pulled=1 remaining_dependencies=0 visited=10 exhausted=false
2026-09-12T20:40:40.869338Z TRACE logical_optimizer: declined logical rule rule="PullDependentFilter" reason="right_input_shape"
2026-09-12T20:40:40.869452Z TRACE logical_optimizer: applied logical rule rule="PullDependentFilterOverJoin"
2026-09-12T20:40:40.869547Z TRACE logical_optimizer: applied logical rule rule="MergeSelectInnerJoin"
2026-09-12T20:40:40.869643Z DEBUG logical_optimizer: applied=2 dependent_filters_pulled=1 remaining_dependencies=0 visited=10 exhausted=false
2026-09-12T20:40:40.870619Z TRACE logical_optimizer: declined logical rule rule="PullDependentFilter" reason="right_input_shape"
2026-09-12T20:40:40.870782Z TRACE logical_optimizer: applied logical rule rule="PullDependentFilterOverJoin"
2026-09-12T20:40:40.870896Z TRACE logical_optimizer: applied logical rule rule="MergeSelectInnerJoin"
2026-09-12T20:40:40.871004Z DEBUG logical_optimizer: applied=2 dependent_filters_pulled=1 remaining_dependencies=0 visited=10 exhausted=false
2026-09-12T20:40:40.888908Z TRACE logical_optimizer: declined logical rule rule="PullDependentFilter" reason="right_input_shape"
2026-09-12T20:40:40.889116Z TRACE logical_optimizer: applied logical rule rule="PullDependentFilterOverJoin"
2026-09-12T20:40:40.889213Z TRACE logical_optimizer: applied logical rule rule="MergeSelectInnerJoin"
2026-09-12T20:40:40.889328Z DEBUG logical_optimizer: applied=2 dependent_filters_pulled=1 remaining_dependencies=0 visited=10 exhausted=false
2026-09-12T20:40:40.890314Z TRACE logical_optimizer: declined logical rule rule="PullDependentFilter" reason="right_input_shape"
2026-09-12T20:40:40.890442Z TRACE logical_optimizer: applied logical rule rule="PullDependentFilterOverJoin"
2026-09-12T20:40:40.890578Z TRACE logical_optimizer: applied logical rule rule="MergeSelectInnerJoin"
2026-09-12T20:40:40.890683Z DEBUG logical_optimizer: applied=2 dependent_filters_pulled=1 remaining_dependencies=0 visited=10 exhausted=false
2026-09-12T20:40:40.891304Z TRACE logical_optimizer: declined logical rule rule="PullDependentFilter" reason="right_input_shape"
2026-09-12T20:40:40.891428Z TRACE logical_optimizer: applied logical rule rule="PullDependentFilterOverJoin"
2026-09-12T20:40:40.891516Z TRACE logical_optimizer: applied logical rule rule="MergeSelectInnerJoin"
2026-09-12T20:40:40.891631Z DEBUG logical_optimizer: applied=2 dependent_filters_pulled=1 remaining_dependencies=0 visited=10 exhausted=false
2026-09-12T20:40:40.892559Z TRACE logical_optimizer: declined logical rule rule="PullDependentFilter" reason="right_input_shape"
2026-09-12T20:40:40.892703Z TRACE logical_optimizer: applied logical rule rule="PullDependentFilterOverJoin"
2026-09-12T20:40:40.892834Z TRACE logical_optimizer: applied logical rule rule="MergeSelectInnerJoin"
2026-09-12T20:40:40.892970Z DEBUG logical_optimizer: applied=2 dependent_filters_pulled=1 remaining_dependencies=0 visited=10 exhausted=false
2026-09-12T20:40:40.894534Z DEBUG logical_optimizer: logical binding uses a legacy path reason="value-producing subquery lowering"
2026-09-12T20:40:40.894715Z DEBUG logical_optimizer: logical binding uses a legacy path reason="aggregate lowering"
2026-09-12T20:40:40.895657Z DEBUG logical_optimizer: logical binding uses a legacy path reason="value-producing subquery lowering"
2026-09-12T20:40:40.895798Z DEBUG logical_optimizer: logical binding uses a legacy path reason="aggregate lowering"
2026-09-12T20:40:40.896599Z TRACE logical_optimizer: declined logical rule rule="PullDependentFilter" reason="anti_predicate_placement"
2026-09-12T20:40:40.896702Z TRACE logical_optimizer: declined logical rule rule="PullDependentFilterOverJoin" reason="right_input_shape"
2026-09-12T20:40:40.896814Z DEBUG logical_optimizer: applied=0 dependent_filters_pulled=0 remaining_dependencies=1 visited=7 exhausted=false
2026-09-12T20:40:40.897297Z TRACE logical_optimizer: declined logical rule rule="PullDependentFilter" reason="anti_predicate_placement"
2026-09-12T20:40:40.897396Z TRACE logical_optimizer: declined logical rule rule="PullDependentFilterOverJoin" reason="right_input_shape"
2026-09-12T20:40:40.897501Z DEBUG logical_optimizer: applied=0 dependent_filters_pulled=0 remaining_dependencies=1 visited=7 exhausted=false
2026-09-12T20:40:40.901431Z DEBUG logical_optimizer: logical binding uses a legacy path reason="DISTINCT output mapping"
2026-09-12T20:40:40.902226Z DEBUG logical_optimizer: logical binding uses a legacy path reason="DISTINCT output mapping"
2026-09-12T20:40:40.902703Z DEBUG logical_optimizer: logical binding uses a legacy path reason="DISTINCT output mapping"
2026-09-12T20:40:40.904718Z DEBUG logical_optimizer: logical binding uses a legacy path reason="value-producing subquery lowering"
2026-09-12T20:40:40.904888Z DEBUG logical_optimizer: logical binding uses a legacy path reason="value-producing subquery lowering"
2026-09-12T20:40:40.905136Z DEBUG logical_optimizer: logical binding uses a legacy path reason="aggregate lowering"
2026-09-12T20:40:40.905301Z DEBUG logical_optimizer: logical binding uses a legacy path reason="value-producing subquery lowering"
2026-09-12T20:40:40.905668Z DEBUG logical_optimizer: logical binding uses a legacy path reason="aggregate lowering"
2026-09-12T20:40:40.907181Z DEBUG logical_optimizer: logical binding uses a legacy path reason="value-producing subquery lowering"
2026-09-12T20:40:40.907329Z DEBUG logical_optimizer: logical binding uses a legacy path reason="value-producing subquery lowering"
2026-09-12T20:40:40.907581Z DEBUG logical_optimizer: logical binding uses a legacy path reason="aggregate lowering"
2026-09-12T20:40:40.907748Z DEBUG logical_optimizer: logical binding uses a legacy path reason="value-producing subquery lowering"
2026-09-12T20:40:40.908195Z DEBUG logical_optimizer: logical binding uses a legacy path reason="aggregate lowering"
2026-09-12T20:40:40.909718Z DEBUG logical_optimizer: logical binding uses a legacy path reason="value-producing subquery lowering"
2026-09-12T20:40:40.909910Z DEBUG logical_optimizer: logical binding uses a legacy path reason="scalar execution resource or subquery result"
2026-09-12T20:40:40.910077Z DEBUG logical_optimizer: logical binding uses a legacy path reason="scalar execution resource or subquery result"
2026-09-12T20:40:40.910226Z DEBUG logical_optimizer: logical binding uses a legacy path reason="value-producing subquery lowering"
2026-09-12T20:40:40.911525Z DEBUG logical_optimizer: logical binding uses a legacy path reason="value-producing subquery lowering"
2026-09-12T20:40:40.911681Z DEBUG logical_optimizer: logical binding uses a legacy path reason="scalar execution resource or subquery result"
2026-09-12T20:40:40.911858Z DEBUG logical_optimizer: logical binding uses a legacy path reason="scalar execution resource or subquery result"
2026-09-12T20:40:40.912032Z DEBUG logical_optimizer: logical binding uses a legacy path reason="value-producing subquery lowering"
2026-09-12T20:40:40.913205Z TRACE logical_optimizer: applied logical rule rule="PullDependentFilter"
2026-09-12T20:40:40.913321Z DEBUG logical_optimizer: applied=1 dependent_filters_pulled=1 remaining_dependencies=0 visited=5 exhausted=false
2026-09-12T20:40:40.914049Z TRACE logical_optimizer: applied logical rule rule="PullDependentFilter"
2026-09-12T20:40:40.914178Z DEBUG logical_optimizer: applied=1 dependent_filters_pulled=1 remaining_dependencies=0 visited=5 exhausted=false
2026-09-12T20:40:40.914759Z TRACE logical_optimizer: applied logical rule rule="PullDependentFilter"
2026-09-12T20:40:40.914881Z DEBUG logical_optimizer: applied=1 dependent_filters_pulled=1 remaining_dependencies=0 visited=5 exhausted=false
2026-09-12T20:40:40.915599Z TRACE logical_optimizer: applied logical rule rule="PullDependentFilter"
2026-09-12T20:40:40.915711Z DEBUG logical_optimizer: applied=1 dependent_filters_pulled=1 remaining_dependencies=0 visited=5 exhausted=false
2026-09-12T20:40:40.916602Z DEBUG logical_optimizer: logical binding uses a legacy path reason="aggregate lowering"
2026-09-12T20:40:40.917245Z DEBUG logical_optimizer: logical binding uses a legacy path reason="aggregate lowering"
2026-09-12T20:40:40.919304Z DEBUG logical_optimizer: logical binding uses a legacy path reason="subquery outside a direct EXISTS filter"
2026-09-12T20:40:40.920312Z DEBUG logical_optimizer: logical binding uses a legacy path reason="subquery outside a direct EXISTS filter"
2026-09-12T20:40:40.921507Z DEBUG logical_optimizer: logical binding uses a legacy path reason="subquery outside a direct EXISTS filter"
2026-09-12T20:40:40.928786Z TRACE logical_optimizer: applied logical rule rule="PullDependentFilter"
2026-09-12T20:40:40.928960Z DEBUG logical_optimizer: applied=1 dependent_filters_pulled=1 remaining_dependencies=0 visited=5 exhausted=false
2026-09-12T20:40:40.929516Z TRACE logical_optimizer: applied logical rule rule="PullDependentFilter"
2026-09-12T20:40:40.929631Z DEBUG logical_optimizer: applied=1 dependent_filters_pulled=1 remaining_dependencies=0 visited=5 exhausted=false
2026-09-12T20:40:40.930220Z TRACE logical_optimizer: applied logical rule rule="PullDependentFilter"
2026-09-12T20:40:40.930333Z DEBUG logical_optimizer: applied=1 dependent_filters_pulled=1 remaining_dependencies=0 visited=5 exhausted=false
2026-09-12T20:40:40.931071Z TRACE logical_optimizer: applied logical rule rule="PullDependentFilter"
2026-09-12T20:40:40.931187Z DEBUG logical_optimizer: applied=1 dependent_filters_pulled=1 remaining_dependencies=0 visited=5 exhausted=false
2026-09-12T20:40:40.932777Z DEBUG logical_optimizer: logical binding uses a legacy path reason="aggregate lowering"
2026-09-12T20:40:40.933976Z DEBUG logical_optimizer: logical binding uses a legacy path reason="aggregate lowering"
2026-09-12T20:40:40.935893Z DEBUG logical_optimizer: logical binding uses a legacy path reason="aggregate lowering"
2026-09-12T20:40:40.937193Z DEBUG logical_optimizer: logical binding uses a legacy path reason="aggregate lowering"
2026-09-12T20:40:40.939930Z DEBUG logical_optimizer: logical binding uses a legacy path reason="value-producing subquery lowering"
2026-09-12T20:40:40.940109Z DEBUG logical_optimizer: logical binding uses a legacy path reason="value-producing subquery lowering"
2026-09-12T20:40:40.940992Z DEBUG logical_optimizer: logical binding uses a legacy path reason="value-producing subquery lowering"
2026-09-12T20:40:40.941131Z DEBUG logical_optimizer: logical binding uses a legacy path reason="value-producing subquery lowering"
2026-09-12T20:40:40.942125Z DEBUG logical_optimizer: logical binding uses a legacy path reason="value-producing subquery lowering"
2026-09-12T20:40:40.942272Z DEBUG logical_optimizer: logical binding uses a legacy path reason="value-producing subquery lowering"
2026-09-12T20:40:40.944134Z DEBUG logical_optimizer: logical binding uses a legacy path reason="value-producing subquery lowering"
2026-09-12T20:40:40.944273Z DEBUG logical_optimizer: logical binding uses a legacy path reason="value-producing subquery lowering"
2026-09-12T20:40:40.944882Z DEBUG logical_optimizer: logical binding uses a legacy path reason="value-producing subquery lowering"
2026-09-12T20:40:40.945014Z DEBUG logical_optimizer: logical binding uses a legacy path reason="value-producing subquery lowering"
2026-09-12T20:40:40.953099Z DEBUG logical_optimizer: logical binding uses a legacy path reason="DISTINCT output mapping"
2026-09-12T20:40:40.953583Z DEBUG logical_optimizer: logical binding uses a legacy path reason="DISTINCT output mapping"
2026-09-12T20:40:40.954336Z DEBUG logical_optimizer: logical binding uses a legacy path reason="DISTINCT output mapping"
2026-09-12T20:40:40.955244Z TRACE logical_optimizer: declined logical rule rule="PullDependentFilter" reason="right_input_shape"
2026-09-12T20:40:40.955372Z TRACE logical_optimizer: applied logical rule rule="PullDependentFilterOverJoin"
2026-09-12T20:40:40.955469Z TRACE logical_optimizer: applied logical rule rule="MergeSelectInnerJoin"
2026-09-12T20:40:40.955590Z DEBUG logical_optimizer: applied=2 dependent_filters_pulled=1 remaining_dependencies=0 visited=10 exhausted=false
2026-09-12T20:40:40.956446Z TRACE logical_optimizer: declined logical rule rule="PullDependentFilter" reason="right_input_shape"
2026-09-12T20:40:40.956583Z TRACE logical_optimizer: applied logical rule rule="PullDependentFilterOverJoin"
2026-09-12T20:40:40.956692Z TRACE logical_optimizer: applied logical rule rule="MergeSelectInnerJoin"
2026-09-12T20:40:40.956795Z DEBUG logical_optimizer: applied=2 dependent_filters_pulled=1 remaining_dependencies=0 visited=10 exhausted=false
2026-09-12T20:40:40.957538Z TRACE logical_optimizer: declined logical rule rule="PullDependentFilter" reason="right_input_shape"
2026-09-12T20:40:40.957654Z TRACE logical_optimizer: applied logical rule rule="PullDependentFilterOverJoin"
2026-09-12T20:40:40.957753Z TRACE logical_optimizer: applied logical rule rule="MergeSelectInnerJoin"
2026-09-12T20:40:40.957886Z DEBUG logical_optimizer: applied=2 dependent_filters_pulled=1 remaining_dependencies=0 visited=10 exhausted=false
2026-09-12T20:40:40.958847Z TRACE logical_optimizer: declined logical rule rule="PullDependentFilter" reason="right_input_shape"
2026-09-12T20:40:40.958981Z TRACE logical_optimizer: applied logical rule rule="PullDependentFilterOverJoin"
2026-09-12T20:40:40.959077Z TRACE logical_optimizer: applied logical rule rule="MergeSelectInnerJoin"
2026-09-12T20:40:40.959190Z DEBUG logical_optimizer: applied=2 dependent_filters_pulled=1 remaining_dependencies=0 visited=10 exhausted=false
2026-09-12T20:40:40.960654Z DEBUG logical_optimizer: logical binding uses a legacy path reason="value-producing subquery lowering"
2026-09-12T20:40:40.961101Z DEBUG logical_optimizer: logical binding uses a legacy path reason="value-producing subquery lowering"
2026-09-12T20:40:40.961620Z DEBUG logical_optimizer: logical binding uses a legacy path reason="value-producing subquery lowering"
2026-09-12T20:40:40.962624Z DEBUG logical_optimizer: logical binding uses a legacy path reason="value-producing subquery lowering"
2026-09-12T20:40:40.962763Z DEBUG logical_optimizer: logical binding uses a legacy path reason="value-producing subquery lowering"
2026-09-12T20:40:40.962902Z DEBUG logical_optimizer: logical binding uses a legacy path reason="value-producing subquery lowering"
2026-09-12T20:40:40.963550Z DEBUG logical_optimizer: logical binding uses a legacy path reason="value-producing subquery lowering"
2026-09-12T20:40:40.963681Z DEBUG logical_optimizer: logical binding uses a legacy path reason="value-producing subquery lowering"
2026-09-12T20:40:40.963801Z DEBUG logical_optimizer: logical binding uses a legacy path reason="value-producing subquery lowering"
2026-09-12T20:40:40.969571Z DEBUG logical_optimizer: logical binding uses a legacy path reason="aggregate lowering"
2026-09-12T20:40:40.969777Z TRACE logical_optimizer: applied logical rule rule="PullDependentFilter"
2026-09-12T20:40:40.969884Z DEBUG logical_optimizer: applied=1 dependent_filters_pulled=1 remaining_dependencies=0 visited=6 exhausted=false
2026-09-12T20:40:40.970623Z DEBUG logical_optimizer: logical binding uses a legacy path reason="aggregate lowering"
2026-09-12T20:40:40.970781Z TRACE logical_optimizer: applied logical rule rule="PullDependentFilter"
2026-09-12T20:40:40.970886Z DEBUG logical_optimizer: applied=1 dependent_filters_pulled=1 remaining_dependencies=0 visited=6 exhausted=false
2026-09-12T20:40:40.971585Z DEBUG logical_optimizer: logical binding uses a legacy path reason="scalar execution resource or subquery result"
2026-09-12T20:40:40.971998Z DEBUG logical_optimizer: logical binding uses a legacy path reason="scalar execution resource or subquery result"
2026-09-12T20:40:40.972620Z DEBUG logical_optimizer: logical binding uses a legacy path reason="scalar execution resource or subquery result"
2026-09-12T20:40:40.974090Z DEBUG logical_optimizer: logical binding uses a legacy path reason="aggregate lowering"
2026-09-12T20:40:40.974281Z DEBUG logical_optimizer: logical binding uses a legacy path reason="value-producing subquery lowering"
2026-09-12T20:40:40.975197Z DEBUG logical_optimizer: logical binding uses a legacy path reason="aggregate lowering"
2026-09-12T20:40:40.975356Z DEBUG logical_optimizer: logical binding uses a legacy path reason="value-producing subquery lowering"
2026-09-12T20:40:40.979779Z DEBUG logical_optimizer: logical binding uses a legacy path reason="value-producing subquery lowering"
2026-09-12T20:40:40.979958Z DEBUG logical_optimizer: logical binding uses a legacy path reason="value-producing subquery lowering"
2026-09-12T20:40:40.980099Z DEBUG logical_optimizer: logical binding uses a legacy path reason="aggregate lowering"
2026-09-12T20:40:40.980768Z DEBUG logical_optimizer: logical binding uses a legacy path reason="value-producing subquery lowering"
2026-09-12T20:40:40.980895Z DEBUG logical_optimizer: logical binding uses a legacy path reason="value-producing subquery lowering"
2026-09-12T20:40:40.981031Z DEBUG logical_optimizer: logical binding uses a legacy path reason="aggregate lowering"
2026-09-12T20:40:40.984402Z TRACE logical_optimizer: declined logical rule rule="PullDependentFilter" reason="predicate_effects"
2026-09-12T20:40:40.984502Z TRACE logical_optimizer: declined logical rule rule="PullDependentFilterOverJoin" reason="right_input_shape"
2026-09-12T20:40:40.984599Z DEBUG logical_optimizer: applied=0 dependent_filters_pulled=0 remaining_dependencies=1 visited=7 exhausted=false
2026-09-12T20:40:40.985012Z TRACE logical_optimizer: declined logical rule rule="PullDependentFilter" reason="predicate_effects"
2026-09-12T20:40:40.985106Z TRACE logical_optimizer: declined logical rule rule="PullDependentFilterOverJoin" reason="right_input_shape"
2026-09-12T20:40:40.985211Z DEBUG logical_optimizer: applied=0 dependent_filters_pulled=0 remaining_dependencies=1 visited=7 exhausted=false
2026-09-12T20:40:40.985745Z DEBUG logical_optimizer: logical binding uses a legacy path reason="DISTINCT output mapping"
2026-09-12T20:40:40.985972Z TRACE logical_optimizer: applied logical rule rule="PullDependentFilter"
2026-09-12T20:40:40.986076Z DEBUG logical_optimizer: applied=1 dependent_filters_pulled=1 remaining_dependencies=0 visited=6 exhausted=false
2026-09-12T20:40:40.986879Z DEBUG logical_optimizer: logical binding uses a legacy path reason="DISTINCT output mapping"
2026-09-12T20:40:40.987039Z TRACE logical_optimizer: applied logical rule rule="PullDependentFilter"
2026-09-12T20:40:40.987174Z DEBUG logical_optimizer: applied=1 dependent_filters_pulled=1 remaining_dependencies=0 visited=6 exhausted=false
2026-09-12T20:40:40.987939Z DEBUG logical_optimizer: logical binding uses a legacy path reason="DISTINCT output mapping"
2026-09-12T20:40:40.988109Z TRACE logical_optimizer: applied logical rule rule="PullDependentFilter"
2026-09-12T20:40:40.988212Z DEBUG logical_optimizer: applied=1 dependent_filters_pulled=1 remaining_dependencies=0 visited=6 exhausted=false
2026-09-12T20:40:40.989225Z DEBUG logical_optimizer: logical binding uses a legacy path reason="DISTINCT output mapping"
2026-09-12T20:40:40.989370Z TRACE logical_optimizer: applied logical rule rule="PullDependentFilter"
2026-09-12T20:40:40.989481Z DEBUG logical_optimizer: applied=1 dependent_filters_pulled=1 remaining_dependencies=0 visited=6 exhausted=false
2026-09-12T20:40:40.993418Z DEBUG logical_optimizer: logical binding uses a legacy path reason="value-producing subquery lowering"
2026-09-12T20:40:40.993625Z DEBUG logical_optimizer: logical binding uses a legacy path reason="aggregate lowering"
2026-09-12T20:40:40.993779Z DEBUG logical_optimizer: logical binding uses a legacy path reason="scalar execution resource or subquery result"
2026-09-12T20:40:40.994714Z DEBUG logical_optimizer: logical binding uses a legacy path reason="value-producing subquery lowering"
2026-09-12T20:40:40.994884Z DEBUG logical_optimizer: logical binding uses a legacy path reason="aggregate lowering"
2026-09-12T20:40:40.995027Z DEBUG logical_optimizer: logical binding uses a legacy path reason="scalar execution resource or subquery result"
2026-09-12T20:40:40.995798Z DEBUG logical_optimizer: logical binding uses a legacy path reason="value-producing subquery lowering"
2026-09-12T20:40:40.996313Z DEBUG logical_optimizer: logical binding uses a legacy path reason="value-producing subquery lowering"
2026-09-12T20:40:40.996982Z DEBUG logical_optimizer: logical binding uses a legacy path reason="aggregate lowering"
2026-09-12T20:40:40.998243Z DEBUG logical_optimizer: logical binding uses a legacy path reason="aggregate lowering"
2026-09-12T20:40:41.011209Z TRACE logical_optimizer: applied logical rule rule="PullDependentFilter"
2026-09-12T20:40:41.011337Z DEBUG logical_optimizer: applied=1 dependent_filters_pulled=1 remaining_dependencies=0 visited=5 exhausted=false
2026-09-12T20:40:41.011828Z TRACE logical_optimizer: applied logical rule rule="PullDependentFilter"
2026-09-12T20:40:41.011949Z DEBUG logical_optimizer: applied=1 dependent_filters_pulled=1 remaining_dependencies=0 visited=5 exhausted=false
2026-09-12T20:40:41.012397Z TRACE logical_optimizer: applied logical rule rule="PullDependentFilter"
2026-09-12T20:40:41.012513Z DEBUG logical_optimizer: applied=1 dependent_filters_pulled=1 remaining_dependencies=0 visited=5 exhausted=false
2026-09-12T20:40:41.013069Z TRACE logical_optimizer: applied logical rule rule="PullDependentFilter"
2026-09-12T20:40:41.013179Z DEBUG logical_optimizer: applied=1 dependent_filters_pulled=1 remaining_dependencies=0 visited=5 exhausted=false
2026-09-12T20:40:41.014099Z TRACE logical_optimizer: applied logical rule rule="PullDependentFilter"
2026-09-12T20:40:41.014222Z DEBUG logical_optimizer: applied=1 dependent_filters_pulled=1 remaining_dependencies=0 visited=5 exhausted=false
2026-09-12T20:40:41.014722Z TRACE logical_optimizer: applied logical rule rule="PullDependentFilter"
2026-09-12T20:40:41.014834Z DEBUG logical_optimizer: applied=1 dependent_filters_pulled=1 remaining_dependencies=0 visited=5 exhausted=false
2026-09-12T20:40:41.015444Z TRACE logical_optimizer: applied logical rule rule="PullDependentFilter"
2026-09-12T20:40:41.015579Z DEBUG logical_optimizer: applied=1 dependent_filters_pulled=1 remaining_dependencies=0 visited=5 exhausted=false
2026-09-12T20:40:41.016204Z TRACE logical_optimizer: applied logical rule rule="PullDependentFilter"
2026-09-12T20:40:41.016325Z DEBUG logical_optimizer: applied=1 dependent_filters_pulled=1 remaining_dependencies=0 visited=5 exhausted=false
2026-09-12T20:40:41.025220Z DEBUG logical_optimizer: logical binding uses a legacy path reason="value-producing subquery lowering"
2026-09-12T20:40:41.026022Z DEBUG logical_optimizer: logical binding uses a legacy path reason="value-producing subquery lowering"
2026-09-12T20:40:41.030780Z DEBUG logical_optimizer: logical binding uses a legacy path reason="value-producing subquery lowering"
2026-09-12T20:40:41.031169Z DEBUG logical_optimizer: logical binding uses a legacy path reason="value-producing subquery lowering"
2026-09-12T20:40:41.037516Z DEBUG logical_optimizer: logical binding uses a legacy path reason="value-producing subquery lowering"
2026-09-12T20:40:41.037755Z DEBUG logical_optimizer: logical binding uses a legacy path reason="value-producing subquery lowering"
2026-09-12T20:40:41.037938Z DEBUG logical_optimizer: logical binding uses a legacy path reason="aggregate lowering"
2026-09-12T20:40:41.039252Z DEBUG logical_optimizer: logical binding uses a legacy path reason="value-producing subquery lowering"
2026-09-12T20:40:41.039414Z DEBUG logical_optimizer: logical binding uses a legacy path reason="value-producing subquery lowering"
2026-09-12T20:40:41.039567Z DEBUG logical_optimizer: logical binding uses a legacy path reason="aggregate lowering"
2026-09-12T20:40:41.040958Z DEBUG logical_optimizer: logical binding uses a legacy path reason="value-producing subquery lowering"
2026-09-12T20:40:41.041194Z DEBUG logical_optimizer: logical binding uses a legacy path reason="value-producing subquery lowering"
2026-09-12T20:40:41.041350Z DEBUG logical_optimizer: logical binding uses a legacy path reason="aggregate lowering"
2026-09-12T20:40:41.042647Z DEBUG logical_optimizer: logical binding uses a legacy path reason="value-producing subquery lowering"
2026-09-12T20:40:41.042865Z DEBUG logical_optimizer: logical binding uses a legacy path reason="value-producing subquery lowering"
2026-09-12T20:40:41.043010Z DEBUG logical_optimizer: logical binding uses a legacy path reason="aggregate lowering"
2026-09-12T20:40:41.045853Z DEBUG logical_optimizer: logical binding uses a legacy path reason="aggregate lowering"
2026-09-12T20:40:41.046454Z DEBUG logical_optimizer: logical binding uses a legacy path reason="aggregate lowering"
2026-09-12T20:40:41.047232Z DEBUG logical_optimizer: logical binding uses a legacy path reason="aggregate lowering"
2026-09-12T20:40:41.047954Z DEBUG logical_optimizer: logical binding uses a legacy path reason="aggregate lowering"
2026-09-12T20:40:41.049352Z DEBUG logical_optimizer: logical binding uses a legacy path reason="DISTINCT output mapping"
2026-09-12T20:40:41.049791Z DEBUG logical_optimizer: logical binding uses a legacy path reason="DISTINCT output mapping"
2026-09-12T20:40:41.050710Z DEBUG logical_optimizer: logical binding uses a legacy path reason="DISTINCT output mapping"
2026-09-12T20:40:41.051350Z DEBUG logical_optimizer: logical binding uses a legacy path reason="DISTINCT output mapping"
2026-09-12T20:40:41.052265Z DEBUG logical_optimizer: logical binding uses a legacy path reason="aggregate lowering"
2026-09-12T20:40:41.052434Z TRACE logical_optimizer: applied logical rule rule="PullDependentFilter"
2026-09-12T20:40:41.052552Z DEBUG logical_optimizer: applied=1 dependent_filters_pulled=1 remaining_dependencies=0 visited=5 exhausted=false
2026-09-12T20:40:41.053264Z DEBUG logical_optimizer: logical binding uses a legacy path reason="aggregate lowering"
2026-09-12T20:40:41.053414Z TRACE logical_optimizer: applied logical rule rule="PullDependentFilter"
2026-09-12T20:40:41.053513Z DEBUG logical_optimizer: applied=1 dependent_filters_pulled=1 remaining_dependencies=0 visited=5 exhausted=false
2026-09-12T20:40:41.054156Z TRACE logical_optimizer: declined logical rule rule="PullDependentFilter" reason="right_input_shape"
2026-09-12T20:40:41.054289Z TRACE logical_optimizer: applied logical rule rule="PullDependentFilterOverJoin"
2026-09-12T20:40:41.054384Z TRACE logical_optimizer: applied logical rule rule="MergeSelectInnerJoin"
2026-09-12T20:40:41.054494Z DEBUG logical_optimizer: applied=2 dependent_filters_pulled=1 remaining_dependencies=0 visited=10 exhausted=false
2026-09-12T20:40:41.055076Z TRACE logical_optimizer: declined logical rule rule="PullDependentFilter" reason="right_input_shape"
2026-09-12T20:40:41.055191Z TRACE logical_optimizer: applied logical rule rule="PullDependentFilterOverJoin"
2026-09-12T20:40:41.055289Z TRACE logical_optimizer: applied logical rule rule="MergeSelectInnerJoin"
2026-09-12T20:40:41.055399Z DEBUG logical_optimizer: applied=2 dependent_filters_pulled=1 remaining_dependencies=0 visited=10 exhausted=false
2026-09-12T20:40:41.055969Z TRACE logical_optimizer: declined logical rule rule="PullDependentFilter" reason="right_input_shape"
2026-09-12T20:40:41.056111Z TRACE logical_optimizer: applied logical rule rule="PullDependentFilterOverJoin"
2026-09-12T20:40:41.056210Z TRACE logical_optimizer: applied logical rule rule="MergeSelectInnerJoin"
2026-09-12T20:40:41.056305Z DEBUG logical_optimizer: applied=2 dependent_filters_pulled=1 remaining_dependencies=0 visited=10 exhausted=false
2026-09-12T20:40:41.057055Z TRACE logical_optimizer: declined logical rule rule="PullDependentFilter" reason="right_input_shape"
2026-09-12T20:40:41.057180Z TRACE logical_optimizer: applied logical rule rule="PullDependentFilterOverJoin"
2026-09-12T20:40:41.057267Z TRACE logical_optimizer: applied logical rule rule="MergeSelectInnerJoin"
2026-09-12T20:40:41.057373Z DEBUG logical_optimizer: applied=2 dependent_filters_pulled=1 remaining_dependencies=0 visited=10 exhausted=false
2026-09-12T20:40:41.058656Z DEBUG logical_optimizer: logical binding uses a legacy path reason="value-producing subquery lowering"
2026-09-12T20:40:41.059360Z DEBUG logical_optimizer: logical binding uses a legacy path reason="value-producing subquery lowering"
2026-09-12T20:40:41.060052Z DEBUG logical_optimizer: logical binding uses a legacy path reason="aggregate lowering"
2026-09-12T20:40:41.060218Z TRACE logical_optimizer: applied logical rule rule="PullDependentFilter"
2026-09-12T20:40:41.060319Z DEBUG logical_optimizer: applied=1 dependent_filters_pulled=1 remaining_dependencies=0 visited=5 exhausted=false
2026-09-12T20:40:41.061099Z DEBUG logical_optimizer: logical binding uses a legacy path reason="aggregate lowering"
2026-09-12T20:40:41.061263Z TRACE logical_optimizer: applied logical rule rule="PullDependentFilter"
2026-09-12T20:40:41.061364Z DEBUG logical_optimizer: applied=1 dependent_filters_pulled=1 remaining_dependencies=0 visited=5 exhausted=false
2026-09-12T20:40:41.063264Z DEBUG logical_optimizer: logical binding uses a legacy path reason="value-producing subquery lowering"
2026-09-12T20:40:41.063430Z DEBUG logical_optimizer: logical binding uses a legacy path reason="aggregate lowering"
2026-09-12T20:40:41.064031Z DEBUG logical_optimizer: logical binding uses a legacy path reason="value-producing subquery lowering"
2026-09-12T20:40:41.064205Z DEBUG logical_optimizer: logical binding uses a legacy path reason="aggregate lowering"
2026-09-12T20:40:41.064644Z DEBUG logical_optimizer: logical binding uses a legacy path reason="value-producing subquery lowering"
2026-09-12T20:40:41.064805Z DEBUG logical_optimizer: logical binding uses a legacy path reason="aggregate lowering"
2026-09-12T20:40:41.065732Z DEBUG logical_optimizer: logical binding uses a legacy path reason="value-producing subquery lowering"
2026-09-12T20:40:41.065951Z DEBUG logical_optimizer: logical binding uses a legacy path reason="aggregate lowering"
2026-09-12T20:40:41.066797Z DEBUG logical_optimizer: logical binding uses a legacy path reason="value-producing subquery lowering"
2026-09-12T20:40:41.066992Z DEBUG logical_optimizer: logical binding uses a legacy path reason="value-producing subquery lowering"
2026-09-12T20:40:41.067957Z DEBUG logical_optimizer: logical binding uses a legacy path reason="value-producing subquery lowering"
2026-09-12T20:40:41.068177Z DEBUG logical_optimizer: logical binding uses a legacy path reason="value-producing subquery lowering"
2026-09-12T20:40:41.069562Z DEBUG logical_optimizer: logical binding uses a legacy path reason="value-producing subquery lowering"
2026-09-12T20:40:41.069806Z DEBUG logical_optimizer: logical binding uses a legacy path reason="value-producing subquery lowering"
2026-09-12T20:40:41.070978Z DEBUG logical_optimizer: logical binding uses a legacy path reason="value-producing subquery lowering"
2026-09-12T20:40:41.071171Z DEBUG logical_optimizer: logical binding uses a legacy path reason="value-producing subquery lowering"
2026-09-12T20:40:41.077192Z DEBUG logical_optimizer: logical binding uses a legacy path reason="value-producing subquery lowering"
2026-09-12T20:40:41.077377Z DEBUG logical_optimizer: logical binding uses a legacy path reason="value-producing subquery lowering"
2026-09-12T20:40:41.078402Z DEBUG logical_optimizer: logical binding uses a legacy path reason="value-producing subquery lowering"
2026-09-12T20:40:41.078589Z DEBUG logical_optimizer: logical binding uses a legacy path reason="value-producing subquery lowering"
2026-09-12T20:40:41.082517Z TRACE logical_optimizer: applied logical rule rule="PullDependentFilter"
2026-09-12T20:40:41.082637Z DEBUG logical_optimizer: applied=1 dependent_filters_pulled=1 remaining_dependencies=0 visited=5 exhausted=false
2026-09-12T20:40:41.083518Z TRACE logical_optimizer: applied logical rule rule="PullDependentFilter"
2026-09-12T20:40:41.083644Z DEBUG logical_optimizer: applied=1 dependent_filters_pulled=1 remaining_dependencies=0 visited=5 exhausted=false
2026-09-12T20:40:41.084576Z TRACE logical_optimizer: applied logical rule rule="PullDependentFilter"
2026-09-12T20:40:41.084694Z DEBUG logical_optimizer: applied=1 dependent_filters_pulled=1 remaining_dependencies=0 visited=5 exhausted=false
2026-09-12T20:40:41.085296Z TRACE logical_optimizer: applied logical rule rule="PullDependentFilter"
2026-09-12T20:40:41.085393Z DEBUG logical_optimizer: applied=1 dependent_filters_pulled=1 remaining_dependencies=0 visited=5 exhausted=false
2026-09-12T20:40:41.090333Z DEBUG logical_optimizer: logical binding uses a legacy path reason="value-producing subquery lowering"
2026-09-12T20:40:41.090758Z DEBUG logical_optimizer: logical binding uses a legacy path reason="value-producing subquery lowering"
2026-09-12T20:40:41.091254Z DEBUG logical_optimizer: logical binding uses a legacy path reason="subquery outside a direct EXISTS filter"
2026-09-12T20:40:41.091570Z DEBUG logical_optimizer: logical binding uses a legacy path reason="subquery outside a direct EXISTS filter"
2026-09-12T20:40:41.092405Z DEBUG logical_optimizer: logical binding uses a legacy path reason="value-producing subquery lowering"
2026-09-12T20:40:41.092802Z DEBUG logical_optimizer: logical binding uses a legacy path reason="value-producing subquery lowering"
2026-09-12T20:40:41.093139Z DEBUG logical_optimizer: logical binding uses a legacy path reason="value-producing subquery lowering"
2026-09-12T20:40:41.103540Z TRACE logical_optimizer: applied logical rule rule="PullDependentFilter"
2026-09-12T20:40:41.103676Z DEBUG logical_optimizer: applied=1 dependent_filters_pulled=1 remaining_dependencies=0 visited=5 exhausted=false
2026-09-12T20:40:41.104161Z TRACE logical_optimizer: applied logical rule rule="PullDependentFilter"
2026-09-12T20:40:41.104271Z DEBUG logical_optimizer: applied=1 dependent_filters_pulled=1 remaining_dependencies=0 visited=5 exhausted=false
2026-09-12T20:40:41.105184Z TRACE logical_optimizer: applied logical rule rule="PullDependentFilter"
2026-09-12T20:40:41.105288Z DEBUG logical_optimizer: applied=1 dependent_filters_pulled=1 remaining_dependencies=0 visited=5 exhausted=false
2026-09-12T20:40:41.106049Z TRACE logical_optimizer: applied logical rule rule="PullDependentFilter"
2026-09-12T20:40:41.106224Z DEBUG logical_optimizer: applied=1 dependent_filters_pulled=1 remaining_dependencies=0 visited=5 exhausted=false
2026-09-12T20:40:41.108277Z DEBUG logical_optimizer: logical binding uses a legacy path reason="value-producing subquery lowering"
2026-09-12T20:40:41.108470Z TRACE logical_optimizer: declined logical rule rule="PullDependentFilter" reason="predicate_effects"
2026-09-12T20:40:41.108557Z TRACE logical_optimizer: declined logical rule rule="PullDependentFilterOverJoin" reason="right_input_shape"
2026-09-12T20:40:41.108664Z DEBUG logical_optimizer: applied=0 dependent_filters_pulled=0 remaining_dependencies=1 visited=6 exhausted=false
2026-09-12T20:40:41.109551Z DEBUG logical_optimizer: logical binding uses a legacy path reason="value-producing subquery lowering"
2026-09-12T20:40:41.109747Z TRACE logical_optimizer: declined logical rule rule="PullDependentFilter" reason="predicate_effects"
2026-09-12T20:40:41.109844Z TRACE logical_optimizer: declined logical rule rule="PullDependentFilterOverJoin" reason="right_input_shape"
2026-09-12T20:40:41.109941Z DEBUG logical_optimizer: applied=0 dependent_filters_pulled=0 remaining_dependencies=1 visited=6 exhausted=false
2026-09-12T20:40:41.110755Z DEBUG logical_optimizer: logical binding uses a legacy path reason="value-producing subquery lowering"
2026-09-12T20:40:41.110918Z TRACE logical_optimizer: declined logical rule rule="PullDependentFilter" reason="predicate_effects"
2026-09-12T20:40:41.111005Z TRACE logical_optimizer: declined logical rule rule="PullDependentFilterOverJoin" reason="right_input_shape"
2026-09-12T20:40:41.111117Z DEBUG logical_optimizer: applied=0 dependent_filters_pulled=0 remaining_dependencies=1 visited=6 exhausted=false
2026-09-12T20:40:41.117603Z DEBUG logical_optimizer: logical binding uses a legacy path reason="aggregate lowering"
2026-09-12T20:40:41.118397Z DEBUG logical_optimizer: logical binding uses a legacy path reason="aggregate lowering"
2026-09-12T20:40:41.121779Z TRACE logical_optimizer: declined logical rule rule="PullDependentFilter" reason="right_input_shape"
2026-09-12T20:40:41.121952Z TRACE logical_optimizer: applied logical rule rule="PullDependentFilterOverJoin"
2026-09-12T20:40:41.122065Z TRACE logical_optimizer: applied logical rule rule="MergeSelectInnerJoin"
2026-09-12T20:40:41.122186Z DEBUG logical_optimizer: applied=2 dependent_filters_pulled=1 remaining_dependencies=0 visited=10 exhausted=false
2026-09-12T20:40:41.123024Z TRACE logical_optimizer: declined logical rule rule="PullDependentFilter" reason="right_input_shape"
2026-09-12T20:40:41.123188Z TRACE logical_optimizer: applied logical rule rule="PullDependentFilterOverJoin"
2026-09-12T20:40:41.123285Z TRACE logical_optimizer: applied logical rule rule="MergeSelectInnerJoin"
2026-09-12T20:40:41.123390Z DEBUG logical_optimizer: applied=2 dependent_filters_pulled=1 remaining_dependencies=0 visited=10 exhausted=false
2026-09-12T20:40:41.123939Z TRACE logical_optimizer: declined logical rule rule="PullDependentFilter" reason="right_input_shape"
2026-09-12T20:40:41.124058Z TRACE logical_optimizer: applied logical rule rule="PullDependentFilterOverJoin"
2026-09-12T20:40:41.124160Z TRACE logical_optimizer: applied logical rule rule="MergeSelectInnerJoin"
2026-09-12T20:40:41.124265Z DEBUG logical_optimizer: applied=2 dependent_filters_pulled=1 remaining_dependencies=0 visited=10 exhausted=false
2026-09-12T20:40:41.125107Z TRACE logical_optimizer: declined logical rule rule="PullDependentFilter" reason="right_input_shape"
2026-09-12T20:40:41.125235Z TRACE logical_optimizer: applied logical rule rule="PullDependentFilterOverJoin"
2026-09-12T20:40:41.125329Z TRACE logical_optimizer: applied logical rule rule="MergeSelectInnerJoin"
2026-09-12T20:40:41.125434Z DEBUG logical_optimizer: applied=2 dependent_filters_pulled=1 remaining_dependencies=0 visited=10 exhausted=false
2026-09-12T20:40:41.129513Z TRACE logical_optimizer: applied logical rule rule="PullDependentFilter"
2026-09-12T20:40:41.129653Z DEBUG logical_optimizer: applied=1 dependent_filters_pulled=1 remaining_dependencies=0 visited=5 exhausted=false
2026-09-12T20:40:41.130236Z TRACE logical_optimizer: applied logical rule rule="PullDependentFilter"
2026-09-12T20:40:41.130346Z DEBUG logical_optimizer: applied=1 dependent_filters_pulled=1 remaining_dependencies=0 visited=5 exhausted=false
2026-09-12T20:40:41.130746Z TRACE logical_optimizer: applied logical rule rule="PullDependentFilter"
2026-09-12T20:40:41.130851Z DEBUG logical_optimizer: applied=1 dependent_filters_pulled=1 remaining_dependencies=0 visited=5 exhausted=false
2026-09-12T20:40:41.131480Z TRACE logical_optimizer: applied logical rule rule="PullDependentFilter"
2026-09-12T20:40:41.131593Z DEBUG logical_optimizer: applied=1 dependent_filters_pulled=1 remaining_dependencies=0 visited=5 exhausted=false
2026-09-12T20:40:41.133033Z DEBUG logical_optimizer: logical binding uses a legacy path reason="aggregate lowering"
2026-09-12T20:40:41.133213Z DEBUG logical_optimizer: logical binding uses a legacy path reason="value-producing subquery lowering"
2026-09-12T20:40:41.133411Z DEBUG logical_optimizer: logical binding uses a legacy path reason="value-producing subquery lowering"
2026-09-12T20:40:41.134622Z DEBUG logical_optimizer: logical binding uses a legacy path reason="aggregate lowering"
2026-09-12T20:40:41.134787Z DEBUG logical_optimizer: logical binding uses a legacy path reason="value-producing subquery lowering"
2026-09-12T20:40:41.134969Z DEBUG logical_optimizer: logical binding uses a legacy path reason="value-producing subquery lowering"
2026-09-12T20:40:41.136482Z DEBUG logical_optimizer: logical binding uses a legacy path reason="aggregate lowering"
2026-09-12T20:40:41.136636Z DEBUG logical_optimizer: logical binding uses a legacy path reason="value-producing subquery lowering"
2026-09-12T20:40:41.136817Z DEBUG logical_optimizer: logical binding uses a legacy path reason="value-producing subquery lowering"
2026-09-12T20:40:41.142176Z TRACE logical_optimizer: declined logical rule rule="PullDependentFilter" reason="right_input_shape"
2026-09-12T20:40:41.142346Z TRACE logical_optimizer: applied logical rule rule="PullDependentFilterOverJoin"
2026-09-12T20:40:41.142443Z TRACE logical_optimizer: applied logical rule rule="MergeSelectInnerJoin"
2026-09-12T20:40:41.142544Z DEBUG logical_optimizer: applied=2 dependent_filters_pulled=1 remaining_dependencies=0 visited=10 exhausted=false
2026-09-12T20:40:41.143251Z TRACE logical_optimizer: declined logical rule rule="PullDependentFilter" reason="right_input_shape"
2026-09-12T20:40:41.143378Z TRACE logical_optimizer: applied logical rule rule="PullDependentFilterOverJoin"
2026-09-12T20:40:41.143487Z TRACE logical_optimizer: applied logical rule rule="MergeSelectInnerJoin"
2026-09-12T20:40:41.143589Z DEBUG logical_optimizer: applied=2 dependent_filters_pulled=1 remaining_dependencies=0 visited=10 exhausted=false
2026-09-12T20:40:41.144212Z TRACE logical_optimizer: declined logical rule rule="PullDependentFilter" reason="right_input_shape"
2026-09-12T20:40:41.144337Z TRACE logical_optimizer: applied logical rule rule="PullDependentFilterOverJoin"
2026-09-12T20:40:41.144435Z TRACE logical_optimizer: applied logical rule rule="MergeSelectInnerJoin"
2026-09-12T20:40:41.144542Z DEBUG logical_optimizer: applied=2 dependent_filters_pulled=1 remaining_dependencies=0 visited=10 exhausted=false
2026-09-12T20:40:41.145467Z TRACE logical_optimizer: declined logical rule rule="PullDependentFilter" reason="right_input_shape"
2026-09-12T20:40:41.145585Z TRACE logical_optimizer: applied logical rule rule="PullDependentFilterOverJoin"
2026-09-12T20:40:41.145676Z TRACE logical_optimizer: applied logical rule rule="MergeSelectInnerJoin"
2026-09-12T20:40:41.145768Z DEBUG logical_optimizer: applied=2 dependent_filters_pulled=1 remaining_dependencies=0 visited=10 exhausted=false
2026-09-12T20:40:41.146919Z TRACE logical_optimizer: applied logical rule rule="PullDependentFilter"
2026-09-12T20:40:41.147030Z DEBUG logical_optimizer: applied=1 dependent_filters_pulled=1 remaining_dependencies=0 visited=5 exhausted=false
2026-09-12T20:40:41.147644Z TRACE logical_optimizer: applied logical rule rule="PullDependentFilter"
2026-09-12T20:40:41.147761Z DEBUG logical_optimizer: applied=1 dependent_filters_pulled=1 remaining_dependencies=0 visited=5 exhausted=false
2026-09-12T20:40:41.148502Z TRACE logical_optimizer: applied logical rule rule="PullDependentFilter"
2026-09-12T20:40:41.148584Z DEBUG logical_optimizer: applied=1 dependent_filters_pulled=1 remaining_dependencies=0 visited=5 exhausted=false
2026-09-12T20:40:41.149215Z TRACE logical_optimizer: applied logical rule rule="PullDependentFilter"
2026-09-12T20:40:41.149314Z DEBUG logical_optimizer: applied=1 dependent_filters_pulled=1 remaining_dependencies=0 visited=5 exhausted=false
2026-09-12T20:40:41.150768Z DEBUG logical_optimizer: logical binding uses a legacy path reason="value-producing subquery lowering"
2026-09-12T20:40:41.151451Z DEBUG logical_optimizer: logical binding uses a legacy path reason="value-producing subquery lowering"
2026-09-12T20:40:41.152055Z DEBUG logical_optimizer: logical binding uses a legacy path reason="value-producing subquery lowering"
2026-09-12T20:40:41.152833Z DEBUG logical_optimizer: logical binding uses a legacy path reason="value-producing subquery lowering"
2026-09-12T20:40:41.153667Z DEBUG logical_optimizer: logical binding uses a legacy path reason="value-producing subquery lowering"
2026-09-12T20:40:41.154103Z DEBUG logical_optimizer: logical binding uses a legacy path reason="value-producing subquery lowering"
2026-09-12T20:40:41.154915Z DEBUG logical_optimizer: logical binding uses a legacy path reason="value-producing subquery lowering"
2026-09-12T20:40:41.155065Z DEBUG logical_optimizer: logical binding uses a legacy path reason="aggregate lowering"
2026-09-12T20:40:41.155209Z DEBUG logical_optimizer: logical binding uses a legacy path reason="aggregate lowering"
2026-09-12T20:40:41.155387Z DEBUG logical_optimizer: logical binding uses a legacy path reason="aggregate lowering"
2026-09-12T20:40:41.156559Z DEBUG logical_optimizer: logical binding uses a legacy path reason="value-producing subquery lowering"
2026-09-12T20:40:41.156713Z DEBUG logical_optimizer: logical binding uses a legacy path reason="aggregate lowering"
2026-09-12T20:40:41.156864Z DEBUG logical_optimizer: logical binding uses a legacy path reason="aggregate lowering"
2026-09-12T20:40:41.157031Z DEBUG logical_optimizer: logical binding uses a legacy path reason="aggregate lowering"
2026-09-12T20:40:41.158651Z DEBUG logical_optimizer: logical binding uses a legacy path reason="aggregate lowering"
2026-09-12T20:40:41.159237Z DEBUG logical_optimizer: logical binding uses a legacy path reason="aggregate lowering"
2026-09-12T20:40:41.159918Z DEBUG logical_optimizer: logical binding uses a legacy path reason="value-producing subquery lowering"
2026-09-12T20:40:41.160363Z DEBUG logical_optimizer: logical binding uses a legacy path reason="value-producing subquery lowering"
2026-09-12T20:40:41.160858Z TRACE logical_optimizer: declined logical rule rule="PullDependentFilter" reason="right_input_shape"
2026-09-12T20:40:41.160985Z TRACE logical_optimizer: applied logical rule rule="PullDependentFilterOverJoin"
2026-09-12T20:40:41.161071Z TRACE logical_optimizer: applied logical rule rule="MergeSelectInnerJoin"
2026-09-12T20:40:41.161187Z DEBUG logical_optimizer: applied=2 dependent_filters_pulled=1 remaining_dependencies=0 visited=10 exhausted=false
2026-09-12T20:40:41.161982Z TRACE logical_optimizer: declined logical rule rule="PullDependentFilter" reason="right_input_shape"
2026-09-12T20:40:41.162100Z TRACE logical_optimizer: applied logical rule rule="PullDependentFilterOverJoin"
2026-09-12T20:40:41.162197Z TRACE logical_optimizer: applied logical rule rule="MergeSelectInnerJoin"
2026-09-12T20:40:41.162301Z DEBUG logical_optimizer: applied=2 dependent_filters_pulled=1 remaining_dependencies=0 visited=10 exhausted=false
2026-09-12T20:40:41.162992Z TRACE logical_optimizer: declined logical rule rule="PullDependentFilter" reason="right_input_shape"
2026-09-12T20:40:41.163185Z TRACE logical_optimizer: applied logical rule rule="PullDependentFilterOverJoin"
2026-09-12T20:40:41.163289Z TRACE logical_optimizer: applied logical rule rule="MergeSelectInnerJoin"
2026-09-12T20:40:41.163397Z DEBUG logical_optimizer: applied=2 dependent_filters_pulled=1 remaining_dependencies=0 visited=10 exhausted=false
2026-09-12T20:40:41.164346Z TRACE logical_optimizer: declined logical rule rule="PullDependentFilter" reason="right_input_shape"
2026-09-12T20:40:41.164464Z TRACE logical_optimizer: applied logical rule rule="PullDependentFilterOverJoin"
2026-09-12T20:40:41.164557Z TRACE logical_optimizer: applied logical rule rule="MergeSelectInnerJoin"
2026-09-12T20:40:41.164672Z DEBUG logical_optimizer: applied=2 dependent_filters_pulled=1 remaining_dependencies=0 visited=10 exhausted=false
2026-09-12T20:40:41.166350Z TRACE logical_optimizer: applied logical rule rule="PullDependentFilter"
2026-09-12T20:40:41.166460Z DEBUG logical_optimizer: applied=1 dependent_filters_pulled=1 remaining_dependencies=0 visited=4 exhausted=false
2026-09-12T20:40:41.167105Z TRACE logical_optimizer: applied logical rule rule="PullDependentFilter"
2026-09-12T20:40:41.167210Z DEBUG logical_optimizer: applied=1 dependent_filters_pulled=1 remaining_dependencies=0 visited=4 exhausted=false
2026-09-12T20:40:41.171167Z DEBUG logical_optimizer: logical binding uses a legacy path reason="DISTINCT output mapping"
2026-09-12T20:40:41.171985Z DEBUG logical_optimizer: logical binding uses a legacy path reason="DISTINCT output mapping"
2026-09-12T20:40:41.172552Z DEBUG logical_optimizer: logical binding uses a legacy path reason="value-producing subquery lowering"
2026-09-12T20:40:41.172698Z DEBUG logical_optimizer: logical binding uses a legacy path reason="value-producing subquery lowering"
2026-09-12T20:40:41.173522Z DEBUG logical_optimizer: logical binding uses a legacy path reason="value-producing subquery lowering"
2026-09-12T20:40:41.173653Z DEBUG logical_optimizer: logical binding uses a legacy path reason="value-producing subquery lowering"
2026-09-12T20:40:41.174875Z DEBUG logical_optimizer: logical binding uses a legacy path reason="value-producing subquery lowering"
2026-09-12T20:40:41.175012Z DEBUG logical_optimizer: logical binding uses a legacy path reason="value-producing subquery lowering"
2026-09-12T20:40:41.176053Z DEBUG logical_optimizer: logical binding uses a legacy path reason="value-producing subquery lowering"
2026-09-12T20:40:41.176221Z DEBUG logical_optimizer: logical binding uses a legacy path reason="value-producing subquery lowering"
2026-09-12T20:40:41.177861Z DEBUG logical_optimizer: logical binding uses a legacy path reason="value-producing subquery lowering"
2026-09-12T20:40:41.178532Z DEBUG logical_optimizer: logical binding uses a legacy path reason="value-producing subquery lowering"
2026-09-12T20:40:41.179925Z DEBUG logical_optimizer: logical binding uses a legacy path reason="DISTINCT output mapping"
2026-09-12T20:40:41.180114Z DEBUG logical_optimizer: logical binding uses a legacy path reason="value-producing subquery lowering"
2026-09-12T20:40:41.180368Z TRACE logical_optimizer: applied logical rule rule="PullDependentFilter"
2026-09-12T20:40:41.180480Z DEBUG logical_optimizer: applied=1 dependent_filters_pulled=1 remaining_dependencies=0 visited=5 exhausted=false
2026-09-12T20:40:41.180802Z DEBUG logical_optimizer: logical binding uses a legacy path reason="value-producing subquery lowering"
2026-09-12T20:40:41.180971Z TRACE logical_optimizer: applied logical rule rule="PullDependentFilter"
2026-09-12T20:40:41.181073Z DEBUG logical_optimizer: applied=1 dependent_filters_pulled=1 remaining_dependencies=0 visited=5 exhausted=false
2026-09-12T20:40:41.181447Z DEBUG logical_optimizer: logical binding uses a legacy path reason="value-producing subquery lowering"
2026-09-12T20:40:41.181596Z DEBUG logical_optimizer: logical binding uses a legacy path reason="value-producing subquery lowering"
2026-09-12T20:40:41.184577Z DEBUG logical_optimizer: logical binding uses a legacy path reason="DISTINCT output mapping"
2026-09-12T20:40:41.184923Z DEBUG logical_optimizer: logical binding uses a legacy path reason="value-producing subquery lowering"
2026-09-12T20:40:41.185122Z TRACE logical_optimizer: applied logical rule rule="PullDependentFilter"
2026-09-12T20:40:41.185240Z DEBUG logical_optimizer: applied=1 dependent_filters_pulled=1 remaining_dependencies=0 visited=5 exhausted=false
2026-09-12T20:40:41.185616Z DEBUG logical_optimizer: logical binding uses a legacy path reason="value-producing subquery lowering"
2026-09-12T20:40:41.185777Z TRACE logical_optimizer: applied logical rule rule="PullDependentFilter"
2026-09-12T20:40:41.185884Z DEBUG logical_optimizer: applied=1 dependent_filters_pulled=1 remaining_dependencies=0 visited=5 exhausted=false
2026-09-12T20:40:41.186281Z DEBUG logical_optimizer: logical binding uses a legacy path reason="value-producing subquery lowering"
2026-09-12T20:40:41.186407Z DEBUG logical_optimizer: logical binding uses a legacy path reason="value-producing subquery lowering"
2026-09-12T20:40:41.195318Z DEBUG logical_optimizer: logical binding uses a legacy path reason="aggregate lowering"
2026-09-12T20:40:41.195515Z DEBUG logical_optimizer: logical binding uses a legacy path reason="aggregate lowering"
2026-09-12T20:40:41.196261Z DEBUG logical_optimizer: logical binding uses a legacy path reason="aggregate lowering"
2026-09-12T20:40:41.196397Z DEBUG logical_optimizer: logical binding uses a legacy path reason="aggregate lowering"
2026-09-12T20:40:41.202410Z DEBUG logical_optimizer: logical binding uses a legacy path reason="value-producing subquery lowering"
2026-09-12T20:40:41.202569Z DEBUG logical_optimizer: logical binding uses a legacy path reason="value-producing subquery lowering"
2026-09-12T20:40:41.203292Z DEBUG logical_optimizer: logical binding uses a legacy path reason="value-producing subquery lowering"
2026-09-12T20:40:41.203425Z DEBUG logical_optimizer: logical binding uses a legacy path reason="value-producing subquery lowering"
2026-09-12T20:40:41.204248Z DEBUG logical_optimizer: logical binding uses a legacy path reason="value-producing subquery lowering"
2026-09-12T20:40:41.204730Z DEBUG logical_optimizer: logical binding uses a legacy path reason="value-producing subquery lowering"
2026-09-12T20:40:41.205083Z DEBUG logical_optimizer: logical binding uses a legacy path reason="value-producing subquery lowering"
2026-09-12T20:40:41.208990Z DEBUG logical_optimizer: logical binding uses a legacy path reason="value-producing subquery lowering"
2026-09-12T20:40:41.209267Z TRACE logical_optimizer: applied logical rule rule="PullDependentFilter"
2026-09-12T20:40:41.209393Z DEBUG logical_optimizer: applied=1 dependent_filters_pulled=1 remaining_dependencies=0 visited=6 exhausted=false
2026-09-12T20:40:41.210461Z DEBUG logical_optimizer: logical binding uses a legacy path reason="value-producing subquery lowering"
2026-09-12T20:40:41.210681Z TRACE logical_optimizer: applied logical rule rule="PullDependentFilter"
2026-09-12T20:40:41.210784Z DEBUG logical_optimizer: applied=1 dependent_filters_pulled=1 remaining_dependencies=0 visited=6 exhausted=false
2026-09-12T20:40:41.211569Z DEBUG logical_optimizer: logical binding uses a legacy path reason="value-producing subquery lowering"
2026-09-12T20:40:41.211797Z TRACE logical_optimizer: applied logical rule rule="PullDependentFilter"
2026-09-12T20:40:41.211902Z DEBUG logical_optimizer: applied=1 dependent_filters_pulled=1 remaining_dependencies=0 visited=6 exhausted=false
2026-09-12T20:40:41.213345Z DEBUG logical_optimizer: logical binding uses a legacy path reason="value-producing subquery lowering"
2026-09-12T20:40:41.213559Z TRACE logical_optimizer: applied logical rule rule="PullDependentFilter"
2026-09-12T20:40:41.213677Z DEBUG logical_optimizer: applied=1 dependent_filters_pulled=1 remaining_dependencies=0 visited=6 exhausted=false
2026-09-12T20:40:41.214733Z TRACE logical_optimizer: applied logical rule rule="PullDependentFilter"
2026-09-12T20:40:41.214851Z DEBUG logical_optimizer: applied=1 dependent_filters_pulled=1 remaining_dependencies=0 visited=5 exhausted=false
2026-09-12T20:40:41.215480Z TRACE logical_optimizer: applied logical rule rule="PullDependentFilter"
2026-09-12T20:40:41.215588Z DEBUG logical_optimizer: applied=1 dependent_filters_pulled=1 remaining_dependencies=0 visited=5 exhausted=false
2026-09-12T20:40:41.216013Z TRACE logical_optimizer: applied logical rule rule="PullDependentFilter"
2026-09-12T20:40:41.216118Z DEBUG logical_optimizer: applied=1 dependent_filters_pulled=1 remaining_dependencies=0 visited=5 exhausted=false
2026-09-12T20:40:41.216707Z TRACE logical_optimizer: applied logical rule rule="PullDependentFilter"
2026-09-12T20:40:41.216819Z DEBUG logical_optimizer: applied=1 dependent_filters_pulled=1 remaining_dependencies=0 visited=5 exhausted=false
2026-09-12T20:40:41.221173Z DEBUG logical_optimizer: logical binding uses a legacy path reason="value-producing subquery lowering"
2026-09-12T20:40:41.221339Z DEBUG logical_optimizer: logical binding uses a legacy path reason="value-producing subquery lowering"
2026-09-12T20:40:41.221500Z DEBUG logical_optimizer: logical binding uses a legacy path reason="aggregate lowering"
2026-09-12T20:40:41.222445Z DEBUG logical_optimizer: logical binding uses a legacy path reason="value-producing subquery lowering"
2026-09-12T20:40:41.222583Z DEBUG logical_optimizer: logical binding uses a legacy path reason="value-producing subquery lowering"
2026-09-12T20:40:41.222735Z DEBUG logical_optimizer: logical binding uses a legacy path reason="aggregate lowering"
2026-09-12T20:40:41.223802Z DEBUG logical_optimizer: logical binding uses a legacy path reason="DISTINCT output mapping"
2026-09-12T20:40:41.224538Z DEBUG logical_optimizer: logical binding uses a legacy path reason="DISTINCT output mapping"
2026-09-12T20:40:41.225418Z DEBUG logical_optimizer: logical binding uses a legacy path reason="DISTINCT output mapping"
2026-09-12T20:40:41.226263Z TRACE logical_optimizer: applied logical rule rule="PullDependentFilter"
2026-09-12T20:40:41.226371Z DEBUG logical_optimizer: applied=1 dependent_filters_pulled=1 remaining_dependencies=0 visited=5 exhausted=false
2026-09-12T20:40:41.226833Z TRACE logical_optimizer: applied logical rule rule="PullDependentFilter"
2026-09-12T20:40:41.226942Z DEBUG logical_optimizer: applied=1 dependent_filters_pulled=1 remaining_dependencies=0 visited=5 exhausted=false
2026-09-12T20:40:41.227440Z TRACE logical_optimizer: applied logical rule rule="PullDependentFilter"
2026-09-12T20:40:41.227555Z DEBUG logical_optimizer: applied=1 dependent_filters_pulled=1 remaining_dependencies=0 visited=5 exhausted=false
2026-09-12T20:40:41.228103Z TRACE logical_optimizer: applied logical rule rule="PullDependentFilter"
2026-09-12T20:40:41.228209Z DEBUG logical_optimizer: applied=1 dependent_filters_pulled=1 remaining_dependencies=0 visited=5 exhausted=false
2026-09-12T20:40:41.229286Z DEBUG logical_optimizer: logical binding uses a legacy path reason="aggregate lowering"
2026-09-12T20:40:41.229796Z DEBUG logical_optimizer: logical binding uses a legacy path reason="aggregate lowering"
2026-09-12T20:40:41.230211Z DEBUG logical_optimizer: logical binding uses a legacy path reason="aggregate lowering"
2026-09-12T20:40:41.230845Z DEBUG logical_optimizer: logical binding uses a legacy path reason="aggregate lowering"
2026-09-12T20:40:41.231442Z DEBUG logical_optimizer: logical binding uses a legacy path reason="DISTINCT output mapping"
2026-09-12T20:40:41.232130Z DEBUG logical_optimizer: logical binding uses a legacy path reason="DISTINCT output mapping"
2026-09-12T20:40:41.234253Z DEBUG logical_optimizer: logical binding uses a legacy path reason="value-producing subquery lowering"
2026-09-12T20:40:41.234383Z DEBUG logical_optimizer: logical binding uses a legacy path reason="value-producing subquery lowering"
2026-09-12T20:40:41.234954Z DEBUG logical_optimizer: logical binding uses a legacy path reason="value-producing subquery lowering"
2026-09-12T20:40:41.235084Z DEBUG logical_optimizer: logical binding uses a legacy path reason="value-producing subquery lowering"
2026-09-12T20:40:41.235576Z DEBUG logical_optimizer: logical binding uses a legacy path reason="value-producing subquery lowering"
2026-09-12T20:40:41.235700Z DEBUG logical_optimizer: logical binding uses a legacy path reason="value-producing subquery lowering"
2026-09-12T20:40:41.236799Z DEBUG logical_optimizer: logical binding uses a legacy path reason="value-producing subquery lowering"
2026-09-12T20:40:41.236919Z DEBUG logical_optimizer: logical binding uses a legacy path reason="aggregate lowering"
2026-09-12T20:40:41.237523Z DEBUG logical_optimizer: logical binding uses a legacy path reason="value-producing subquery lowering"
2026-09-12T20:40:41.237666Z DEBUG logical_optimizer: logical binding uses a legacy path reason="aggregate lowering"
2026-09-12T20:40:41.238265Z DEBUG logical_optimizer: logical binding uses a legacy path reason="value-producing subquery lowering"
2026-09-12T20:40:41.238404Z DEBUG logical_optimizer: logical binding uses a legacy path reason="aggregate lowering"
2026-09-12T20:40:41.239238Z TRACE logical_optimizer: applied logical rule rule="PullDependentFilter"
2026-09-12T20:40:41.239334Z DEBUG logical_optimizer: applied=1 dependent_filters_pulled=1 remaining_dependencies=0 visited=5 exhausted=false
2026-09-12T20:40:41.239812Z TRACE logical_optimizer: applied logical rule rule="PullDependentFilter"
2026-09-12T20:40:41.239924Z DEBUG logical_optimizer: applied=1 dependent_filters_pulled=1 remaining_dependencies=0 visited=5 exhausted=false
2026-09-12T20:40:41.240405Z TRACE logical_optimizer: applied logical rule rule="PullDependentFilter"
2026-09-12T20:40:41.240507Z DEBUG logical_optimizer: applied=1 dependent_filters_pulled=1 remaining_dependencies=0 visited=5 exhausted=false
2026-09-12T20:40:41.241152Z TRACE logical_optimizer: applied logical rule rule="PullDependentFilter"
2026-09-12T20:40:41.241268Z DEBUG logical_optimizer: applied=1 dependent_filters_pulled=1 remaining_dependencies=0 visited=5 exhausted=false
2026-09-12T20:40:41.242565Z TRACE logical_optimizer: declined logical rule rule="PullDependentFilter" reason="right_input_shape"
2026-09-12T20:40:41.242658Z TRACE logical_optimizer: applied logical rule rule="PullDependentFilter"
2026-09-12T20:40:41.242769Z DEBUG logical_optimizer: applied=1 dependent_filters_pulled=1 remaining_dependencies=1 visited=8 exhausted=false
2026-09-12T20:40:41.243092Z TRACE logical_optimizer: applied logical rule rule="PullDependentFilter"
2026-09-12T20:40:41.243219Z DEBUG logical_optimizer: applied=1 dependent_filters_pulled=1 remaining_dependencies=0 visited=6 exhausted=false
2026-09-12T20:40:41.243892Z TRACE logical_optimizer: declined logical rule rule="PullDependentFilter" reason="right_input_shape"
2026-09-12T20:40:41.243992Z TRACE logical_optimizer: applied logical rule rule="PullDependentFilter"
2026-09-12T20:40:41.244090Z DEBUG logical_optimizer: applied=1 dependent_filters_pulled=1 remaining_dependencies=1 visited=8 exhausted=false
2026-09-12T20:40:41.244260Z TRACE logical_optimizer: applied logical rule rule="PullDependentFilter"
2026-09-12T20:40:41.244372Z DEBUG logical_optimizer: applied=1 dependent_filters_pulled=1 remaining_dependencies=0 visited=6 exhausted=false
2026-09-12T20:40:41.244968Z TRACE logical_optimizer: declined logical rule rule="PullDependentFilter" reason="right_input_shape"
2026-09-12T20:40:41.245060Z TRACE logical_optimizer: applied logical rule rule="PullDependentFilter"
2026-09-12T20:40:41.245178Z DEBUG logical_optimizer: applied=1 dependent_filters_pulled=1 remaining_dependencies=1 visited=8 exhausted=false
2026-09-12T20:40:41.246132Z TRACE logical_optimizer: declined logical rule rule="PullDependentFilter" reason="right_input_shape"
2026-09-12T20:40:41.246231Z TRACE logical_optimizer: applied logical rule rule="PullDependentFilter"
2026-09-12T20:40:41.246332Z DEBUG logical_optimizer: applied=1 dependent_filters_pulled=1 remaining_dependencies=1 visited=8 exhausted=false
2026-09-12T20:40:41.250783Z TRACE logical_optimizer: applied logical rule rule="PullDependentFilter"
2026-09-12T20:40:41.250924Z DEBUG logical_optimizer: applied=1 dependent_filters_pulled=1 remaining_dependencies=0 visited=5 exhausted=false
2026-09-12T20:40:41.251265Z DEBUG logical_optimizer: logical binding uses a legacy path reason="scalar execution resource or subquery result"
2026-09-12T20:40:41.251879Z TRACE logical_optimizer: applied logical rule rule="PullDependentFilter"
2026-09-12T20:40:41.251985Z DEBUG logical_optimizer: applied=1 dependent_filters_pulled=1 remaining_dependencies=0 visited=5 exhausted=false
2026-09-12T20:40:41.252268Z DEBUG logical_optimizer: logical binding uses a legacy path reason="scalar execution resource or subquery result"
2026-09-12T20:40:41.255868Z DEBUG logical_optimizer: logical binding uses a legacy path reason="value-producing subquery lowering"
2026-09-12T20:40:41.256540Z DEBUG logical_optimizer: logical binding uses a legacy path reason="value-producing subquery lowering"
2026-09-12T20:40:41.257241Z DEBUG logical_optimizer: logical binding uses a legacy path reason="value-producing subquery lowering"
2026-09-12T20:40:41.257976Z DEBUG logical_optimizer: logical binding uses a legacy path reason="value-producing subquery lowering"
2026-09-12T20:40:41.258935Z DEBUG logical_optimizer: logical binding uses a legacy path reason="aggregate lowering"
2026-09-12T20:40:41.259532Z DEBUG logical_optimizer: logical binding uses a legacy path reason="aggregate lowering"
2026-09-12T20:40:41.260196Z DEBUG logical_optimizer: logical binding uses a legacy path reason="aggregate lowering"
2026-09-12T20:40:41.260981Z DEBUG logical_optimizer: logical binding uses a legacy path reason="DISTINCT output mapping"
2026-09-12T20:40:41.261367Z DEBUG logical_optimizer: logical binding uses a legacy path reason="DISTINCT output mapping"
2026-09-12T20:40:41.261996Z DEBUG logical_optimizer: logical binding uses a legacy path reason="DISTINCT output mapping"
2026-09-12T20:40:41.262861Z DEBUG logical_optimizer: logical binding uses a legacy path reason="DISTINCT output mapping"
2026-09-12T20:40:41.263005Z DEBUG logical_optimizer: logical binding uses a legacy path reason="value-producing subquery lowering"
2026-09-12T20:40:41.263328Z DEBUG logical_optimizer: logical binding uses a legacy path reason="aggregate lowering"
2026-09-12T20:40:41.264454Z DEBUG logical_optimizer: logical binding uses a legacy path reason="DISTINCT output mapping"
2026-09-12T20:40:41.264592Z DEBUG logical_optimizer: logical binding uses a legacy path reason="value-producing subquery lowering"
2026-09-12T20:40:41.264852Z DEBUG logical_optimizer: logical binding uses a legacy path reason="aggregate lowering"
2026-09-12T20:40:41.265808Z DEBUG logical_optimizer: logical binding uses a legacy path reason="DISTINCT output mapping"
2026-09-12T20:40:41.265952Z DEBUG logical_optimizer: logical binding uses a legacy path reason="value-producing subquery lowering"
2026-09-12T20:40:41.266263Z DEBUG logical_optimizer: logical binding uses a legacy path reason="aggregate lowering"
2026-09-12T20:40:41.268439Z TRACE logical_optimizer: declined logical rule rule="PullDependentFilter" reason="right_input_shape"
2026-09-12T20:40:41.268601Z TRACE logical_optimizer: applied logical rule rule="PullDependentFilterOverJoin"
2026-09-12T20:40:41.268698Z TRACE logical_optimizer: applied logical rule rule="MergeSelectInnerJoin"
2026-09-12T20:40:41.268801Z DEBUG logical_optimizer: applied=2 dependent_filters_pulled=1 remaining_dependencies=0 visited=10 exhausted=false
2026-09-12T20:40:41.269460Z TRACE logical_optimizer: declined logical rule rule="PullDependentFilter" reason="right_input_shape"
2026-09-12T20:40:41.269584Z TRACE logical_optimizer: applied logical rule rule="PullDependentFilterOverJoin"
2026-09-12T20:40:41.269681Z TRACE logical_optimizer: applied logical rule rule="MergeSelectInnerJoin"
2026-09-12T20:40:41.269791Z DEBUG logical_optimizer: applied=2 dependent_filters_pulled=1 remaining_dependencies=0 visited=10 exhausted=false
2026-09-12T20:40:41.270357Z TRACE logical_optimizer: declined logical rule rule="PullDependentFilter" reason="right_input_shape"
2026-09-12T20:40:41.270476Z TRACE logical_optimizer: applied logical rule rule="PullDependentFilterOverJoin"
2026-09-12T20:40:41.270642Z TRACE logical_optimizer: applied logical rule rule="MergeSelectInnerJoin"
2026-09-12T20:40:41.270775Z DEBUG logical_optimizer: applied=2 dependent_filters_pulled=1 remaining_dependencies=0 visited=10 exhausted=false
2026-09-12T20:40:41.271647Z TRACE logical_optimizer: declined logical rule rule="PullDependentFilter" reason="right_input_shape"
2026-09-12T20:40:41.271766Z TRACE logical_optimizer: applied logical rule rule="PullDependentFilterOverJoin"
2026-09-12T20:40:41.271855Z TRACE logical_optimizer: applied logical rule rule="MergeSelectInnerJoin"
2026-09-12T20:40:41.271974Z DEBUG logical_optimizer: applied=2 dependent_filters_pulled=1 remaining_dependencies=0 visited=10 exhausted=false
2026-09-12T20:40:41.273227Z DEBUG logical_optimizer: logical binding uses a legacy path reason="DISTINCT output mapping"
2026-09-12T20:40:41.273688Z DEBUG logical_optimizer: logical binding uses a legacy path reason="DISTINCT output mapping"
2026-09-12T20:40:41.274370Z DEBUG logical_optimizer: logical binding uses a legacy path reason="value-producing subquery lowering"
2026-09-12T20:40:41.274975Z DEBUG logical_optimizer: logical binding uses a legacy path reason="value-producing subquery lowering"
2026-09-12T20:40:41.279616Z TRACE logical_optimizer: declined logical rule rule="PullDependentFilter" reason="right_input_shape"
2026-09-12T20:40:41.279817Z TRACE logical_optimizer: applied logical rule rule="PullDependentFilterOverJoin"
2026-09-12T20:40:41.279916Z TRACE logical_optimizer: applied logical rule rule="MergeSelectInnerJoin"
2026-09-12T20:40:41.280033Z DEBUG logical_optimizer: applied=2 dependent_filters_pulled=1 remaining_dependencies=0 visited=10 exhausted=false
2026-09-12T20:40:41.280815Z TRACE logical_optimizer: declined logical rule rule="PullDependentFilter" reason="right_input_shape"
2026-09-12T20:40:41.280941Z TRACE logical_optimizer: applied logical rule rule="PullDependentFilterOverJoin"
2026-09-12T20:40:41.281042Z TRACE logical_optimizer: applied logical rule rule="MergeSelectInnerJoin"
2026-09-12T20:40:41.281172Z DEBUG logical_optimizer: applied=2 dependent_filters_pulled=1 remaining_dependencies=0 visited=10 exhausted=false
2026-09-12T20:40:41.281776Z TRACE logical_optimizer: declined logical rule rule="PullDependentFilter" reason="right_input_shape"
2026-09-12T20:40:41.281912Z TRACE logical_optimizer: applied logical rule rule="PullDependentFilterOverJoin"
2026-09-12T20:40:41.282022Z TRACE logical_optimizer: applied logical rule rule="MergeSelectInnerJoin"
2026-09-12T20:40:41.282136Z DEBUG logical_optimizer: applied=2 dependent_filters_pulled=1 remaining_dependencies=0 visited=10 exhausted=false
2026-09-12T20:40:41.282959Z TRACE logical_optimizer: declined logical rule rule="PullDependentFilter" reason="right_input_shape"
2026-09-12T20:40:41.283084Z TRACE logical_optimizer: applied logical rule rule="PullDependentFilterOverJoin"
2026-09-12T20:40:41.283182Z TRACE logical_optimizer: applied logical rule rule="MergeSelectInnerJoin"
2026-09-12T20:40:41.283294Z DEBUG logical_optimizer: applied=2 dependent_filters_pulled=1 remaining_dependencies=0 visited=10 exhausted=false
2026-09-12T20:40:41.284399Z DEBUG logical_optimizer: logical binding uses a legacy path reason="value-producing subquery lowering"
2026-09-12T20:40:41.284571Z DEBUG logical_optimizer: logical binding uses a legacy path reason="aggregate lowering"
2026-09-12T20:40:41.285243Z DEBUG logical_optimizer: logical binding uses a legacy path reason="value-producing subquery lowering"
2026-09-12T20:40:41.285386Z DEBUG logical_optimizer: logical binding uses a legacy path reason="aggregate lowering"
2026-09-12T20:40:41.286068Z DEBUG logical_optimizer: logical binding uses a legacy path reason="value-producing subquery lowering"
2026-09-12T20:40:41.286207Z DEBUG logical_optimizer: logical binding uses a legacy path reason="aggregate lowering"
2026-09-12T20:40:41.286971Z TRACE logical_optimizer: applied logical rule rule="PullDependentFilter"
2026-09-12T20:40:41.287075Z DEBUG logical_optimizer: applied=1 dependent_filters_pulled=1 remaining_dependencies=0 visited=4 exhausted=false
2026-09-12T20:40:41.287708Z TRACE logical_optimizer: applied logical rule rule="PullDependentFilter"
2026-09-12T20:40:41.287820Z DEBUG logical_optimizer: applied=1 dependent_filters_pulled=1 remaining_dependencies=0 visited=4 exhausted=false
2026-09-12T20:40:41.288278Z TRACE logical_optimizer: applied logical rule rule="PullDependentFilter"
2026-09-12T20:40:41.288400Z DEBUG logical_optimizer: applied=1 dependent_filters_pulled=1 remaining_dependencies=0 visited=4 exhausted=false
2026-09-12T20:40:41.289076Z TRACE logical_optimizer: applied logical rule rule="PullDependentFilter"
2026-09-12T20:40:41.289192Z DEBUG logical_optimizer: applied=1 dependent_filters_pulled=1 remaining_dependencies=0 visited=4 exhausted=false
2026-09-12T20:40:41.289739Z TRACE logical_optimizer: declined logical rule rule="PullDependentFilter" reason="right_input_shape"
2026-09-12T20:40:41.289860Z TRACE logical_optimizer: applied logical rule rule="PullDependentFilterOverJoin"
2026-09-12T20:40:41.289951Z TRACE logical_optimizer: applied logical rule rule="MergeSelectInnerJoin"
2026-09-12T20:40:41.290047Z DEBUG logical_optimizer: applied=2 dependent_filters_pulled=1 remaining_dependencies=0 visited=10 exhausted=false
2026-09-12T20:40:41.290636Z TRACE logical_optimizer: declined logical rule rule="PullDependentFilter" reason="right_input_shape"
2026-09-12T20:40:41.290758Z TRACE logical_optimizer: applied logical rule rule="PullDependentFilterOverJoin"
2026-09-12T20:40:41.290854Z TRACE logical_optimizer: applied logical rule rule="MergeSelectInnerJoin"
2026-09-12T20:40:41.290958Z DEBUG logical_optimizer: applied=2 dependent_filters_pulled=1 remaining_dependencies=0 visited=10 exhausted=false
2026-09-12T20:40:41.291505Z TRACE logical_optimizer: declined logical rule rule="PullDependentFilter" reason="right_input_shape"
2026-09-12T20:40:41.291629Z TRACE logical_optimizer: applied logical rule rule="PullDependentFilterOverJoin"
2026-09-12T20:40:41.291721Z TRACE logical_optimizer: applied logical rule rule="MergeSelectInnerJoin"
2026-09-12T20:40:41.291814Z DEBUG logical_optimizer: applied=2 dependent_filters_pulled=1 remaining_dependencies=0 visited=10 exhausted=false
2026-09-12T20:40:41.292552Z TRACE logical_optimizer: declined logical rule rule="PullDependentFilter" reason="right_input_shape"
2026-09-12T20:40:41.292668Z TRACE logical_optimizer: applied logical rule rule="PullDependentFilterOverJoin"
2026-09-12T20:40:41.292770Z TRACE logical_optimizer: applied logical rule rule="MergeSelectInnerJoin"
2026-09-12T20:40:41.292879Z DEBUG logical_optimizer: applied=2 dependent_filters_pulled=1 remaining_dependencies=0 visited=10 exhausted=false
2026-09-12T20:40:41.294341Z TRACE logical_optimizer: applied logical rule rule="PullDependentFilter"
2026-09-12T20:40:41.294452Z DEBUG logical_optimizer: applied=1 dependent_filters_pulled=1 remaining_dependencies=0 visited=5 exhausted=false
2026-09-12T20:40:41.294868Z TRACE logical_optimizer: applied logical rule rule="PullDependentFilter"
2026-09-12T20:40:41.294972Z DEBUG logical_optimizer: applied=1 dependent_filters_pulled=1 remaining_dependencies=0 visited=5 exhausted=false
2026-09-12T20:40:41.295526Z TRACE logical_optimizer: applied logical rule rule="PullDependentFilter"
2026-09-12T20:40:41.295638Z DEBUG logical_optimizer: applied=1 dependent_filters_pulled=1 remaining_dependencies=0 visited=5 exhausted=false
2026-09-12T20:40:41.296201Z TRACE logical_optimizer: applied logical rule rule="PullDependentFilter"
2026-09-12T20:40:41.296308Z DEBUG logical_optimizer: applied=1 dependent_filters_pulled=1 remaining_dependencies=0 visited=5 exhausted=false
2026-09-12T20:40:41.301090Z DEBUG logical_optimizer: logical binding uses a legacy path reason="DISTINCT output mapping"
2026-09-12T20:40:41.301270Z DEBUG logical_optimizer: logical binding uses a legacy path reason="aggregate lowering"
2026-09-12T20:40:41.301803Z DEBUG logical_optimizer: logical binding uses a legacy path reason="DISTINCT output mapping"
2026-09-12T20:40:41.301971Z DEBUG logical_optimizer: logical binding uses a legacy path reason="aggregate lowering"
2026-09-12T20:40:41.302462Z DEBUG logical_optimizer: logical binding uses a legacy path reason="DISTINCT output mapping"
2026-09-12T20:40:41.302580Z DEBUG logical_optimizer: logical binding uses a legacy path reason="aggregate lowering"
2026-09-12T20:40:41.303902Z DEBUG logical_optimizer: logical binding uses a legacy path reason="value-producing subquery lowering"
2026-09-12T20:40:41.304053Z DEBUG logical_optimizer: logical binding uses a legacy path reason="value-producing subquery lowering"
2026-09-12T20:40:41.304209Z DEBUG logical_optimizer: logical binding uses a legacy path reason="value-producing subquery lowering"
2026-09-12T20:40:41.304376Z DEBUG logical_optimizer: logical binding uses a legacy path reason="value-producing subquery lowering"
2026-09-12T20:40:41.305248Z DEBUG logical_optimizer: logical binding uses a legacy path reason="value-producing subquery lowering"
2026-09-12T20:40:41.305406Z DEBUG logical_optimizer: logical binding uses a legacy path reason="value-producing subquery lowering"
2026-09-12T20:40:41.305541Z DEBUG logical_optimizer: logical binding uses a legacy path reason="value-producing subquery lowering"
2026-09-12T20:40:41.305672Z DEBUG logical_optimizer: logical binding uses a legacy path reason="value-producing subquery lowering"
2026-09-12T20:40:41.306310Z TRACE logical_optimizer: declined logical rule rule="PullDependentFilter" reason="right_input_shape"
2026-09-12T20:40:41.306434Z TRACE logical_optimizer: applied logical rule rule="PullDependentFilterOverJoin"
2026-09-12T20:40:41.306526Z TRACE logical_optimizer: applied logical rule rule="MergeSelectInnerJoin"
2026-09-12T20:40:41.306651Z DEBUG logical_optimizer: applied=2 dependent_filters_pulled=1 remaining_dependencies=0 visited=10 exhausted=false
2026-09-12T20:40:41.307391Z TRACE logical_optimizer: declined logical rule rule="PullDependentFilter" reason="right_input_shape"
2026-09-12T20:40:41.307530Z TRACE logical_optimizer: applied logical rule rule="PullDependentFilterOverJoin"
2026-09-12T20:40:41.307616Z TRACE logical_optimizer: applied logical rule rule="MergeSelectInnerJoin"
2026-09-12T20:40:41.307729Z DEBUG logical_optimizer: applied=2 dependent_filters_pulled=1 remaining_dependencies=0 visited=10 exhausted=false
2026-09-12T20:40:41.308479Z TRACE logical_optimizer: declined logical rule rule="PullDependentFilter" reason="right_input_shape"
2026-09-12T20:40:41.308604Z TRACE logical_optimizer: applied logical rule rule="PullDependentFilterOverJoin"
2026-09-12T20:40:41.308681Z TRACE logical_optimizer: applied logical rule rule="MergeSelectInnerJoin"
2026-09-12T20:40:41.308800Z DEBUG logical_optimizer: applied=2 dependent_filters_pulled=1 remaining_dependencies=0 visited=10 exhausted=false
2026-09-12T20:40:41.309614Z TRACE logical_optimizer: declined logical rule rule="PullDependentFilter" reason="right_input_shape"
2026-09-12T20:40:41.309730Z TRACE logical_optimizer: applied logical rule rule="PullDependentFilterOverJoin"
2026-09-12T20:40:41.309819Z TRACE logical_optimizer: applied logical rule rule="MergeSelectInnerJoin"
2026-09-12T20:40:41.309912Z DEBUG logical_optimizer: applied=2 dependent_filters_pulled=1 remaining_dependencies=0 visited=10 exhausted=false
2026-09-12T20:40:41.311121Z DEBUG logical_optimizer: logical binding uses a legacy path reason="subquery outside a direct EXISTS filter"
2026-09-12T20:40:41.311474Z DEBUG logical_optimizer: logical binding uses a legacy path reason="subquery outside a direct EXISTS filter"
2026-09-12T20:40:41.311811Z DEBUG logical_optimizer: logical binding uses a legacy path reason="subquery outside a direct EXISTS filter"
2026-09-12T20:40:41.312432Z TRACE logical_optimizer: applied logical rule rule="PullDependentFilter"
2026-09-12T20:40:41.312535Z DEBUG logical_optimizer: applied=1 dependent_filters_pulled=1 remaining_dependencies=0 visited=5 exhausted=false
2026-09-12T20:40:41.312920Z TRACE logical_optimizer: applied logical rule rule="PullDependentFilter"
2026-09-12T20:40:41.313022Z DEBUG logical_optimizer: applied=1 dependent_filters_pulled=1 remaining_dependencies=0 visited=5 exhausted=false
2026-09-12T20:40:41.313689Z TRACE logical_optimizer: applied logical rule rule="PullDependentFilter"
2026-09-12T20:40:41.313795Z DEBUG logical_optimizer: applied=1 dependent_filters_pulled=1 remaining_dependencies=0 visited=5 exhausted=false
2026-09-12T20:40:41.314330Z TRACE logical_optimizer: applied logical rule rule="PullDependentFilter"
2026-09-12T20:40:41.314421Z DEBUG logical_optimizer: applied=1 dependent_filters_pulled=1 remaining_dependencies=0 visited=5 exhausted=false
2026-09-12T20:40:41.315510Z DEBUG logical_optimizer: logical binding uses a legacy path reason="aggregate lowering"
2026-09-12T20:40:41.316030Z DEBUG logical_optimizer: logical binding uses a legacy path reason="aggregate lowering"
2026-09-12T20:40:41.316533Z DEBUG logical_optimizer: logical binding uses a legacy path reason="aggregate lowering"
2026-09-12T20:40:41.317842Z TRACE logical_optimizer: applied logical rule rule="PullDependentFilter"
2026-09-12T20:40:41.317958Z DEBUG logical_optimizer: applied=1 dependent_filters_pulled=1 remaining_dependencies=0 visited=5 exhausted=false
2026-09-12T20:40:41.318495Z TRACE logical_optimizer: applied logical rule rule="PullDependentFilter"
2026-09-12T20:40:41.318608Z DEBUG logical_optimizer: applied=1 dependent_filters_pulled=1 remaining_dependencies=0 visited=5 exhausted=false
2026-09-12T20:40:41.319180Z TRACE logical_optimizer: applied logical rule rule="PullDependentFilter"
2026-09-12T20:40:41.319281Z DEBUG logical_optimizer: applied=1 dependent_filters_pulled=1 remaining_dependencies=0 visited=5 exhausted=false
2026-09-12T20:40:41.319978Z TRACE logical_optimizer: applied logical rule rule="PullDependentFilter"
2026-09-12T20:40:41.320097Z DEBUG logical_optimizer: applied=1 dependent_filters_pulled=1 remaining_dependencies=0 visited=5 exhausted=false
2026-09-12T20:40:41.321125Z DEBUG logical_optimizer: logical binding uses a legacy path reason="DISTINCT output mapping"
2026-09-12T20:40:41.321561Z DEBUG logical_optimizer: logical binding uses a legacy path reason="DISTINCT output mapping"
2026-09-12T20:40:41.321869Z DEBUG logical_optimizer: logical binding uses a legacy path reason="DISTINCT output mapping"
2026-09-12T20:40:41.322534Z DEBUG logical_optimizer: logical binding uses a legacy path reason="aggregate lowering"
2026-09-12T20:40:41.323066Z DEBUG logical_optimizer: logical binding uses a legacy path reason="aggregate lowering"
2026-09-12T20:40:41.324261Z TRACE logical_optimizer: declined logical rule rule="PullDependentFilter" reason="anti_predicate_placement"
2026-09-12T20:40:41.324370Z TRACE logical_optimizer: declined logical rule rule="PullDependentFilterOverJoin" reason="right_input_shape"
2026-09-12T20:40:41.324473Z DEBUG logical_optimizer: applied=0 dependent_filters_pulled=0 remaining_dependencies=1 visited=7 exhausted=false
2026-09-12T20:40:41.324844Z TRACE logical_optimizer: declined logical rule rule="PullDependentFilter" reason="anti_predicate_placement"
2026-09-12T20:40:41.324944Z TRACE logical_optimizer: declined logical rule rule="PullDependentFilterOverJoin" reason="right_input_shape"
2026-09-12T20:40:41.325024Z DEBUG logical_optimizer: applied=0 dependent_filters_pulled=0 remaining_dependencies=1 visited=7 exhausted=false
2026-09-12T20:40:41.325554Z TRACE logical_optimizer: declined logical rule rule="PullDependentFilter" reason="anti_predicate_placement"
2026-09-12T20:40:41.325648Z TRACE logical_optimizer: declined logical rule rule="PullDependentFilterOverJoin" reason="right_input_shape"
2026-09-12T20:40:41.325740Z DEBUG logical_optimizer: applied=0 dependent_filters_pulled=0 remaining_dependencies=1 visited=7 exhausted=false
2026-09-12T20:40:41.333074Z TRACE logical_optimizer: applied logical rule rule="PullDependentFilter"
2026-09-12T20:40:41.333208Z DEBUG logical_optimizer: applied=1 dependent_filters_pulled=1 remaining_dependencies=0 visited=5 exhausted=false
2026-09-12T20:40:41.333715Z TRACE logical_optimizer: applied logical rule rule="PullDependentFilter"
2026-09-12T20:40:41.333823Z DEBUG logical_optimizer: applied=1 dependent_filters_pulled=1 remaining_dependencies=0 visited=5 exhausted=false
2026-09-12T20:40:41.334225Z TRACE logical_optimizer: applied logical rule rule="PullDependentFilter"
2026-09-12T20:40:41.334301Z DEBUG logical_optimizer: applied=1 dependent_filters_pulled=1 remaining_dependencies=0 visited=5 exhausted=false
2026-09-12T20:40:41.334848Z TRACE logical_optimizer: applied logical rule rule="PullDependentFilter"
2026-09-12T20:40:41.334928Z DEBUG logical_optimizer: applied=1 dependent_filters_pulled=1 remaining_dependencies=0 visited=5 exhausted=false
2026-09-12T20:40:41.335851Z DEBUG logical_optimizer: logical binding uses a legacy path reason="aggregate lowering"
2026-09-12T20:40:41.336436Z DEBUG logical_optimizer: logical binding uses a legacy path reason="aggregate lowering"
2026-09-12T20:40:41.336985Z DEBUG logical_optimizer: logical binding uses a legacy path reason="aggregate lowering"
2026-09-12T20:40:41.337773Z DEBUG logical_optimizer: logical binding uses a legacy path reason="value-producing subquery lowering"
2026-09-12T20:40:41.338493Z DEBUG logical_optimizer: logical binding uses a legacy path reason="value-producing subquery lowering"
2026-09-12T20:40:41.339388Z DEBUG logical_optimizer: logical binding uses a legacy path reason="value-producing subquery lowering"
2026-09-12T20:40:41.340202Z DEBUG logical_optimizer: logical binding uses a legacy path reason="value-producing subquery lowering"
2026-09-12T20:40:41.341197Z TRACE logical_optimizer: declined logical rule rule="PullDependentFilter" reason="right_input_shape"
2026-09-12T20:40:41.341288Z TRACE logical_optimizer: applied logical rule rule="PullDependentFilterOverJoin"
2026-09-12T20:40:41.341346Z TRACE logical_optimizer: applied logical rule rule="MergeSelectInnerJoin"
2026-09-12T20:40:41.341414Z DEBUG logical_optimizer: applied=2 dependent_filters_pulled=1 remaining_dependencies=0 visited=10 exhausted=false
2026-09-12T20:40:41.341986Z TRACE logical_optimizer: declined logical rule rule="PullDependentFilter" reason="right_input_shape"
2026-09-12T20:40:41.342098Z TRACE logical_optimizer: applied logical rule rule="PullDependentFilterOverJoin"
2026-09-12T20:40:41.342194Z TRACE logical_optimizer: applied logical rule rule="MergeSelectInnerJoin"
2026-09-12T20:40:41.342286Z DEBUG logical_optimizer: applied=2 dependent_filters_pulled=1 remaining_dependencies=0 visited=10 exhausted=false
2026-09-12T20:40:41.342917Z TRACE logical_optimizer: declined logical rule rule="PullDependentFilter" reason="right_input_shape"
2026-09-12T20:40:41.343035Z TRACE logical_optimizer: applied logical rule rule="PullDependentFilterOverJoin"
2026-09-12T20:40:41.343130Z TRACE logical_optimizer: applied logical rule rule="MergeSelectInnerJoin"
2026-09-12T20:40:41.343249Z DEBUG logical_optimizer: applied=2 dependent_filters_pulled=1 remaining_dependencies=0 visited=10 exhausted=false
2026-09-12T20:40:41.343989Z TRACE logical_optimizer: declined logical rule rule="PullDependentFilter" reason="right_input_shape"
2026-09-12T20:40:41.344110Z TRACE logical_optimizer: applied logical rule rule="PullDependentFilterOverJoin"
2026-09-12T20:40:41.344209Z TRACE logical_optimizer: applied logical rule rule="MergeSelectInnerJoin"
2026-09-12T20:40:41.344306Z DEBUG logical_optimizer: applied=2 dependent_filters_pulled=1 remaining_dependencies=0 visited=10 exhausted=false
2026-09-12T20:40:41.360299Z DEBUG logical_optimizer: logical binding uses a legacy path reason="DISTINCT output mapping"
2026-09-12T20:40:41.360470Z DEBUG logical_optimizer: logical binding uses a legacy path reason="aggregate lowering"
2026-09-12T20:40:41.361299Z DEBUG logical_optimizer: logical binding uses a legacy path reason="DISTINCT output mapping"
2026-09-12T20:40:41.361397Z DEBUG logical_optimizer: logical binding uses a legacy path reason="aggregate lowering"
2026-09-12T20:40:41.362086Z TRACE logical_optimizer: applied logical rule rule="PullDependentFilter"
2026-09-12T20:40:41.362179Z DEBUG logical_optimizer: applied=1 dependent_filters_pulled=1 remaining_dependencies=0 visited=4 exhausted=false
2026-09-12T20:40:41.362812Z TRACE logical_optimizer: applied logical rule rule="PullDependentFilter"
2026-09-12T20:40:41.362909Z DEBUG logical_optimizer: applied=1 dependent_filters_pulled=1 remaining_dependencies=0 visited=4 exhausted=false
2026-09-12T20:40:41.365270Z DEBUG logical_optimizer: logical binding uses a legacy path reason="DISTINCT output mapping"
2026-09-12T20:40:41.365646Z DEBUG logical_optimizer: logical binding uses a legacy path reason="DISTINCT output mapping"
2026-09-12T20:40:41.366104Z DEBUG logical_optimizer: logical binding uses a legacy path reason="DISTINCT output mapping"
2026-09-12T20:40:41.366809Z TRACE logical_optimizer: declined logical rule rule="PullDependentFilter" reason="right_input_shape"
2026-09-12T20:40:41.366907Z TRACE logical_optimizer: applied logical rule rule="PullDependentFilterOverJoin"
2026-09-12T20:40:41.366979Z TRACE logical_optimizer: applied logical rule rule="MergeSelectInnerJoin"
2026-09-12T20:40:41.367083Z DEBUG logical_optimizer: applied=2 dependent_filters_pulled=1 remaining_dependencies=0 visited=10 exhausted=false
2026-09-12T20:40:41.367861Z TRACE logical_optimizer: declined logical rule rule="PullDependentFilter" reason="right_input_shape"
2026-09-12T20:40:41.367983Z TRACE logical_optimizer: applied logical rule rule="PullDependentFilterOverJoin"
2026-09-12T20:40:41.368076Z TRACE logical_optimizer: applied logical rule rule="MergeSelectInnerJoin"
2026-09-12T20:40:41.368183Z DEBUG logical_optimizer: applied=2 dependent_filters_pulled=1 remaining_dependencies=0 visited=10 exhausted=false
2026-09-12T20:40:41.368793Z TRACE logical_optimizer: declined logical rule rule="PullDependentFilter" reason="right_input_shape"
2026-09-12T20:40:41.368905Z TRACE logical_optimizer: applied logical rule rule="PullDependentFilterOverJoin"
2026-09-12T20:40:41.368999Z TRACE logical_optimizer: applied logical rule rule="MergeSelectInnerJoin"
2026-09-12T20:40:41.369107Z DEBUG logical_optimizer: applied=2 dependent_filters_pulled=1 remaining_dependencies=0 visited=10 exhausted=false
2026-09-12T20:40:41.369967Z TRACE logical_optimizer: declined logical rule rule="PullDependentFilter" reason="right_input_shape"
2026-09-12T20:40:41.370078Z TRACE logical_optimizer: applied logical rule rule="PullDependentFilterOverJoin"
2026-09-12T20:40:41.370166Z TRACE logical_optimizer: applied logical rule rule="MergeSelectInnerJoin"
2026-09-12T20:40:41.370260Z DEBUG logical_optimizer: applied=2 dependent_filters_pulled=1 remaining_dependencies=0 visited=10 exhausted=false
2026-09-12T20:40:41.371893Z DEBUG logical_optimizer: logical binding uses a legacy path reason="aggregate lowering"
2026-09-12T20:40:41.372670Z DEBUG logical_optimizer: logical binding uses a legacy path reason="aggregate lowering"
2026-09-12T20:40:41.380190Z DEBUG logical_optimizer: logical binding uses a legacy path reason="DISTINCT output mapping"
2026-09-12T20:40:41.380384Z DEBUG logical_optimizer: logical binding uses a legacy path reason="aggregate lowering"
2026-09-12T20:40:41.380533Z DEBUG logical_optimizer: logical binding uses a legacy path reason="value-producing subquery lowering"
2026-09-12T20:40:41.381737Z DEBUG logical_optimizer: logical binding uses a legacy path reason="DISTINCT output mapping"
2026-09-12T20:40:41.381884Z DEBUG logical_optimizer: logical binding uses a legacy path reason="aggregate lowering"
2026-09-12T20:40:41.382029Z DEBUG logical_optimizer: logical binding uses a legacy path reason="value-producing subquery lowering"
2026-09-12T20:40:41.383619Z DEBUG logical_optimizer: logical binding uses a legacy path reason="value-producing subquery lowering"
2026-09-12T20:40:41.383765Z DEBUG logical_optimizer: logical binding uses a legacy path reason="aggregate lowering"
2026-09-12T20:40:41.384286Z DEBUG logical_optimizer: logical binding uses a legacy path reason="value-producing subquery lowering"
2026-09-12T20:40:41.384417Z DEBUG logical_optimizer: logical binding uses a legacy path reason="aggregate lowering"
2026-09-12T20:40:41.384790Z DEBUG logical_optimizer: logical binding uses a legacy path reason="value-producing subquery lowering"
2026-09-12T20:40:41.384978Z DEBUG logical_optimizer: logical binding uses a legacy path reason="aggregate lowering"
2026-09-12T20:40:41.385843Z DEBUG logical_optimizer: logical binding uses a legacy path reason="value-producing subquery lowering"
2026-09-12T20:40:41.386665Z DEBUG logical_optimizer: logical binding uses a legacy path reason="value-producing subquery lowering"
2026-09-12T20:40:41.394056Z DEBUG logical_optimizer: logical binding uses a legacy path reason="DISTINCT output mapping"
2026-09-12T20:40:41.394612Z DEBUG logical_optimizer: logical binding uses a legacy path reason="DISTINCT output mapping"
2026-09-12T20:40:41.395344Z DEBUG logical_optimizer: logical binding uses a legacy path reason="value-producing subquery lowering"
2026-09-12T20:40:41.396105Z DEBUG logical_optimizer: logical binding uses a legacy path reason="value-producing subquery lowering"
2026-09-12T20:40:41.396906Z DEBUG logical_optimizer: logical binding uses a legacy path reason="value-producing subquery lowering"
2026-09-12T20:40:41.397710Z DEBUG logical_optimizer: logical binding uses a legacy path reason="value-producing subquery lowering"
2026-09-12T20:40:41.398642Z DEBUG logical_optimizer: logical binding uses a legacy path reason="value-producing subquery lowering"
2026-09-12T20:40:41.399206Z DEBUG logical_optimizer: logical binding uses a legacy path reason="value-producing subquery lowering"
2026-09-12T20:40:41.399596Z DEBUG logical_optimizer: logical binding uses a legacy path reason="value-producing subquery lowering"
2026-09-12T20:40:41.400314Z DEBUG logical_optimizer: logical binding uses a legacy path reason="value-producing subquery lowering"
2026-09-12T20:40:41.402075Z DEBUG logical_optimizer: logical binding uses a legacy path reason="value-producing subquery lowering"
2026-09-12T20:40:41.402977Z DEBUG logical_optimizer: logical binding uses a legacy path reason="value-producing subquery lowering"
2026-09-12T20:40:41.403653Z DEBUG logical_optimizer: logical binding uses a legacy path reason="value-producing subquery lowering"
2026-09-12T20:40:41.406199Z DEBUG logical_optimizer: logical binding uses a legacy path reason="aggregate lowering"
2026-09-12T20:40:41.406460Z DEBUG logical_optimizer: logical binding uses a legacy path reason="aggregate lowering"
2026-09-12T20:40:41.406703Z DEBUG logical_optimizer: logical binding uses a legacy path reason="value-producing subquery lowering"
2026-09-12T20:40:41.406869Z DEBUG logical_optimizer: logical binding uses a legacy path reason="aggregate lowering"
2026-09-12T20:40:41.410329Z DEBUG logical_optimizer: logical binding uses a legacy path reason="aggregate lowering"
2026-09-12T20:40:41.410616Z DEBUG logical_optimizer: logical binding uses a legacy path reason="aggregate lowering"
2026-09-12T20:40:41.410871Z DEBUG logical_optimizer: logical binding uses a legacy path reason="value-producing subquery lowering"
2026-09-12T20:40:41.411053Z DEBUG logical_optimizer: logical binding uses a legacy path reason="aggregate lowering"
2026-09-12T20:40:41.415909Z TRACE logical_optimizer: declined logical rule rule="PullDependentFilter" reason="right_input_shape"
2026-09-12T20:40:41.416149Z TRACE logical_optimizer: applied logical rule rule="PullDependentFilterOverJoin"
2026-09-12T20:40:41.416258Z TRACE logical_optimizer: applied logical rule rule="MergeSelectInnerJoin"
2026-09-12T20:40:41.416371Z DEBUG logical_optimizer: applied=2 dependent_filters_pulled=1 remaining_dependencies=0 visited=10 exhausted=false
2026-09-12T20:40:41.416986Z TRACE logical_optimizer: declined logical rule rule="PullDependentFilter" reason="right_input_shape"
2026-09-12T20:40:41.417108Z TRACE logical_optimizer: applied logical rule rule="PullDependentFilterOverJoin"
2026-09-12T20:40:41.417203Z TRACE logical_optimizer: applied logical rule rule="MergeSelectInnerJoin"
2026-09-12T20:40:41.417316Z DEBUG logical_optimizer: applied=2 dependent_filters_pulled=1 remaining_dependencies=0 visited=10 exhausted=false
2026-09-12T20:40:41.418003Z TRACE logical_optimizer: declined logical rule rule="PullDependentFilter" reason="right_input_shape"
2026-09-12T20:40:41.418192Z TRACE logical_optimizer: applied logical rule rule="PullDependentFilterOverJoin"
2026-09-12T20:40:41.418299Z TRACE logical_optimizer: applied logical rule rule="MergeSelectInnerJoin"
2026-09-12T20:40:41.418413Z DEBUG logical_optimizer: applied=2 dependent_filters_pulled=1 remaining_dependencies=0 visited=10 exhausted=false
2026-09-12T20:40:41.419204Z TRACE logical_optimizer: declined logical rule rule="PullDependentFilter" reason="right_input_shape"
2026-09-12T20:40:41.419324Z TRACE logical_optimizer: applied logical rule rule="PullDependentFilterOverJoin"
2026-09-12T20:40:41.419419Z TRACE logical_optimizer: applied logical rule rule="MergeSelectInnerJoin"
2026-09-12T20:40:41.419534Z DEBUG logical_optimizer: applied=2 dependent_filters_pulled=1 remaining_dependencies=0 visited=10 exhausted=false
2026-09-12T20:40:41.424995Z DEBUG logical_optimizer: logical binding uses a legacy path reason="value-producing subquery lowering"
2026-09-12T20:40:41.425205Z DEBUG logical_optimizer: logical binding uses a legacy path reason="value-producing subquery lowering"
2026-09-12T20:40:41.425365Z DEBUG logical_optimizer: logical binding uses a legacy path reason="value-producing subquery lowering"
2026-09-12T20:40:41.426497Z DEBUG logical_optimizer: logical binding uses a legacy path reason="value-producing subquery lowering"
2026-09-12T20:40:41.426655Z DEBUG logical_optimizer: logical binding uses a legacy path reason="value-producing subquery lowering"
2026-09-12T20:40:41.426807Z DEBUG logical_optimizer: logical binding uses a legacy path reason="value-producing subquery lowering"
2026-09-12T20:40:41.428061Z DEBUG logical_optimizer: logical binding uses a legacy path reason="value-producing subquery lowering"
2026-09-12T20:40:41.428226Z DEBUG logical_optimizer: logical binding uses a legacy path reason="value-producing subquery lowering"
2026-09-12T20:40:41.428393Z DEBUG logical_optimizer: logical binding uses a legacy path reason="value-producing subquery lowering"
2026-09-12T20:40:41.429722Z DEBUG logical_optimizer: logical binding uses a legacy path reason="value-producing subquery lowering"
2026-09-12T20:40:41.429879Z DEBUG logical_optimizer: logical binding uses a legacy path reason="value-producing subquery lowering"
2026-09-12T20:40:41.430019Z DEBUG logical_optimizer: logical binding uses a legacy path reason="value-producing subquery lowering"
2026-09-12T20:40:41.431742Z DEBUG logical_optimizer: logical binding uses a legacy path reason="aggregate lowering"
2026-09-12T20:40:41.432463Z DEBUG logical_optimizer: logical binding uses a legacy path reason="aggregate lowering"
2026-09-12T20:40:41.433121Z DEBUG logical_optimizer: logical binding uses a legacy path reason="aggregate lowering"
2026-09-12T20:40:41.433810Z DEBUG logical_optimizer: logical binding uses a legacy path reason="aggregate lowering"
2026-09-12T20:40:41.434618Z DEBUG logical_optimizer: logical binding uses a legacy path reason="value-producing subquery lowering"
2026-09-12T20:40:41.435063Z DEBUG logical_optimizer: logical binding uses a legacy path reason="value-producing subquery lowering"
2026-09-12T20:40:41.435535Z DEBUG logical_optimizer: logical binding uses a legacy path reason="DISTINCT output mapping"
2026-09-12T20:40:41.436105Z DEBUG logical_optimizer: logical binding uses a legacy path reason="DISTINCT output mapping"
2026-09-12T20:40:41.436787Z DEBUG logical_optimizer: logical binding uses a legacy path reason="DISTINCT output mapping"
2026-09-12T20:40:41.437607Z DEBUG logical_optimizer: logical binding uses a legacy path reason="DISTINCT output mapping"
2026-09-12T20:40:41.439480Z DEBUG logical_optimizer: logical binding uses a legacy path reason="aggregate lowering"
2026-09-12T20:40:41.440066Z DEBUG logical_optimizer: logical binding uses a legacy path reason="aggregate lowering"
2026-09-12T20:40:41.440629Z DEBUG logical_optimizer: logical binding uses a legacy path reason="aggregate lowering"
2026-09-12T20:40:41.441703Z DEBUG logical_optimizer: logical binding uses a legacy path reason="aggregate lowering"
2026-09-12T20:40:41.449819Z DEBUG logical_optimizer: logical binding uses a legacy path reason="value-producing subquery lowering"
2026-09-12T20:40:41.450645Z DEBUG logical_optimizer: logical binding uses a legacy path reason="value-producing subquery lowering"
2026-09-12T20:40:41.454079Z DEBUG logical_optimizer: logical binding uses a legacy path reason="value-producing subquery lowering"
2026-09-12T20:40:41.454899Z DEBUG logical_optimizer: logical binding uses a legacy path reason="value-producing subquery lowering"
2026-09-12T20:40:41.468758Z DEBUG logical_optimizer: logical binding uses a legacy path reason="aggregate lowering"
2026-09-12T20:40:41.469394Z DEBUG logical_optimizer: logical binding uses a legacy path reason="aggregate lowering"
2026-09-12T20:40:41.469882Z DEBUG logical_optimizer: logical binding uses a legacy path reason="aggregate lowering"
2026-09-12T20:40:41.470467Z DEBUG logical_optimizer: logical binding uses a legacy path reason="aggregate lowering"
2026-09-12T20:40:41.471289Z TRACE logical_optimizer: applied logical rule rule="PullDependentFilter"
2026-09-12T20:40:41.471439Z DEBUG logical_optimizer: applied=1 dependent_filters_pulled=1 remaining_dependencies=0 visited=5 exhausted=false
2026-09-12T20:40:41.471926Z TRACE logical_optimizer: applied logical rule rule="PullDependentFilter"
2026-09-12T20:40:41.472038Z DEBUG logical_optimizer: applied=1 dependent_filters_pulled=1 remaining_dependencies=0 visited=5 exhausted=false
2026-09-12T20:40:41.472429Z TRACE logical_optimizer: applied logical rule rule="PullDependentFilter"
2026-09-12T20:40:41.472547Z DEBUG logical_optimizer: applied=1 dependent_filters_pulled=1 remaining_dependencies=0 visited=5 exhausted=false
2026-09-12T20:40:41.473092Z TRACE logical_optimizer: applied logical rule rule="PullDependentFilter"
2026-09-12T20:40:41.473220Z DEBUG logical_optimizer: applied=1 dependent_filters_pulled=1 remaining_dependencies=0 visited=5 exhausted=false
2026-09-12T20:40:41.474215Z DEBUG logical_optimizer: logical binding uses a legacy path reason="DISTINCT output mapping"
2026-09-12T20:40:41.474735Z DEBUG logical_optimizer: logical binding uses a legacy path reason="DISTINCT output mapping"
2026-09-12T20:40:41.475477Z  INFO differential_fuzzer::runner: Running integrity check on both databases...
2026-09-12T20:40:41.476099Z  INFO differential_fuzzer::runner: Integrity check passed on both databases
2026-09-12T20:40:41.691728Z  INFO differential_fuzzer::runner: Wrote 1126 statements to simulator-output/test.sql
2026-09-12T20:40:41.702450Z  INFO differential_fuzzer::runner: Wrote coverage report to simulator-output/coverage.txt

+---------------------------------+--------+
| Simulation Results              | PASSED |
+==========================================+
| Seed                            | 54321  |
|---------------------------------+--------|
| Target Statements               | 1000   |
|---------------------------------+--------|
| Statements Executed             | 990    |
|---------------------------------+--------|
| Statements Skipped              | 10     |
|---------------------------------+--------|
| Warnings                        | 0      |
|---------------------------------+--------|
| Oracle Failures                 | 0      |
|---------------------------------+--------|
| Errors                          | 0      |
|---------------------------------+--------|
| Unnesting invariants            | 204    |
|---------------------------------+--------|
| Unnesting checks with same plan | 109    |
|---------------------------------+--------|
| Independent joined equivalents  | 105    |
+---------------------------------+--------+
2026-09-12T20:40:41.704621Z  INFO differential_fuzzer: Persisting database files to disk...
2026-09-12T20:40:41.704771Z  INFO differential_fuzzer::memory::io: Persisting simulator-output/test.db (4096 bytes)
2026-09-12T20:40:41.705184Z  INFO differential_fuzzer::memory::io: Persisting simulator-output/test.db-wal (276072 bytes)
2026-09-12T20:40:41.708593Z  INFO differential_fuzzer: Wrote schema to simulator-output/schema.json
